run_dir,run_name,organism,replica_count,sample_index,protein_length,num_fragments,fragment_bin,true_order_recovered,completed,shuffled_exact_match,shuffled_similarity,shuffled_edit_similarity,shuffled_adjacent_pair_acc,shuffled_longest_correct_run,shuffled_kendall_tau,deterministic_exact_match,deterministic_similarity,deterministic_edit_similarity,deterministic_adjacent_pair_acc,deterministic_longest_correct_run,deterministic_kendall_tau,control_exact_match,control_similarity,control_edit_similarity,control_adjacent_pair_acc,control_longest_correct_run,control_kendall_tau,agentic_exact_match,agentic_similarity,agentic_edit_similarity,agentic_adjacent_pair_acc,agentic_longest_correct_run,agentic_kendall_tau,oracle_exact_match,oracle_similarity,oracle_edit_similarity,oracle_adjacent_pair_acc,oracle_longest_correct_run,oracle_kendall_tau,nterm_correct,nterm_correct_shuffled,breakpoints,breakpoints_normalized,error_class,validity_concordance,validity_comparable_pairs,best_iteration,num_iterations,best_validity_score,first_pass_validity_score,control_validity_score,control_best_iteration,llm_calls,llm_tokens,llm_failures,duration_seconds,agentic_duration_seconds,control_duration_seconds,num_pruned,total_junctions,pruned_pct,num_confirmed_adjacencies
130726_224804_agentic,"Agentic Evaluation (E. coli, esm_small, r100)",E. coli,100,1,149,11,10-19,1,1,0.0,0.48322147651006714,,0.1,0.18181818181818182,0.09090909090909091,1.0,1.0,1.0,1.0,1.0,1.0,1.0,1.0,1.0,1.0,1.0,1.0,1.0,1.0,1.0,1.0,1.0,1.0,1.0,1.0,1.0,1.0,1.0,1.0,1,0,0.0,0.0,exact,,0,1,5,2.6144120771051247,2.6144120771051247,2.6144120771051247,1,4,5976,0,35.132365465164185,32.31974411010742,2.66306471824646,10,110,9.090909090909092,9
130726_224804_agentic,"Agentic Evaluation (E. coli, esm_small, r100)",E. coli,100,2,179,11,10-19,1,1,0.0,0.553072625698324,,0.2,0.18181818181818182,-0.23636363636363636,0.0,0.8938547486033519,0.7877094972067039,0.8,0.45454545454545453,0.7090909090909091,0.0,0.8938547486033519,0.7877094972067039,0.8,0.45454545454545453,0.7090909090909091,0.0,0.8938547486033519,0.7877094972067039,0.8,0.45454545454545453,0.7090909090909091,1.0,1.0,1.0,1.0,1.0,1.0,1,0,1.9999999999999996,0.19999999999999996,partial_assembly,0.0,6,1,5,15.032549568546798,15.032549568546798,15.032549568546798,1,4,6217,0,36.6149365901947,32.75556516647339,3.7087528705596924,10,110,9.090909090909092,9
130726_224804_agentic,"Agentic Evaluation (E. coli, esm_small, r100)",E. coli,100,3,87,7,5-9,1,1,0.0,0.8620689655172413,,0.0,0.14285714285714285,0.3333333333333333,1.0,1.0,1.0,1.0,1.0,1.0,1.0,1.0,1.0,1.0,1.0,1.0,1.0,1.0,1.0,1.0,1.0,1.0,1.0,1.0,1.0,1.0,1.0,1.0,1,0,0.0,0.0,exact,,0,1,5,1.0,1.0,1.0,1,4,6086,0,26.101513624191284,24.58541202545166,1.355780839920044,6,42,14.285714285714285,6
130726_224804_agentic,"Agentic Evaluation (E. coli, esm_small, r100)",E. coli,100,4,272,15,10-19,1,1,0.0,0.5110294117647058,,0.0,0.06666666666666667,-0.06666666666666667,0.0,0.7941176470588235,0.5882352941176471,0.7142857142857143,0.4,0.4857142857142857,0.0,0.7941176470588235,0.5882352941176471,0.7142857142857143,0.4,0.4857142857142857,0.0,0.7941176470588235,0.5882352941176471,0.7142857142857143,0.4,0.4857142857142857,1.0,1.0,1.0,1.0,1.0,1.0,1,0,4.0,0.2857142857142857,partial_assembly,0.0,6,1,5,9.864652172747329,9.864652172747329,9.864652172747329,1,4,6559,0,34.56439137458801,28.987926721572876,5.421103000640869,14,210,6.666666666666667,14
130726_224804_agentic,"Agentic Evaluation (E. coli, esm_small, r100)",E. coli,100,5,216,17,10-19,1,1,0.0,0.1712962962962963,,0.125,0.11764705882352941,-0.23529411764705882,0.0,0.5925925925925926,0.7685185185185185,0.6875,0.47058823529411764,0.7647058823529411,0.0,0.5925925925925926,0.8055555555555556,0.8125,0.47058823529411764,0.7794117647058824,0.0,0.5925925925925926,0.8055555555555556,0.8125,0.47058823529411764,0.7794117647058824,0.0,0.5925925925925926,0.8055555555555556,0.8125,0.47058823529411764,0.8529411764705882,1,0,3.0,0.1875,partial_assembly,1.0,7,2,5,15.57891694140319,15.885681701720475,15.57891694140319,5,4,6052,0,27.40618348121643,22.92120862007141,4.3393166065216064,16,272,5.88235294117647,17
130726_224804_agentic,"Agentic Evaluation (E. coli, esm_small, r100)",E. coli,100,6,831,51,50+,1,1,0.0,0.010830324909747292,,0.04,0.0392156862745098,0.029019607843137254,0.0,0.11070998796630566,0.36823104693140796,0.6,0.17647058823529413,0.26745098039215687,0.0,0.246690734055355,0.45126353790613716,0.74,0.21568627450980393,0.2831372549019608,0.0,0.4717208182912154,0.39831528279181705,0.78,0.23529411764705882,0.44,0.0,0.4717208182912154,0.4223826714801444,0.8,0.29411764705882354,0.44,1,0,10.999999999999998,0.21999999999999997,partial_assembly,0.7777777777777778,9,2,5,14.872995161097526,18.675224955584774,15.071787908645993,2,4,5729,0,124.94519639015198,86.85608386993408,37.93821334838867,50,2550,1.9607843137254901,49
130726_224804_agentic,"Agentic Evaluation (E. coli, esm_small, r100)",E. coli,100,7,326,30,20-49,1,1,0.0,0.1901840490797546,,0.034482758620689655,0.06666666666666667,-0.17701149425287357,0.0,0.26993865030674846,0.5306748466257669,0.6896551724137931,0.43333333333333335,0.7425287356321839,0.0,0.26993865030674846,0.3742331288343558,0.6551724137931034,0.2,0.4942528735632184,0.0,0.26993865030674846,0.33742331288343563,0.6551724137931034,0.23333333333333334,0.296551724137931,0.0,0.7055214723926381,0.8006134969325154,0.7241379310344828,0.5,0.7425287356321839,1,0,10.0,0.3448275862068966,partial_assembly,0.5555555555555556,9,2,5,17.69950277554356,20.473399279688586,17.191407729431056,3,4,6003,0,42.817866802215576,33.86214351654053,8.811340093612671,29,870,3.3333333333333335,29
130726_224804_agentic,"Agentic Evaluation (E. coli, esm_small, r100)",E. coli,100,8,292,16,10-19,1,1,0.0,0.0958904109589041,,0.0,0.0625,0.05,0.0,0.5,0.9315068493150684,0.6666666666666666,0.5625,0.7666666666666667,0.0,0.6198630136986302,0.6232876712328768,0.8666666666666667,0.5,0.75,0.0,0.6198630136986302,0.6232876712328768,0.8666666666666667,0.5,0.75,0.0,0.678082191780822,0.9315068493150684,0.8666666666666667,0.5625,0.9166666666666666,1,0,1.9999999999999996,0.1333333333333333,local_transposition,1.0,8,2,5,17.95516959269384,20.63844784243772,17.95516959269384,2,4,5723,0,32.574910163879395,27.54603600502014,4.888087511062622,15,240,6.25,16
130726_224804_agentic,"Agentic Evaluation (E. coli, esm_small, r100)",E. coli,100,9,311,12,10-19,1,1,0.0,0.028938906752411574,,0.0,0.08333333333333333,-0.21212121212121213,1.0,1.0,1.0,1.0,1.0,1.0,1.0,1.0,1.0,1.0,1.0,1.0,1.0,1.0,1.0,1.0,1.0,1.0,1.0,1.0,1.0,1.0,1.0,1.0,1,0,0.0,0.0,exact,,0,1,5,14.342686981907054,14.342686981907054,14.342686981907054,1,4,5851,0,35.635720014572144,31.43411087989807,4.053273916244507,11,132,8.333333333333332,10
130726_224804_agentic,"Agentic Evaluation (E. coli, esm_small, r100)",E. coli,100,10,172,11,10-19,1,1,0.0,0.36627906976744184,,0.2,0.18181818181818182,0.16363636363636364,0.0,0.9941860465116279,0.9883720930232558,0.8,0.5454545454545454,0.7818181818181819,0.0,0.9941860465116279,0.9883720930232558,0.8,0.5454545454545454,0.7818181818181819,0.0,0.9941860465116279,0.9883720930232558,0.8,0.5454545454545454,0.7818181818181819,1.0,1.0,1.0,1.0,1.0,1.0,1,0,1.9999999999999996,0.19999999999999996,local_transposition,0.25,8,1,5,16.110773723115795,16.110773723115795,16.110773723115795,1,4,6463,0,35.35324478149414,31.87434220314026,3.3263580799102783,10,110,9.090909090909092,10
130726_224804_agentic,"Agentic Evaluation (E. coli, esm_small, r100)",E. coli,100,11,686,42,20-49,1,1,0.0,0.15160349854227406,,0.04878048780487805,0.047619047619047616,0.07317073170731707,0.0,0.052478134110787174,0.24927113702623904,0.6341463414634146,0.2857142857142857,-0.27526132404181186,0.0,0.6341107871720116,0.2857142857142857,0.7804878048780488,0.5238095238095238,0.28222996515679444,0.0,0.052478134110787174,0.2142857142857143,0.8048780487804879,0.5238095238095238,0.005807200929152149,0.0,0.6341107871720116,0.2857142857142857,0.8048780487804879,0.5238095238095238,0.29152148664343785,1,0,7.999999999999998,0.19512195121951215,partial_assembly,0.8888888888888888,9,5,5,16.677295484357757,18.202492645509157,17.016437541492902,3,4,6140,0,80.12490916252136,62.232524156570435,17.71297335624695,41,1722,2.380952380952381,37
130726_224804_agentic,"Agentic Evaluation (E. coli, esm_small, r100)",E. coli,100,12,94,9,5-9,1,1,0.0,0.8191489361702128,,0.125,0.2222222222222222,0.2777777777777778,1.0,1.0,1.0,1.0,1.0,1.0,1.0,1.0,1.0,1.0,1.0,1.0,1.0,1.0,1.0,1.0,1.0,1.0,1.0,1.0,1.0,1.0,1.0,1.0,1,1,0.0,0.0,exact,,0,1,5,1.0,1.0,1.0,1,4,5946,0,33.94806170463562,31.394766092300415,2.3916499614715576,8,72,11.11111111111111,8
130726_224804_agentic,"Agentic Evaluation (E. coli, esm_small, r100)",E. coli,100,13,170,10,10-19,1,1,0.0,0.7352941176470589,,0.1111111111111111,0.2,0.3333333333333333,1.0,1.0,1.0,1.0,1.0,1.0,1.0,1.0,1.0,1.0,1.0,1.0,1.0,1.0,1.0,1.0,1.0,1.0,1.0,1.0,1.0,1.0,1.0,1.0,1,1,0.0,0.0,exact,,0,1,5,1.0,1.0,1.0,1,4,6124,0,32.00226283073425,29.865405797958374,1.9550502300262451,9,90,10.0,9
130726_224804_agentic,"Agentic Evaluation (E. coli, esm_small, r100)",E. coli,100,14,51,8,5-9,1,1,0.0,0.5490196078431373,,0.14285714285714285,0.25,-0.21428571428571427,1.0,1.0,1.0,1.0,1.0,1.0,1.0,1.0,1.0,1.0,1.0,1.0,1.0,1.0,1.0,1.0,1.0,1.0,1.0,1.0,1.0,1.0,1.0,1.0,1,0,0.0,0.0,exact,,0,1,5,1.0,1.0,1.0,1,4,6545,0,33.98516130447388,31.395587682724,2.4289934635162354,7,56,12.5,7
130726_224804_agentic,"Agentic Evaluation (E. coli, esm_small, r100)",E. coli,100,15,63,4,2-4,1,1,0.0,0.42857142857142855,,0.0,0.25,-0.3333333333333333,1.0,1.0,1.0,1.0,1.0,1.0,1.0,1.0,1.0,1.0,1.0,1.0,1.0,1.0,1.0,1.0,1.0,1.0,1.0,1.0,1.0,1.0,1.0,1.0,1,0,0.0,0.0,exact,,0,1,5,1.0,1.0,1.0,1,4,6084,0,27.939558267593384,26.15488290786743,1.6413710117340088,3,12,25.0,3
130726_224804_agentic,"Agentic Evaluation (E. coli, esm_small, r100)",E. coli,100,16,31,1,<2,1,1,1.0,1.0,,0.0,1.0,0.0,1.0,1.0,1.0,0.0,1.0,0.0,1.0,1.0,1.0,0.0,1.0,0.0,1.0,1.0,1.0,0.0,1.0,0.0,1.0,1.0,1.0,0.0,1.0,0.0,1,1,,,exact,,0,1,5,,,,1,4,5148,0,22.171037673950195,21.208943128585815,0.8048398494720459,0,0,0.0,0
130726_224804_agentic,"Agentic Evaluation (E. coli, esm_small, r100)",E. coli,100,17,98,7,5-9,1,1,0.0,0.7346938775510204,,0.0,0.14285714285714285,0.14285714285714285,1.0,1.0,1.0,1.0,1.0,1.0,1.0,1.0,1.0,1.0,1.0,1.0,1.0,1.0,1.0,1.0,1.0,1.0,1.0,1.0,1.0,1.0,1.0,1.0,1,0,0.0,0.0,exact,,0,1,5,1.0,1.0,1.0,1,4,6326,0,28.395272731781006,26.228859663009644,2.015094757080078,0,42,0.0,6
130726_224804_agentic,"Agentic Evaluation (E. coli, esm_small, r100)",E. coli,100,18,702,65,50+,1,1,0.0,0.01566951566951567,,0.09375,0.03076923076923077,-0.09423076923076923,0.0,0.5413105413105413,0.5982905982905983,0.703125,0.3076923076923077,0.7115384615384616,0.0,0.6481481481481481,0.603988603988604,0.8125,0.3076923076923077,0.6653846153846154,0.0,0.7592592592592593,0.6068376068376069,0.828125,0.3076923076923077,0.7625,0.0,0.7592592592592593,0.6396011396011396,0.828125,0.3076923076923077,0.7625,1,0,11.0,0.171875,partial_assembly,1.0,10,3,5,12.849382906196267,16.639459078376646,13.585176938728953,2,4,6018,0,110.45000553131104,82.55457258224487,27.702581882476807,64,4160,1.5384615384615385,66
130726_224804_agentic,"Agentic Evaluation (E. coli, esm_small, r100)",E. coli,100,19,400,30,20-49,1,1,0.0,0.0075,,0.034482758620689655,0.06666666666666667,0.12183908045977011,1.0,1.0,1.0,1.0,1.0,1.0,1.0,1.0,1.0,1.0,1.0,1.0,1.0,1.0,1.0,1.0,1.0,1.0,1.0,1.0,1.0,1.0,1.0,1.0,1,0,0.0,0.0,exact,,0,1,5,1.025,1.025,1.025,1,4,6319,0,42.243144512176514,35.46772480010986,6.620330095291138,29,870,3.3333333333333335,30
130726_224804_agentic,"Agentic Evaluation (E. coli, esm_small, r100)",E. coli,100,20,220,9,5-9,1,1,0.0,0.17727272727272728,,0.0,0.1111111111111111,0.2777777777777778,1.0,1.0,1.0,1.0,1.0,1.0,1.0,1.0,1.0,1.0,1.0,1.0,1.0,1.0,1.0,1.0,1.0,1.0,1.0,1.0,1.0,1.0,1.0,1.0,1,1,0.0,0.0,exact,,0,1,5,1.0,1.0,1.0,1,4,6228,0,33.57713055610657,30.696930646896362,2.7105841636657715,8,72,11.11111111111111,8
130726_224804_agentic,"Agentic Evaluation (E. coli, esm_small, r100)",E. coli,100,21,306,18,10-19,1,1,0.0,0.0,,0.0,0.05555555555555555,-0.30718954248366015,0.0,0.05555555555555555,0.39542483660130723,0.7058823529411765,0.3333333333333333,0.6862745098039216,0.0,0.05555555555555555,0.4738562091503268,0.8235294117647058,0.4444444444444444,0.7647058823529411,0.0,0.05555555555555555,0.4738562091503268,0.8235294117647058,0.4444444444444444,0.7647058823529411,0.0,0.05555555555555555,0.4738562091503268,0.8235294117647058,0.4444444444444444,0.7647058823529411,1,0,3.000000000000001,0.17647058823529416,partial_assembly,1.0,6,2,5,16.581635133816008,19.37214173387491,16.581635133816008,2,4,5860,0,36.78564429283142,31.139938592910767,5.502512454986572,17,306,5.555555555555555,14
130726_224804_agentic,"Agentic Evaluation (E. coli, esm_small, r100)",E. coli,100,22,336,25,20-49,1,1,0.0,0.2261904761904762,,0.0,0.04,-0.006666666666666667,1.0,1.0,1.0,1.0,1.0,1.0,1.0,1.0,1.0,1.0,1.0,1.0,1.0,1.0,1.0,1.0,1.0,1.0,1.0,1.0,1.0,1.0,1.0,1.0,1,0,0.0,0.0,exact,,0,1,5,3.2151134787799998,3.2151134787799998,3.2151134787799998,1,4,6294,0,50.3597891330719,44.50315475463867,5.713041067123413,0,600,0.0,23
130726_224804_agentic,"Agentic Evaluation (E. coli, esm_small, r100)",E. coli,100,23,491,13,10-19,1,1,0.0,0.012219959266802444,,0.25,0.23076923076923078,0.0,0.0,0.4154786150712831,0.5030549898167006,0.5833333333333334,0.23076923076923078,0.0,0.0,0.4989816700610998,0.7393075356415479,0.75,0.46153846153846156,0.8974358974358975,0.0,0.4989816700610998,0.7393075356415479,0.75,0.46153846153846156,0.8974358974358975,0.0,0.5010183299389002,0.7393075356415479,0.75,0.46153846153846156,0.8974358974358975,1,0,3.0,0.25,partial_assembly,1.0,4,2,5,8.927462408735334,13.018492926934858,8.927462408735334,2,4,6001,0,36.69689607620239,32.50810933113098,4.021338701248169,12,156,7.6923076923076925,7
130726_224804_agentic,"Agentic Evaluation (E. coli, esm_small, r100)",E. coli,100,24,458,28,20-49,1,1,0.0,0.08296943231441048,,0.0,0.03571428571428571,0.164021164021164,0.0,0.6419213973799127,0.7336244541484715,0.8518518518518519,0.5714285714285714,0.7354497354497355,0.0,0.6419213973799127,0.74235807860262,0.8148148148148148,0.5714285714285714,0.7142857142857143,0.0,0.6419213973799127,0.7336244541484715,0.9259259259259259,0.5714285714285714,0.8148148148148148,1.0,1.0,1.0,1.0,1.0,1.0,1,0,2.0,0.07407407407407407,local_transposition,0.375,8,4,5,21.087977601806454,21.305651144925655,18.847788374300645,4,4,6137,0,43.72354173660278,35.995505809783936,7.57904314994812,0,756,0.0,29
130726_224804_agentic,"Agentic Evaluation (E. coli, esm_small, r100)",E. coli,100,25,69,9,5-9,1,1,0.0,0.5217391304347826,,0.375,0.4444444444444444,0.05555555555555555,0.0,0.855072463768116,0.7101449275362319,0.75,0.7777777777777778,0.9444444444444444,0.0,0.855072463768116,0.7101449275362319,0.75,0.7777777777777778,0.9444444444444444,0.0,0.855072463768116,0.7101449275362319,0.75,0.7777777777777778,0.9444444444444444,0.0,0.855072463768116,0.7101449275362319,0.75,0.7777777777777778,0.9444444444444444,1,0,2.0,0.25,local_transposition,,0,1,5,12.972560664161682,12.972560664161682,12.972560664161682,1,4,5932,0,27.867482662200928,25.03968572616577,2.6685776710510254,0,72,0.0,6
130726_224804_agentic,"Agentic Evaluation (E. coli, esm_small, r100)",E. coli,100,26,406,25,20-49,1,1,0.0,0.0,,0.041666666666666664,0.08,-0.24,0.0,0.046798029556650245,0.46798029556650245,0.7916666666666666,0.48,-0.06,0.0,0.046798029556650245,0.5665024630541872,0.75,0.36,0.58,1.0,1.0,1.0,1.0,1.0,1.0,1.0,1.0,1.0,1.0,1.0,1.0,1,0,0.0,0.0,exact,0.5714285714285714,7,3,5,17.872137566998326,19.46116266115487,18.708232677487704,3,4,6168,0,38.77317500114441,30.79926300048828,7.831784725189209,24,600,4.0,20
130726_224804_agentic,"Agentic Evaluation (E. coli, esm_small, r100)",E. coli,100,27,347,24,20-49,1,1,0.0,0.23054755043227665,,0.0,0.041666666666666664,0.06521739130434782,0.0,0.30547550432276654,0.40634005763688763,0.7391304347826086,0.4166666666666667,0.7463768115942029,0.0,0.12103746397694524,0.34005763688760804,0.782608695652174,0.375,0.572463768115942,0.0,0.30547550432276654,0.4034582132564841,0.782608695652174,0.4166666666666667,0.7536231884057971,0.0,0.30547550432276654,0.5561959654178674,0.8695652173913043,0.4583333333333333,0.9202898550724637,1,0,4.999999999999999,0.21739130434782605,partial_assembly,0.4444444444444444,9,2,5,17.00999265051587,18.476894652094348,16.55886750267178,5,4,6226,0,38.26683831214905,30.765340089797974,7.361735820770264,23,552,4.166666666666666,21
130726_224804_agentic,"Agentic Evaluation (E. coli, esm_small, r100)",E. coli,100,28,1018,71,50+,1,1,0.0,0.0825147347740668,,0.014285714285714285,0.028169014084507043,0.026156941649899398,0.0,0.13163064833005894,0.3929273084479371,0.6857142857142857,0.14084507042253522,0.21207243460764588,0.0,0.13261296660117877,0.29862475442043224,0.8571428571428571,0.352112676056338,0.34164989939637824,0.0,0.13261296660117877,0.29862475442043224,0.8571428571428571,0.352112676056338,0.34164989939637824,0.0,0.13261296660117877,0.3929273084479371,0.8714285714285714,0.4225352112676056,0.36579476861167004,1,1,10.000000000000004,0.1428571428571429,partial_assembly,0.9,10,2,5,13.098139483055974,17.28896361419934,13.098139483055974,4,4,5997,0,115.90803718566895,79.39863419532776,36.357300758361816,0,4970,0.0,67
130726_224804_agentic,"Agentic Evaluation (E. coli, esm_small, r100)",E. coli,100,29,474,31,20-49,1,1,0.0,0.13924050632911392,,0.03333333333333333,0.06451612903225806,-0.03655913978494624,0.0,0.310126582278481,0.49367088607594933,0.6333333333333333,0.3548387096774194,0.5913978494623656,1.0,1.0,1.0,1.0,1.0,1.0,1.0,1.0,1.0,1.0,1.0,1.0,1.0,1.0,1.0,1.0,1.0,1.0,1,0,0.0,0.0,exact,0.7777777777777778,9,3,5,16.764585434147,20.463779918775415,16.764585434147,5,4,5974,0,44.58507061004639,38.0740385055542,6.359867334365845,30,930,3.225806451612903,27
130726_224804_agentic,"Agentic Evaluation (E. coli, esm_small, r100)",E. coli,100,30,355,29,20-49,1,1,0.0,0.005633802816901409,,0.0,0.034482758620689655,-0.029556650246305417,0.0,0.3183098591549296,0.49859154929577465,0.7857142857142857,0.41379310344827586,0.2955665024630542,0.0,0.3183098591549296,0.49859154929577465,0.7857142857142857,0.41379310344827586,0.2955665024630542,0.0,0.3183098591549296,0.49859154929577465,0.7857142857142857,0.41379310344827586,0.2955665024630542,0.0,0.6056338028169014,0.7971830985915493,0.8928571428571429,0.6206896551724138,0.9753694581280788,0,0,6.0,0.21428571428571427,wrong_start,0.3333333333333333,9,1,5,18.31285840561649,18.31285840561649,18.31285840561649,1,4,6052,0,42.12953996658325,33.60472631454468,8.387468338012695,28,812,3.4482758620689653,25
130726_224804_agentic,"Agentic Evaluation (E. coli, esm_small, r100)",E. coli,100,31,412,16,10-19,1,1,0.0,0.01699029126213592,,0.06666666666666667,0.125,0.4166666666666667,0.0,0.14805825242718446,0.28398058252427183,0.6666666666666666,0.625,0.2833333333333333,0.0,0.42961165048543687,0.6553398058252426,0.8666666666666667,0.75,0.8,1.0,1.0,1.0,1.0,1.0,1.0,1.0,1.0,1.0,1.0,1.0,1.0,1,1,0.0,0.0,exact,0.8888888888888888,9,3,5,15.123687470422501,19.30169624113639,16.003847070731798,3,4,5859,0,35.27588701248169,29.339013814926147,5.786550521850586,15,240,6.25,12
130726_224804_agentic,"Agentic Evaluation (E. coli, esm_small, r100)",E. coli,100,32,505,32,20-49,1,1,0.0,0.039603960396039604,,0.03225806451612903,0.0625,0.06048387096774194,0.0,0.42376237623762375,0.35247524752475246,0.5161290322580645,0.15625,0.25,0.0,0.6871287128712872,0.5227722772277228,0.7419354838709677,0.46875,0.2862903225806452,0.0,0.6613861386138614,0.5247524752475248,0.7741935483870968,0.375,0.04838709677419355,0.0,0.689108910891089,0.5287128712871287,0.8064516129032258,0.40625,0.3387096774193548,1,0,7.000000000000001,0.22580645161290325,partial_assembly,0.75,8,5,5,14.356583415180348,20.868598810023474,16.70748283465743,4,4,5871,0,59.576432943344116,42.183146953582764,17.251869201660156,0,992,0.0,29
130726_224804_agentic,"Agentic Evaluation (E. coli, esm_small, r100)",E. coli,100,33,399,14,10-19,1,1,0.0,0.09523809523809523,,0.07692307692307693,0.14285714285714285,0.16483516483516483,0.0,0.7493734335839599,0.6666666666666667,0.6153846153846154,0.42857142857142855,0.6263736263736264,0.0,0.7493734335839599,0.8897243107769424,0.7692307692307693,0.42857142857142855,0.7802197802197802,0.0,0.7493734335839599,0.8897243107769424,0.7692307692307693,0.42857142857142855,0.7802197802197802,0.0,0.7518796992481203,0.8897243107769424,0.7692307692307693,0.42857142857142855,0.7802197802197802,1,0,2.9999999999999996,0.23076923076923073,partial_assembly,1.0,7,4,5,8.940801604449229,10.836401133765834,8.940801604449229,5,4,6419,0,36.43195152282715,32.02577614784241,4.262417554855347,0,182,0.0,9
130726_224804_agentic,"Agentic Evaluation (E. coli, esm_small, r100)",E. coli,100,34,160,12,10-19,1,1,0.0,0.4875,,0.0,0.08333333333333333,-0.3333333333333333,0.0,0.60625,0.525,0.2727272727272727,0.25,-0.030303030303030304,1.0,1.0,1.0,1.0,1.0,1.0,1.0,1.0,1.0,1.0,1.0,1.0,1.0,1.0,1.0,1.0,1.0,1.0,1,0,0.0,0.0,exact,1.0,4,2,5,19.29730305847449,24.807640767026285,19.29730305847449,2,4,5672,0,32.73509979248047,29.23450994491577,3.3251075744628906,11,132,8.333333333333332,9
130726_224804_agentic,"Agentic Evaluation (E. coli, esm_small, r100)",E. coli,100,35,107,5,5-9,1,1,0.0,0.8130841121495327,,0.5,0.6,-0.4,1.0,1.0,1.0,1.0,1.0,1.0,1.0,1.0,1.0,1.0,1.0,1.0,1.0,1.0,1.0,1.0,1.0,1.0,1.0,1.0,1.0,1.0,1.0,1.0,1,0,0.0,0.0,exact,,0,1,5,1.0,1.0,1.0,1,4,6428,0,28.444658041000366,26.646992921829224,1.6570043563842773,4,20,20.0,4
130726_224804_agentic,"Agentic Evaluation (E. coli, esm_small, r100)",E. coli,100,36,186,19,10-19,1,1,0.0,0.7043010752688172,,0.0,0.05263157894736842,0.04093567251461988,0.0,0.9946236559139785,0.989247311827957,0.8888888888888888,0.8421052631578947,0.9766081871345029,0.0,0.9946236559139785,0.989247311827957,0.8888888888888888,0.8947368421052632,0.9883040935672515,0.0,0.9946236559139785,0.989247311827957,0.8888888888888888,0.8947368421052632,0.9883040935672515,1.0,1.0,1.0,1.0,1.0,1.0,1,0,2.000000000000001,0.11111111111111116,partial_assembly,0.3333333333333333,6,2,5,18.66181809724059,21.20298480246662,18.66181809724059,2,4,6090,0,29.0021550655365,25.12995672225952,3.720228433609009,18,342,5.263157894736842,18
130726_224804_agentic,"Agentic Evaluation (E. coli, esm_small, r100)",E. coli,100,37,301,23,20-49,1,1,0.0,0.11627906976744186,,0.0,0.043478260869565216,-0.16996047430830039,1.0,1.0,1.0,1.0,1.0,1.0,1.0,1.0,1.0,1.0,1.0,1.0,1.0,1.0,1.0,1.0,1.0,1.0,1.0,1.0,1.0,1.0,1.0,1.0,1,0,0.0,0.0,exact,,0,1,5,1.0625,1.0625,1.0625,1,4,6213,0,33.75249147415161,30.12097716331482,3.4924066066741943,22,506,4.3478260869565215,24
130726_224804_agentic,"Agentic Evaluation (E. coli, esm_small, r100)",E. coli,100,38,506,34,20-49,1,1,0.0,0.12845849802371542,,0.0,0.029411764705882353,-0.008912655971479501,0.0,0.32608695652173914,0.47430830039525695,0.8181818181818182,0.4117647058823529,0.5935828877005348,0.0,0.741106719367589,0.5059288537549407,0.8787878787878788,0.4117647058823529,0.5828877005347594,0.0,0.5375494071146245,0.5494071146245059,0.8484848484848485,0.4117647058823529,0.6577540106951871,0.0,0.8023715415019763,0.7687747035573123,0.9090909090909091,0.4117647058823529,0.8467023172905526,1,0,4.999999999999999,0.1515151515151515,partial_assembly,0.25,8,3,5,13.950450765212537,15.808646241834019,13.59399547121656,5,4,6350,0,57.74339032173157,46.97208881378174,10.622392416000366,33,1122,2.941176470588235,33
130726_224804_agentic,"Agentic Evaluation (E. coli, esm_small, r100)",E. coli,100,39,21,3,2-4,1,1,0.0,0.7142857142857143,,0.0,0.3333333333333333,0.3333333333333333,1.0,1.0,1.0,1.0,1.0,1.0,1.0,1.0,1.0,1.0,1.0,1.0,1.0,1.0,1.0,1.0,1.0,1.0,1.0,1.0,1.0,1.0,1.0,1.0,1,0,0.0,0.0,exact,,0,1,5,1.0,1.0,1.0,1,4,6701,0,35.56865620613098,33.641772985458374,1.78120756149292,2,6,33.33333333333333,2
130726_224804_agentic,"Agentic Evaluation (E. coli, esm_small, r100)",E. coli,100,40,88,5,5-9,1,1,0.0,0.5795454545454546,,0.25,0.4,0.4,1.0,1.0,1.0,1.0,1.0,1.0,1.0,1.0,1.0,1.0,1.0,1.0,1.0,1.0,1.0,1.0,1.0,1.0,1.0,1.0,1.0,1.0,1.0,1.0,1,1,0.0,0.0,exact,,0,1,5,1.0,1.0,1.0,1,4,6335,0,28.13691735267639,26.520339250564575,1.468496561050415,4,20,20.0,4
130726_224804_agentic,"Agentic Evaluation (E. coli, esm_small, r100)",E. coli,100,41,313,23,20-49,1,1,0.0,0.19808306709265175,,0.13636363636363635,0.13043478260869565,-0.2490118577075099,0.0,0.9584664536741214,0.9169329073482428,0.8636363636363636,0.8695652173913043,0.9762845849802372,1.0,1.0,1.0,1.0,1.0,1.0,1.0,1.0,1.0,1.0,1.0,1.0,1.0,1.0,1.0,1.0,1.0,1.0,1,0,0.0,0.0,exact,1.0,4,2,5,15.808657573628786,20.29607500107824,15.808657573628786,2,4,6084,0,37.74909949302673,32.42893695831299,5.175015926361084,22,506,4.3478260869565215,22
130726_224804_agentic,"Agentic Evaluation (E. coli, esm_small, r100)",E. coli,100,42,726,50,50+,1,1,0.0,0.046831955922865015,,0.02040816326530612,0.04,-0.012244897959183673,0.0,0.10330578512396695,0.2672176308539945,0.6530612244897959,0.16,0.022040816326530613,0.0,0.10330578512396695,0.278236914600551,0.6530612244897959,0.12,0.10204081632653061,0.0,0.10330578512396695,0.35674931129476584,0.7551020408163265,0.32,0.5102040816326531,0.0,0.10330578512396695,0.35674931129476584,0.7755102040816326,0.32,0.5102040816326531,1,0,12.000000000000002,0.24489795918367352,partial_assembly,0.7777777777777778,9,5,5,13.890706695521443,15.078051959971516,13.451103842129388,2,4,5986,0,85.2621476650238,67.87046933174133,17.243400812149048,49,2450,2.0,41
130726_224804_agentic,"Agentic Evaluation (E. coli, esm_small, r100)",E. coli,100,43,1426,113,50+,1,1,0.0,0.011921458625525946,,0.0,0.008849557522123894,0.06163084702907712,0.0,0.2868162692847125,0.7215988779803646,0.8839285714285714,0.40707964601769914,0.5739570164348925,0.0,0.28751753155680226,0.6395511921458625,0.8303571428571429,0.34513274336283184,0.5218078381795196,0.0,0.8309957924263675,0.6619915848527349,0.875,0.3805309734513274,0.49304677623261695,0.0,0.8309957924263675,0.7215988779803646,0.8839285714285714,0.40707964601769914,0.5739570164348925,1,0,14.0,0.125,partial_assembly,0.5555555555555556,9,3,5,10.994194224536797,11.968155882059488,11.455901527977488,2,4,5982,0,287.63912415504456,217.19674706459045,70.28364443778992,112,12656,0.8849557522123894,116
130726_224804_agentic,"Agentic Evaluation (E. coli, esm_small, r100)",E. coli,100,44,403,12,10-19,1,1,0.0,0.3870967741935484,,0.0,0.08333333333333333,0.3333333333333333,0.0,0.141439205955335,0.26054590570719605,0.8181818181818182,0.75,0.45454545454545453,0.0,0.141439205955335,0.26054590570719605,0.8181818181818182,0.75,0.45454545454545453,0.0,0.141439205955335,0.26054590570719605,0.8181818181818182,0.75,0.45454545454545453,1.0,1.0,1.0,1.0,1.0,1.0,1,1,1.9999999999999996,0.18181818181818177,local_transposition,0.75,8,1,5,11.298174453997934,11.298174453997934,11.298174453997934,1,4,6316,0,29.910398721694946,26.18355703353882,3.5738024711608887,11,132,8.333333333333332,9
130726_224804_agentic,"Agentic Evaluation (E. coli, esm_small, r100)",E. coli,100,45,278,13,10-19,1,1,0.0,0.26258992805755393,,0.0,0.07692307692307693,0.28205128205128205,0.0,0.6438848920863309,0.6294964028776979,0.3333333333333333,0.23076923076923078,-0.05128205128205128,1.0,1.0,1.0,1.0,1.0,1.0,1.0,1.0,1.0,1.0,1.0,1.0,1.0,1.0,1.0,1.0,1.0,1.0,1,1,0.0,0.0,exact,0.8571428571428571,7,2,5,15.624285149580231,16.278634326924735,15.624285149580231,3,4,6208,0,34.22499346733093,30.3208270072937,3.764967441558838,12,156,7.6923076923076925,8
130726_224804_agentic,"Agentic Evaluation (E. coli, esm_small, r100)",E. coli,100,46,236,12,10-19,1,1,0.0,0.00847457627118644,,0.09090909090909091,0.16666666666666666,0.2727272727272727,0.0,0.9322033898305084,0.864406779661017,0.8181818181818182,0.8333333333333334,0.9696969696969697,0.0,0.9322033898305084,0.864406779661017,0.8181818181818182,0.8333333333333334,0.9696969696969697,0.0,0.9322033898305084,0.864406779661017,0.8181818181818182,0.8333333333333334,0.9696969696969697,0.0,0.9322033898305084,0.864406779661017,0.8181818181818182,0.8333333333333334,0.9696969696969697,1,0,1.9999999999999996,0.18181818181818177,local_transposition,,0,1,5,17.81840190363559,17.81840190363559,17.81840190363559,1,4,5893,0,36.14257574081421,32.301674604415894,3.6951217651367188,0,132,0.0,9
130726_224804_agentic,"Agentic Evaluation (E. coli, esm_small, r100)",E. coli,100,47,397,12,10-19,1,1,0.0,0.02518891687657431,,0.0,0.08333333333333333,-0.06060606060606061,0.0,0.9949622166246851,0.9899244332493703,0.8181818181818182,0.8333333333333334,0.9696969696969697,1.0,1.0,1.0,1.0,1.0,1.0,1.0,1.0,1.0,1.0,1.0,1.0,1.0,1.0,1.0,1.0,1.0,1.0,1,0,0.0,0.0,exact,1.0,4,2,5,11.35836965191184,14.137773720458112,11.35836965191184,2,4,5922,0,38.5406653881073,33.787142515182495,4.54826545715332,11,132,8.333333333333332,9
130726_224804_agentic,"Agentic Evaluation (E. coli, esm_small, r100)",E. coli,100,48,364,17,10-19,1,1,0.0,0.013736263736263736,,0.0,0.058823529411764705,-0.35294117647058826,0.0,0.4230769230769231,0.42582417582417587,0.5625,0.4117647058823529,-0.14705882352941177,0.0,0.4010989010989011,0.6208791208791209,0.8125,0.6470588235294118,0.8382352941176471,0.0,0.4010989010989011,0.6208791208791209,0.8125,0.6470588235294118,0.8382352941176471,1.0,1.0,1.0,1.0,1.0,1.0,1,0,3.0,0.1875,partial_assembly,0.4,10,5,5,15.458497943726659,19.433637137492052,15.458497943726659,3,4,5917,0,30.459328413009644,25.10975193977356,5.194026470184326,16,272,5.88235294117647,14
130726_224804_agentic,"Agentic Evaluation (E. coli, esm_small, r100)",E. coli,100,49,306,15,10-19,1,1,0.0,0.0718954248366013,,0.0,0.06666666666666667,0.14285714285714285,0.0,0.16013071895424835,0.2287581699346405,0.42857142857142855,0.26666666666666666,-0.009523809523809525,1.0,1.0,1.0,1.0,1.0,1.0,0.0,0.8235294117647058,0.6470588235294117,0.7857142857142857,0.6666666666666666,0.8095238095238095,0.0,0.8235294117647058,0.6470588235294117,0.7857142857142857,0.6666666666666666,0.8095238095238095,1,0,3.0,0.21428571428571427,partial_assembly,1.0,4,2,5,14.289900024274546,20.255597409877215,13.296804759747278,3,4,6463,0,32.953967809677124,28.701371431350708,4.106930732727051,14,210,6.666666666666667,11
130726_224804_agentic,"Agentic Evaluation (E. coli, esm_small, r100)",E. coli,100,50,102,7,5-9,1,1,0.0,0.803921568627451,,0.0,0.14285714285714285,-0.23809523809523808,1.0,1.0,1.0,1.0,1.0,1.0,1.0,1.0,1.0,1.0,1.0,1.0,1.0,1.0,1.0,1.0,1.0,1.0,1.0,1.0,1.0,1.0,1.0,1.0,1,0,0.0,0.0,exact,,0,1,5,1.0,1.0,1.0,1,4,6358,0,33.456480741500854,31.3688805103302,1.9430971145629883,6,42,14.285714285714285,6
130726_224804_agentic,"Agentic Evaluation (E. coli, esm_small, r100)",E. coli,100,51,465,18,10-19,1,1,0.0,0.12473118279569892,,0.058823529411764705,0.1111111111111111,-0.1895424836601307,1.0,1.0,1.0,1.0,1.0,1.0,1.0,1.0,1.0,1.0,1.0,1.0,1.0,1.0,1.0,1.0,1.0,1.0,1.0,1.0,1.0,1.0,1.0,1.0,1,0,0.0,0.0,exact,,0,1,5,10.348509885452122,10.348509885452122,10.348509885452122,1,4,6001,0,39.196428537368774,33.006728172302246,6.046816349029541,0,306,0.0,15
130726_224804_agentic,"Agentic Evaluation (E. coli, esm_small, r100)",E. coli,100,52,248,21,20-49,1,1,0.0,0.0,,0.0,0.047619047619047616,-0.10476190476190476,1.0,1.0,1.0,1.0,1.0,1.0,0.0,0.06451612903225806,0.20967741935483875,0.85,0.3333333333333333,-0.14285714285714285,0.0,0.06048387096774194,0.2661290322580645,0.7,0.19047619047619047,-0.4095238095238095,1.0,1.0,1.0,1.0,1.0,1.0,1,0,6.000000000000001,0.30000000000000004,partial_assembly,0.0,4,5,5,15.335004319041605,16.83209109597564,14.368160221936225,3,4,5777,0,34.964293479919434,29.927496433258057,4.8842504024505615,0,420,0.0,19
130726_224804_agentic,"Agentic Evaluation (E. coli, esm_small, r100)",E. coli,100,53,372,25,20-49,1,1,0.0,0.010752688172043012,,0.041666666666666664,0.08,0.15333333333333332,0.0,0.956989247311828,0.989247311827957,0.9166666666666666,0.84,0.98,0.0,0.956989247311828,0.9623655913978495,0.9166666666666666,0.84,0.98,0.0,0.956989247311828,0.9623655913978495,0.9166666666666666,0.84,0.98,1.0,1.0,1.0,1.0,1.0,1.0,1,0,2.000000000000001,0.08333333333333337,partial_assembly,0.0,6,4,5,16.039745503580477,16.761267508453585,16.039745503580477,2,4,6035,0,42.791730880737305,32.505823850631714,10.075167894363403,24,600,4.0,24
130726_224804_agentic,"Agentic Evaluation (E. coli, esm_small, r100)",E. coli,100,54,62,7,5-9,1,1,0.0,0.6451612903225806,,0.0,0.14285714285714285,-0.23809523809523808,1.0,1.0,1.0,1.0,1.0,1.0,1.0,1.0,1.0,1.0,1.0,1.0,1.0,1.0,1.0,1.0,1.0,1.0,1.0,1.0,1.0,1.0,1.0,1.0,1,0,0.0,0.0,exact,,0,1,5,1.0,1.0,1.0,1,4,6134,0,25.13791513442993,23.606729984283447,1.364326000213623,0,42,0.0,6
130726_224804_agentic,"Agentic Evaluation (E. coli, esm_small, r100)",E. coli,100,55,110,11,10-19,1,1,0.0,0.509090909090909,,0.2,0.18181818181818182,-0.2,0.0,0.990909090909091,0.9818181818181818,0.8,0.7272727272727273,0.9272727272727272,1.0,1.0,1.0,1.0,1.0,1.0,1.0,1.0,1.0,1.0,1.0,1.0,1.0,1.0,1.0,1.0,1.0,1.0,1,0,0.0,0.0,exact,1.0,6,2,5,11.823884499218334,13.04564573771912,11.823884499218334,5,4,5741,0,25.8575382232666,23.436625242233276,2.2714595794677734,10,110,9.090909090909092,12
130726_224804_agentic,"Agentic Evaluation (E. coli, esm_small, r100)",E. coli,100,56,768,55,50+,1,1,0.0,0.029947916666666668,,0.018518518518518517,0.03636363636363636,-0.12727272727272726,0.0,0.3658854166666667,0.48307291666666663,0.7407407407407407,0.2909090909090909,0.3656565656565657,0.0,0.32421875,0.41276041666666663,0.7592592592592593,0.4,0.3373737373737374,0.0,0.3645833333333333,0.58203125,0.7222222222222222,0.2909090909090909,0.3441077441077441,0.0,0.3658854166666667,0.58203125,0.7592592592592593,0.36363636363636365,0.3656565656565657,1,0,15.0,0.2777777777777778,partial_assembly,0.42857142857142855,7,4,5,16.555508811879104,17.976391654151985,17.803635572829563,3,4,6113,0,89.3888008594513,60.99481964111328,28.24876594543457,54,2970,1.8181818181818181,55
130726_224804_agentic,"Agentic Evaluation (E. coli, esm_small, r100)",E. coli,100,57,144,6,5-9,1,1,0.0,0.8055555555555556,,0.0,0.16666666666666666,0.06666666666666667,1.0,1.0,1.0,1.0,1.0,1.0,1.0,1.0,1.0,1.0,1.0,1.0,1.0,1.0,1.0,1.0,1.0,1.0,1.0,1.0,1.0,1.0,1.0,1.0,1,0,0.0,0.0,exact,,0,1,5,1.0,1.0,1.0,1,4,6737,0,32.354721784591675,30.59347152709961,1.6155974864959717,5,30,16.666666666666664,5
130726_224804_agentic,"Agentic Evaluation (E. coli, esm_small, r100)",E. coli,100,58,135,10,10-19,1,1,0.0,0.5185185185185185,,0.1111111111111111,0.2,0.022222222222222223,1.0,1.0,1.0,1.0,1.0,1.0,1.0,1.0,1.0,1.0,1.0,1.0,1.0,1.0,1.0,1.0,1.0,1.0,1.0,1.0,1.0,1.0,1.0,1.0,1,0,0.0,0.0,exact,,0,1,5,1.0,1.0,1.0,1,4,6426,0,33.72982335090637,31.512444257736206,2.0701870918273926,9,90,10.0,9
130726_224804_agentic,"Agentic Evaluation (E. coli, esm_small, r100)",E. coli,100,59,463,20,20-49,1,1,0.0,0.23974082073434125,,0.05263157894736842,0.1,-0.08421052631578947,0.0,0.6371490280777538,0.4514038876889849,0.7368421052631579,0.35,0.5157894736842106,0.0,0.6371490280777538,0.4514038876889849,0.7368421052631579,0.35,0.5157894736842106,0.0,0.6371490280777538,0.4514038876889849,0.7368421052631579,0.35,0.5157894736842106,0.0,0.6846652267818575,0.5896328293736501,0.7368421052631579,0.5,0.5157894736842106,1,0,5.000000000000001,0.26315789473684215,partial_assembly,0.5714285714285714,7,1,5,13.95615402418105,13.95615402418105,13.95615402418105,1,4,6153,0,34.833436012268066,28.21569323539734,6.471545219421387,19,380,5.0,20
130726_224804_agentic,"Agentic Evaluation (E. coli, esm_small, r100)",E. coli,100,60,216,10,10-19,1,1,0.0,0.1527777777777778,,0.0,0.1,-0.022222222222222223,0.0,0.9953703703703703,0.9907407407407407,0.7777777777777778,0.8,0.9555555555555556,0.0,0.9953703703703703,0.9907407407407407,0.7777777777777778,0.8,0.9555555555555556,0.0,0.9953703703703703,0.9907407407407407,0.7777777777777778,0.8,0.9555555555555556,1.0,1.0,1.0,1.0,1.0,1.0,1,0,2.0,0.2222222222222222,local_transposition,0.0,6,1,5,18.10348547356844,18.10348547356844,18.10348547356844,1,4,6035,0,27.49284529685974,24.060396432876587,3.2849206924438477,9,90,10.0,8
130726_224804_agentic,"Agentic Evaluation (E. coli, esm_small, r100)",E. coli,100,61,256,13,10-19,1,1,0.0,0.34375,,0.08333333333333333,0.15384615384615385,-0.15384615384615385,0.0,0.99609375,0.9921875,0.8333333333333334,0.8461538461538461,0.9743589743589743,0.0,0.875,0.75,0.9166666666666666,0.46153846153846156,0.5641025641025641,0.0,0.87890625,0.7578125,0.9166666666666666,0.46153846153846156,0.6923076923076923,1.0,1.0,1.0,1.0,1.0,1.0,1,0,1.0000000000000004,0.08333333333333337,partial_assembly,0.5714285714285714,7,3,5,13.450026927491951,21.778241410383444,17.1175529744472,3,4,6153,0,32.06847023963928,28.46429991722107,3.4589552879333496,0,156,0.0,12
130726_224804_agentic,"Agentic Evaluation (E. coli, esm_small, r100)",E. coli,100,62,393,22,20-49,1,1,0.0,0.08142493638676845,,0.047619047619047616,0.09090909090909091,0.18614718614718614,0.0,0.5114503816793893,0.6081424936386768,0.6190476190476191,0.5454545454545454,0.7748917748917749,0.0,0.5114503816793893,0.6081424936386768,0.6190476190476191,0.5454545454545454,0.7575757575757576,0.0,0.5114503816793893,0.9262086513994912,0.8095238095238095,0.45454545454545453,0.7142857142857143,0.0,0.5114503816793893,0.9389312977099237,0.8095238095238095,0.5454545454545454,0.8787878787878788,1,0,4.0,0.19047619047619047,partial_assembly,1.0,8,4,5,11.572352899662631,16.346804489746095,16.197203863928593,4,4,5984,0,35.43921422958374,31.619056224822998,3.6777102947235107,0,462,0.0,20
130726_224804_agentic,"Agentic Evaluation (E. coli, esm_small, r100)",E. coli,100,63,42,2,2-4,1,1,0.0,0.9285714285714286,,0.0,0.5,-1.0,1.0,1.0,1.0,1.0,1.0,1.0,1.0,1.0,1.0,1.0,1.0,1.0,1.0,1.0,1.0,1.0,1.0,1.0,1.0,1.0,1.0,1.0,1.0,1.0,1,0,0.0,0.0,exact,,0,1,5,1.0,1.0,1.0,1,4,6049,0,27.636765718460083,26.056358337402344,1.4333252906799316,1,2,50.0,1
130726_224804_agentic,"Agentic Evaluation (E. coli, esm_small, r100)",E. coli,100,64,256,11,10-19,1,1,0.0,0.20703125,,0.0,0.09090909090909091,0.05454545454545454,0.0,0.54296875,0.2734375,0.8,0.45454545454545453,0.2727272727272727,0.0,0.54296875,0.2734375,0.8,0.45454545454545453,0.2727272727272727,0.0,0.99609375,0.9921875,0.8,0.5454545454545454,0.8545454545454545,1.0,1.0,1.0,1.0,1.0,1.0,1,0,1.9999999999999996,0.19999999999999996,local_transposition,0.5555555555555556,9,3,5,12.429880954882407,12.66244947450506,12.66244947450506,1,4,5967,0,29.85757875442505,26.283583641052246,3.4286274909973145,10,110,9.090909090909092,8
130726_224804_agentic,"Agentic Evaluation (E. coli, esm_small, r100)",E. coli,100,65,120,6,5-9,1,1,0.0,0.725,,0.6,0.3333333333333333,0.4666666666666667,1.0,1.0,1.0,1.0,1.0,1.0,1.0,1.0,1.0,1.0,1.0,1.0,1.0,1.0,1.0,1.0,1.0,1.0,1.0,1.0,1.0,1.0,1.0,1.0,1,1,0.0,0.0,exact,,0,1,5,1.0,1.0,1.0,1,4,6658,0,31.259126901626587,29.159303426742554,1.946249008178711,0,30,0.0,5
130726_224804_agentic,"Agentic Evaluation (E. coli, esm_small, r100)",E. coli,100,66,269,15,10-19,1,1,0.0,0.44609665427509293,,0.21428571428571427,0.2,-0.2571428571428571,0.0,0.4758364312267658,0.5241635687732342,0.6428571428571429,0.3333333333333333,0.6761904761904762,0.0,0.8996282527881041,0.7992565055762082,0.7857142857142857,0.4666666666666667,0.7333333333333333,0.0,0.8996282527881041,0.7992565055762082,0.7857142857142857,0.4666666666666667,0.7333333333333333,1.0,1.0,1.0,1.0,1.0,1.0,1,0,3.0,0.21428571428571427,partial_assembly,0.5714285714285714,7,4,5,13.502997976168867,18.67069941071514,13.502997976168867,5,4,5749,0,26.31099224090576,23.45261812210083,2.711533784866333,14,210,6.666666666666667,12
130726_224804_agentic,"Agentic Evaluation (E. coli, esm_small, r100)",E. coli,100,67,437,22,20-49,1,1,0.0,0.12585812356979406,,0.14285714285714285,0.09090909090909091,-0.030303030303030304,0.0,0.4919908466819222,0.7734553775743707,0.7142857142857143,0.4090909090909091,0.8268398268398268,0.0,0.4919908466819222,0.7162471395881007,0.7619047619047619,0.4090909090909091,0.7229437229437229,0.0,0.4919908466819222,0.7162471395881007,0.7619047619047619,0.4090909090909091,0.7229437229437229,0.0,0.9839816933638444,0.9931350114416476,0.7619047619047619,0.4090909090909091,0.9134199134199135,1,0,5.000000000000001,0.23809523809523814,partial_assembly,0.75,8,5,5,10.319343775409687,11.89380961122642,10.319343775409687,4,4,5993,0,36.13717579841614,29.39339542388916,6.601772308349609,21,462,4.545454545454546,20
130726_224804_agentic,"Agentic Evaluation (E. coli, esm_small, r100)",E. coli,100,68,870,59,50+,1,1,0.0,0.05632183908045977,,0.017241379310344827,0.03389830508474576,-0.012273524254821741,0.0,0.28160919540229884,0.5471264367816092,0.8793103448275862,0.5932203389830508,0.7475160724722385,0.0,0.28160919540229884,0.5471264367816092,0.8793103448275862,0.5932203389830508,0.7475160724722385,0.0,0.28390804597701147,0.5471264367816092,0.8793103448275862,0.576271186440678,0.7533606078316774,0.0,0.2850574712643678,0.6091954022988506,0.9137931034482759,0.6101694915254238,0.7860900058445354,1,0,7.000000000000001,0.12068965517241381,partial_assembly,0.25,8,3,5,15.478107670464004,16.50371551854611,16.50371551854611,1,4,6473,0,92.04876255989075,59.94563937187195,31.95150136947632,58,3422,1.694915254237288,55
130726_224804_agentic,"Agentic Evaluation (E. coli, esm_small, r100)",E. coli,100,69,223,13,10-19,1,1,0.0,0.0,,0.0,0.07692307692307693,0.1282051282051282,0.0,0.29596412556053814,0.6771300448430493,0.5833333333333334,0.3076923076923077,0.2564102564102564,1.0,1.0,1.0,1.0,1.0,1.0,1.0,1.0,1.0,1.0,1.0,1.0,1.0,1.0,1.0,1.0,1.0,1.0,1,0,0.0,0.0,exact,1.0,4,2,5,17.322470439633776,20.384871539467113,17.322470439633776,2,4,6254,0,35.34943890571594,31.49449324607849,3.7068004608154297,12,156,7.6923076923076925,10
130726_224804_agentic,"Agentic Evaluation (E. coli, esm_small, r100)",E. coli,100,70,442,24,20-49,1,1,0.0,0.027149321266968326,,0.043478260869565216,0.08333333333333333,-0.07246376811594203,0.0,0.2579185520361991,0.42533936651583715,0.6956521739130435,0.25,0.050724637681159424,0.0,0.5361990950226244,0.497737556561086,0.8695652173913043,0.3333333333333333,0.391304347826087,0.0,0.251131221719457,0.4660633484162896,0.8260869565217391,0.4166666666666667,0.2028985507246377,0.0,0.41855203619909503,0.8054298642533937,0.9130434782608695,0.5416666666666666,0.6014492753623188,1,1,4.0,0.17391304347826086,partial_assembly,0.5555555555555556,9,2,5,13.699153121678664,21.079950444560758,13.608915683909919,4,4,6243,0,43.033360958099365,34.66185808181763,8.221396923065186,0,552,0.0,23
130726_224804_agentic,"Agentic Evaluation (E. coli, esm_small, r100)",E. coli,100,71,261,18,10-19,1,1,0.0,0.019157088122605363,,0.058823529411764705,0.1111111111111111,-0.09803921568627451,0.0,0.6973180076628352,0.8850574712643678,0.8235294117647058,0.6111111111111112,0.8169934640522876,0.0,0.6973180076628352,0.8850574712643678,0.8235294117647058,0.6111111111111112,0.8169934640522876,0.0,0.6973180076628352,0.9923371647509579,0.8823529411764706,0.6111111111111112,0.869281045751634,0.0,0.9348659003831418,0.9923371647509579,0.8823529411764706,0.7777777777777778,0.869281045751634,1,0,2.0000000000000004,0.11764705882352944,partial_assembly,1.0,4,2,5,13.245567401523095,15.425486973244313,12.252534249114152,3,4,6190,0,32.32028579711914,29.544231176376343,2.6230831146240234,17,306,5.555555555555555,17
130726_224804_agentic,"Agentic Evaluation (E. coli, esm_small, r100)",E. coli,100,72,119,9,5-9,1,1,0.0,0.42857142857142855,,0.0,0.1111111111111111,-0.2222222222222222,1.0,1.0,1.0,1.0,1.0,1.0,1.0,1.0,1.0,1.0,1.0,1.0,1.0,1.0,1.0,1.0,1.0,1.0,1.0,1.0,1.0,1.0,1.0,1.0,1,0,0.0,0.0,exact,,0,1,5,1.0,1.0,1.0,1,4,6203,0,29.93020987510681,27.691513061523438,2.0906052589416504,8,72,11.11111111111111,8
130726_224804_agentic,"Agentic Evaluation (E. coli, esm_small, r100)",E. coli,100,73,168,11,10-19,1,1,0.0,0.5297619047619048,,0.1,0.18181818181818182,0.09090909090909091,1.0,1.0,1.0,1.0,1.0,1.0,1.0,1.0,1.0,1.0,1.0,1.0,1.0,1.0,1.0,1.0,1.0,1.0,1.0,1.0,1.0,1.0,1.0,1.0,1,0,0.0,0.0,exact,,0,1,5,1.0681818181818181,1.0681818181818181,1.0681818181818181,1,4,6746,0,31.7930805683136,28.942222356796265,2.70265531539917,10,110,9.090909090909092,11
130726_224804_agentic,"Agentic Evaluation (E. coli, esm_small, r100)",E. coli,100,74,155,9,5-9,1,1,0.0,0.6903225806451613,,0.125,0.2222222222222222,0.2222222222222222,0.0,0.6387096774193548,0.3935483870967742,0.625,0.3333333333333333,0.16666666666666666,0.0,0.6387096774193548,0.3935483870967742,0.625,0.3333333333333333,0.16666666666666666,0.0,0.6387096774193548,0.3935483870967742,0.625,0.3333333333333333,0.16666666666666666,1.0,1.0,1.0,1.0,1.0,1.0,1,0,3.0,0.375,partial_assembly,0.0,6,1,5,14.415085218492658,14.415085218492658,14.415085218492658,1,4,6104,0,38.750227212905884,35.52985095977783,3.075129747390747,8,72,11.11111111111111,6
130726_224804_agentic,"Agentic Evaluation (E. coli, esm_small, r100)",E. coli,100,75,300,14,10-19,1,1,0.0,0.016666666666666666,,0.07692307692307693,0.14285714285714285,0.12087912087912088,0.0,0.9966666666666667,0.9933333333333333,0.7692307692307693,0.42857142857142855,0.8681318681318682,0.0,0.9966666666666667,0.9933333333333333,0.7692307692307693,0.42857142857142855,0.8681318681318682,1.0,1.0,1.0,1.0,1.0,1.0,1.0,1.0,1.0,1.0,1.0,1.0,1,0,0.0,0.0,exact,1.0,4,2,5,9.535588297051602,10.478952251595702,10.478952251595702,1,4,6280,0,33.41424536705017,29.751763820648193,3.514075517654419,13,182,7.142857142857142,13
130726_224804_agentic,"Agentic Evaluation (E. coli, esm_small, r100)",E. coli,100,76,157,8,5-9,1,1,0.0,0.4968152866242038,,0.0,0.125,-0.21428571428571427,0.0,0.9299363057324841,0.8598726114649682,0.7142857142857143,0.75,0.9285714285714286,0.0,0.9299363057324841,0.8598726114649682,0.7142857142857143,0.75,0.9285714285714286,0.0,0.9299363057324841,0.8598726114649682,0.7142857142857143,0.75,0.9285714285714286,1.0,1.0,1.0,1.0,1.0,1.0,1,0,2.0,0.2857142857142857,local_transposition,0.0,4,1,5,13.879073195821501,13.879073195821501,13.879073195821501,1,4,6534,0,31.045960664749146,27.81078314781189,3.0838303565979004,7,56,12.5,5
130726_224804_agentic,"Agentic Evaluation (E. coli, esm_small, r100)",E. coli,100,77,396,21,20-49,1,1,0.0,0.0,,0.05,0.09523809523809523,0.20952380952380953,0.0,0.15404040404040403,0.41161616161616166,0.7,0.42857142857142855,-0.14285714285714285,0.0,0.15404040404040403,0.2727272727272727,0.75,0.42857142857142855,0.0380952380952381,0.0,0.15404040404040403,0.595959595959596,0.85,0.6190476190476191,0.5047619047619047,0.0,0.21717171717171718,0.7222222222222222,0.9,0.7142857142857143,0.8571428571428571,1,0,3.0000000000000004,0.15000000000000002,partial_assembly,0.5714285714285714,7,4,5,13.385121302428852,18.8933898074433,16.42914392800769,2,4,6110,0,36.22883415222168,31.19382667541504,4.887545108795166,20,420,4.761904761904762,17
130726_224804_agentic,"Agentic Evaluation (E. coli, esm_small, r100)",E. coli,100,78,792,53,50+,1,1,0.0,0.10101010101010101,,0.019230769230769232,0.03773584905660377,-0.06095791001451379,0.0,0.011363636363636364,0.2765151515151515,0.6346153846153846,0.2641509433962264,0.027576197387518143,0.0,0.3712121212121212,0.43308080808080807,0.8076923076923077,0.2830188679245283,0.0783744557329463,0.0,0.2777777777777778,0.43308080808080807,0.8076923076923077,0.32075471698113206,-0.00725689404934688,0.0,0.2777777777777778,0.43308080808080807,0.8269230769230769,0.32075471698113206,0.027576197387518143,1,0,10.0,0.19230769230769232,partial_assembly,0.7142857142857143,7,3,5,12.894926857058355,15.944679546936516,12.99346014131676,5,4,5994,0,85.00903344154358,65.59475111961365,19.25327491760254,0,2756,0.0,48
130726_224804_agentic,"Agentic Evaluation (E. coli, esm_small, r100)",E. coli,100,79,101,10,10-19,1,1,0.0,0.7920792079207921,,0.0,0.1,0.022222222222222223,1.0,1.0,1.0,1.0,1.0,1.0,1.0,1.0,1.0,1.0,1.0,1.0,1.0,1.0,1.0,1.0,1.0,1.0,1.0,1.0,1.0,1.0,1.0,1.0,1,0,0.0,0.0,exact,,0,1,5,1.0,1.0,1.0,1,4,6201,0,29.050700187683105,27.10253071784973,1.8004658222198486,9,90,10.0,9
130726_224804_agentic,"Agentic Evaluation (E. coli, esm_small, r100)",E. coli,100,80,702,56,50+,1,1,0.0,0.014245014245014245,,0.0,0.017857142857142856,0.16493506493506493,0.0,0.5384615384615384,0.39458689458689455,0.5636363636363636,0.17857142857142858,0.18441558441558442,0.0,0.452991452991453,0.30056980056980054,0.6181818181818182,0.17857142857142858,0.16233766233766234,0.0,0.4444444444444444,0.3447293447293447,0.6727272727272727,0.35714285714285715,0.3207792207792208,0.0,0.5826210826210826,0.48005698005698005,0.7090909090909091,0.35714285714285715,0.3207792207792208,1,0,18.0,0.32727272727272727,partial_assembly,0.3333333333333333,9,2,5,16.2924102084121,17.05220813757177,15.301318852929374,2,4,6214,0,74.4899230003357,50.30660605430603,24.033113956451416,55,3080,1.7857142857142856,52
130726_224804_agentic,"Agentic Evaluation (E. coli, esm_small, r100)",E. coli,100,81,530,26,20-49,1,1,0.0,0.0,,0.04,0.07692307692307693,-0.16307692307692306,0.0,0.0830188679245283,0.30188679245283023,0.72,0.5384615384615384,-0.21846153846153846,0.0,0.0830188679245283,0.30188679245283023,0.72,0.5384615384615384,-0.21846153846153846,1.0,1.0,1.0,1.0,1.0,1.0,1.0,1.0,1.0,1.0,1.0,1.0,1,0,0.0,0.0,exact,0.7777777777777778,9,3,5,14.287362841122896,18.619714168982178,18.619714168982178,1,4,5988,0,33.8229455947876,29.513641119003296,4.144679069519043,25,650,3.8461538461538463,24
130726_224804_agentic,"Agentic Evaluation (E. coli, esm_small, r100)",E. coli,100,82,326,27,20-49,1,1,0.0,0.07975460122699386,,0.038461538461538464,0.07407407407407407,0.008547008547008548,0.0,0.26993865030674846,0.29447852760736193,0.6538461538461539,0.25925925925925924,0.18518518518518517,0.0,0.2822085889570552,0.5950920245398773,0.6923076923076923,0.25925925925925924,0.27635327635327633,0.0,0.2822085889570552,0.29141104294478526,0.7692307692307693,0.2222222222222222,0.19658119658119658,0.0,0.43558282208588955,0.4815950920245399,0.7692307692307693,0.3333333333333333,0.7663817663817664,1,0,5.999999999999999,0.23076923076923073,partial_assembly,0.7777777777777778,9,3,5,18.74009490034239,20.464553384809385,18.58337472501619,2,4,5929,0,43.60589051246643,37.177327156066895,6.269814729690552,26,702,3.7037037037037033,25
130726_224804_agentic,"Agentic Evaluation (E. coli, esm_small, r100)",E. coli,100,83,297,25,20-49,1,1,0.0,0.0,,0.0,0.04,-0.16,0.0,0.003367003367003367,0.42760942760942766,0.5833333333333334,0.32,0.36666666666666664,0.0,0.003367003367003367,0.3804713804713805,0.7916666666666666,0.28,0.28,0.0,0.003367003367003367,0.367003367003367,0.875,0.28,0.35333333333333333,0.0,0.5959595959595959,0.898989898989899,0.875,0.6,0.9333333333333333,0,0,3.0,0.125,wrong_start,1.0,8,2,5,18.310794194690253,22.22598784674455,18.925980473245538,3,4,6147,0,38.634822607040405,33.49199104309082,4.993725299835205,24,600,4.0,23
130726_224804_agentic,"Agentic Evaluation (E. coli, esm_small, r100)",E. coli,100,84,310,19,10-19,1,1,0.0,0.23225806451612904,,0.2777777777777778,0.15789473684210525,0.12280701754385964,0.0,0.6161290322580645,0.8709677419354839,0.7222222222222222,0.631578947368421,0.8713450292397661,0.0,0.7161290322580646,0.4580645161290322,1.0,0.47368421052631576,0.7777777777777778,0.0,0.7161290322580646,0.4580645161290322,1.0,0.47368421052631576,0.7777777777777778,0.0,0.7161290322580646,0.8709677419354839,1.0,0.631578947368421,0.8713450292397661,1,0,0.0,0.0,partial_assembly,1.0,9,2,5,10.35145207009327,17.615459931761915,10.35145207009327,4,4,5855,0,28.939072132110596,24.63494372367859,4.149198293685913,18,342,5.263157894736842,18
130726_224804_agentic,"Agentic Evaluation (E. coli, esm_small, r100)",E. coli,100,85,284,24,20-49,1,1,0.0,0.0,,0.0,0.041666666666666664,-0.2971014492753623,0.0,0.352112676056338,0.8345070422535211,0.6956521739130435,0.4166666666666667,0.5362318840579711,0.0,0.352112676056338,0.528169014084507,0.9130434782608695,0.4166666666666667,0.6739130434782609,1.0,1.0,1.0,1.0,1.0,1.0,1.0,1.0,1.0,1.0,1.0,1.0,1,0,0.0,0.0,exact,1.0,7,2,5,16.35844707670032,21.215829025548963,14.612889242798339,5,4,6238,0,38.39848971366882,32.62371349334717,5.622699499130249,23,552,4.166666666666666,24
130726_224804_agentic,"Agentic Evaluation (E. coli, esm_small, r100)",E. coli,100,86,499,32,20-49,1,1,0.0,0.09418837675350701,,0.12903225806451613,0.0625,0.1532258064516129,0.0,0.5150300601202404,0.597194388777555,0.4838709677419355,0.1875,0.3588709677419355,0.0,0.3627254509018036,0.845691382765531,0.7096774193548387,0.28125,0.4314516129032258,0.0,0.7575150300601202,0.8957915831663327,0.7419354838709677,0.3125,0.4475806451612903,0.0,0.7575150300601202,0.8957915831663327,0.7419354838709677,0.3125,0.4717741935483871,1,0,8.0,0.25806451612903225,partial_assembly,0.875,8,3,5,16.5338590123421,18.03651501732866,16.447787170687505,2,4,5808,0,55.03991079330444,41.9111053943634,12.974138498306274,31,992,3.125,33
130726_224804_agentic,"Agentic Evaluation (E. coli, esm_small, r100)",E. coli,100,87,72,7,5-9,1,1,0.0,0.4305555555555556,,0.0,0.14285714285714285,-0.23809523809523808,1.0,1.0,1.0,1.0,1.0,1.0,1.0,1.0,1.0,1.0,1.0,1.0,1.0,1.0,1.0,1.0,1.0,1.0,1.0,1.0,1.0,1.0,1.0,1.0,1,0,0.0,0.0,exact,,0,1,5,1.0,1.0,1.0,1,4,6384,0,32.06806039810181,30.0877366065979,1.8327796459197998,0,42,0.0,6
130726_224804_agentic,"Agentic Evaluation (E. coli, esm_small, r100)",E. coli,100,88,328,19,10-19,1,1,0.0,0.021341463414634148,,0.05555555555555555,0.10526315789473684,0.07602339181286549,0.0,0.5426829268292683,0.2682926829268293,0.8333333333333334,0.47368421052631576,0.07602339181286549,0.0,0.725609756097561,0.4512195121951219,0.8333333333333334,0.631578947368421,0.25146198830409355,0.0,0.725609756097561,0.4512195121951219,0.8333333333333334,0.631578947368421,0.25146198830409355,1.0,1.0,1.0,1.0,1.0,1.0,1,0,2.999999999999999,0.16666666666666663,partial_assembly,0.3333333333333333,6,4,5,13.79412197915317,15.10514197241123,13.79412197915317,3,4,6195,0,39.356931924819946,32.757880449295044,6.446412801742554,18,342,5.263157894736842,17
130726_224804_agentic,"Agentic Evaluation (E. coli, esm_small, r100)",E. coli,100,89,434,19,10-19,1,1,0.0,0.06682027649769585,,0.05555555555555555,0.10526315789473684,0.06432748538011696,0.0,0.0944700460829493,0.4285714285714286,0.6111111111111112,0.2631578947368421,0.5321637426900585,0.0,0.0944700460829493,0.36866359447004604,0.8888888888888888,0.5263157894736842,0.5321637426900585,1.0,1.0,1.0,1.0,1.0,1.0,1.0,1.0,1.0,1.0,1.0,1.0,1,0,0.0,0.0,exact,1.0,7,4,5,10.166384203234712,14.295360410067978,9.425311241774773,4,4,6249,0,44.09325575828552,38.918625593185425,5.026766777038574,18,342,5.263157894736842,14
130726_224804_agentic,"Agentic Evaluation (E. coli, esm_small, r100)",E. coli,100,90,245,17,10-19,1,1,0.0,0.08979591836734693,,0.0,0.058823529411764705,-0.11764705882352941,1.0,1.0,1.0,1.0,1.0,1.0,1.0,1.0,1.0,1.0,1.0,1.0,1.0,1.0,1.0,1.0,1.0,1.0,1.0,1.0,1.0,1.0,1.0,1.0,1,0,0.0,0.0,exact,1.0,4,1,5,11.716398893062589,11.716398893062589,11.716398893062589,1,4,5986,0,32.54880142211914,27.75350785255432,4.647784948348999,16,272,5.88235294117647,15
130726_224804_agentic,"Agentic Evaluation (E. coli, esm_small, r100)",E. coli,100,91,122,9,5-9,1,1,0.0,0.45901639344262296,,0.125,0.2222222222222222,-0.6111111111111112,0.0,0.9918032786885246,0.9836065573770492,0.75,0.6666666666666666,0.8888888888888888,0.0,0.8852459016393442,0.7704918032786885,0.625,0.5555555555555556,0.7222222222222222,0.0,0.8852459016393442,0.7704918032786885,0.625,0.5555555555555556,0.7222222222222222,1.0,1.0,1.0,1.0,1.0,1.0,1,0,3.0,0.375,partial_assembly,0.0,7,4,5,19.376902572651442,22.494809447063318,19.376902572651442,3,4,6191,0,33.697601318359375,30.64438819885254,2.904799461364746,8,72,11.11111111111111,7
130726_224804_agentic,"Agentic Evaluation (E. coli, esm_small, r100)",E. coli,100,92,387,18,10-19,1,1,0.0,0.07235142118863049,,0.11764705882352941,0.1111111111111111,0.2549019607843137,0.0,0.17829457364341086,0.5400516795865633,0.6470588235294118,0.2222222222222222,-0.0196078431372549,0.0,0.17829457364341086,0.3798449612403101,0.8235294117647058,0.5,0.0457516339869281,0.0,0.4444444444444444,0.5193798449612403,0.7647058823529411,0.4444444444444444,0.5555555555555556,0.0,0.4444444444444444,0.5400516795865633,0.7647058823529411,0.4444444444444444,0.5555555555555556,1,0,4.000000000000001,0.23529411764705888,partial_assembly,1.0,4,2,5,13.57652721408076,15.433226911937869,13.518982908125682,5,4,5960,0,33.668187856674194,28.108662843704224,5.410685777664185,0,306,0.0,12
130726_224804_agentic,"Agentic Evaluation (E. coli, esm_small, r100)",E. coli,100,93,170,11,10-19,1,1,0.0,0.3176470588235294,,0.0,0.09090909090909091,0.2,1.0,1.0,1.0,1.0,1.0,1.0,1.0,1.0,1.0,1.0,1.0,1.0,1.0,1.0,1.0,1.0,1.0,1.0,1.0,1.0,1.0,1.0,1.0,1.0,1,0,0.0,0.0,exact,,0,1,5,1.0,1.0,1.0,1,4,6328,0,30.71150255203247,28.198928833007812,2.3625059127807617,10,110,9.090909090909092,10
130726_224804_agentic,"Agentic Evaluation (E. coli, esm_small, r100)",E. coli,100,94,106,5,5-9,1,1,0.0,0.7358490566037735,,0.25,0.4,-0.8,1.0,1.0,1.0,1.0,1.0,1.0,1.0,1.0,1.0,1.0,1.0,1.0,1.0,1.0,1.0,1.0,1.0,1.0,1.0,1.0,1.0,1.0,1.0,1.0,1,0,0.0,0.0,exact,,0,1,5,1.0,1.0,1.0,1,4,6510,0,31.24180769920349,29.521536350250244,1.5743460655212402,4,20,20.0,4
130726_224804_agentic,"Agentic Evaluation (E. coli, esm_small, r100)",E. coli,100,95,472,29,20-49,1,1,0.0,0.0,,0.07142857142857142,0.06896551724137931,0.20689655172413793,1.0,1.0,1.0,1.0,1.0,1.0,1.0,1.0,1.0,1.0,1.0,1.0,1.0,1.0,1.0,1.0,1.0,1.0,1.0,1.0,1.0,1.0,1.0,1.0,1,0,0.0,0.0,exact,,0,1,5,1.0,1.0,1.0,1,4,6421,0,55.77656650543213,46.08340859413147,9.545710325241089,28,812,3.4482758620689653,28
130726_224804_agentic,"Agentic Evaluation (E. coli, esm_small, r100)",E. coli,100,96,302,22,20-49,1,1,0.0,0.17218543046357615,,0.047619047619047616,0.09090909090909091,0.37662337662337664,0.0,0.17549668874172186,0.4403973509933775,0.7142857142857143,0.4090909090909091,0.19480519480519481,0.0,0.17218543046357615,0.39072847682119205,0.7619047619047619,0.5454545454545454,0.4199134199134199,1.0,1.0,1.0,1.0,1.0,1.0,1.0,1.0,1.0,1.0,1.0,1.0,1,1,0.0,0.0,exact,0.75,8,2,5,16.200408026803714,21.656536778664712,18.845505644951377,4,4,5783,0,30.960757970809937,25.282471179962158,5.5316455364227295,21,462,4.545454545454546,19
130726_224804_agentic,"Agentic Evaluation (E. coli, esm_small, r100)",E. coli,100,97,182,9,5-9,1,1,0.0,0.7307692307692307,,0.125,0.2222222222222222,0.0,0.0,0.7087912087912088,0.48901098901098905,0.375,0.4444444444444444,0.5555555555555556,0.0,0.9945054945054945,0.989010989010989,0.75,0.4444444444444444,0.7777777777777778,0.0,0.9945054945054945,0.989010989010989,0.625,0.4444444444444444,0.8333333333333334,0.0,0.9945054945054945,0.989010989010989,0.75,0.4444444444444444,0.8333333333333334,1,0,3.0,0.375,partial_assembly,0.5,8,2,5,15.920995802012918,25.871792084482845,16.258581071954858,2,4,6100,0,28.651535511016846,25.8913311958313,2.609067678451538,8,72,11.11111111111111,6
130726_224804_agentic,"Agentic Evaluation (E. coli, esm_small, r100)",E. coli,100,98,154,17,10-19,1,1,0.0,0.6233766233766234,,0.125,0.11764705882352941,0.20588235294117646,0.0,0.7792207792207793,0.7402597402597403,0.75,0.35294117647058826,0.3382352941176471,0.0,0.7792207792207793,0.7402597402597403,0.75,0.35294117647058826,0.3382352941176471,0.0,0.7792207792207793,0.7402597402597403,0.75,0.35294117647058826,0.3382352941176471,1.0,1.0,1.0,1.0,1.0,1.0,1,0,4.0,0.25,partial_assembly,0.0,6,1,5,15.734804851670392,15.734804851670392,15.734804851670392,1,4,6015,0,28.637534379959106,25.413339376449585,3.078700542449951,16,272,5.88235294117647,15
130726_224804_agentic,"Agentic Evaluation (E. coli, esm_small, r100)",E. coli,100,99,363,22,20-49,1,1,0.0,0.2644628099173554,,0.09523809523809523,0.09090909090909091,0.22077922077922077,0.0,0.01928374655647383,0.44628099173553715,0.8571428571428571,0.5,0.12554112554112554,0.0,0.01928374655647383,0.40771349862258954,0.8571428571428571,0.36363636363636365,-0.36796536796536794,0.0,0.01928374655647383,0.40771349862258954,0.8571428571428571,0.36363636363636365,-0.36796536796536794,0.0,0.7272727272727273,0.4545454545454546,0.9047619047619048,0.7272727272727273,0.6103896103896104,1,0,3.000000000000001,0.1428571428571429,partial_assembly,0.0,4,4,5,14.190497430692323,16.811956018859636,14.190497430692323,2,4,6230,0,35.33714556694031,30.293020963668823,4.899613618850708,21,462,4.545454545454546,20
130726_224804_agentic,"Agentic Evaluation (E. coli, esm_small, r100)",E. coli,100,100,82,7,5-9,1,1,0.0,0.7073170731707317,,0.0,0.14285714285714285,0.3333333333333333,0.0,0.9512195121951219,0.9024390243902439,0.6666666666666666,0.5714285714285714,0.6190476190476191,1.0,1.0,1.0,1.0,1.0,1.0,1.0,1.0,1.0,1.0,1.0,1.0,1.0,1.0,1.0,1.0,1.0,1.0,1,1,0.0,0.0,exact,1.0,4,2,5,17.893357847528847,19.08069546774229,17.893357847528847,2,4,6240,0,35.64570164680481,32.87415289878845,2.6154470443725586,0,42,0.0,4
140726_132208_agentic,"Agentic Evaluation (E. coli, esm_small, r20)",E. coli,20,1,149,9,5-9,1,1,0.0,0.42953020134228187,,0.125,0.2222222222222222,0.0,0.0,0.4563758389261745,0.37583892617449666,0.375,0.3333333333333333,-0.3333333333333333,0.0,0.8187919463087249,0.6375838926174497,0.375,0.3333333333333333,0.2777777777777778,0.0,0.8187919463087249,0.6375838926174497,0.375,0.3333333333333333,0.2777777777777778,0.0,0.8187919463087249,0.6375838926174497,0.5,0.3333333333333333,0.2777777777777778,1,0,5.0,0.625,partial_assembly,0.25,4,2,5,13.584525890175842,16.441953333706543,13.584525890175842,4,4,6133,0,40.371702671051025,37.96746802330017,2.2717041969299316,8,72,11.11111111111111,2
140726_132208_agentic,"Agentic Evaluation (E. coli, esm_small, r20)",E. coli,20,2,179,8,5-9,1,1,0.0,0.6201117318435754,,0.0,0.125,-0.35714285714285715,0.0,0.5754189944134078,0.1955307262569832,0.5714285714285714,0.5,0.0,0.0,0.5754189944134078,0.1955307262569832,0.5714285714285714,0.5,0.0,0.0,0.5754189944134078,0.1955307262569832,0.5714285714285714,0.5,0.0,1.0,1.0,1.0,1.0,1.0,1.0,1,0,3.0,0.42857142857142855,partial_assembly,0.0,6,1,5,13.483087951684313,13.483087951684313,13.483087951684313,1,4,6099,0,36.60829949378967,33.614744424819946,2.858797311782837,7,56,12.5,5
140726_132208_agentic,"Agentic Evaluation (E. coli, esm_small, r20)",E. coli,20,3,87,7,5-9,1,1,0.0,0.6551724137931034,,0.16666666666666666,0.2857142857142857,0.047619047619047616,1.0,1.0,1.0,1.0,1.0,1.0,1.0,1.0,1.0,1.0,1.0,1.0,1.0,1.0,1.0,1.0,1.0,1.0,1.0,1.0,1.0,1.0,1.0,1.0,1,1,0.0,0.0,exact,,0,1,5,1.0,1.0,1.0,1,4,6345,0,37.9011607170105,36.29060935974121,1.477870225906372,6,42,14.285714285714285,6
140726_132208_agentic,"Agentic Evaluation (E. coli, esm_small, r20)",E. coli,20,4,272,16,10-19,1,1,0.0,0.16176470588235295,,0.0,0.0625,-0.25,0.0,0.9044117647058824,0.8088235294117647,0.8666666666666667,0.4375,0.7666666666666667,0.0,0.9044117647058824,0.8088235294117647,0.8666666666666667,0.4375,0.7666666666666667,0.0,0.9044117647058824,0.8088235294117647,0.8666666666666667,0.4375,0.7666666666666667,1.0,1.0,1.0,1.0,1.0,1.0,1,0,1.9999999999999996,0.1333333333333333,partial_assembly,0.5714285714285714,7,1,5,7.694494793100752,7.694494793100752,7.694494793100752,1,4,5842,0,38.13218808174133,32.53454613685608,5.466885805130005,15,240,6.25,11
140726_132208_agentic,"Agentic Evaluation (E. coli, esm_small, r20)",E. coli,20,5,216,17,10-19,1,1,0.0,0.2962962962962963,,0.0625,0.11764705882352941,-0.23529411764705882,0.0,0.5879629629629629,0.28240740740740744,0.625,0.4117647058823529,0.3382352941176471,0.0,0.5,0.3564814814814815,0.5625,0.29411764705882354,0.47058823529411764,0.0,0.5,0.3564814814814815,0.5625,0.29411764705882354,0.47058823529411764,0.0,0.5879629629629629,0.5324074074074074,0.625,0.4117647058823529,0.6470588235294118,1,0,7.0,0.4375,partial_assembly,0.42857142857142855,7,2,5,13.510245049012344,17.190619860674246,13.510245049012344,3,4,5950,0,40.86071515083313,35.84620022773743,4.872249126434326,16,272,5.88235294117647,12
140726_132208_agentic,"Agentic Evaluation (E. coli, esm_small, r20)",E. coli,20,6,831,52,50+,1,1,0.0,0.06257521058965103,,0.0196078431372549,0.038461538461538464,-0.02564102564102564,0.0,0.13598074608904934,0.385078219013237,0.5098039215686274,0.1346153846153846,0.23076923076923078,0.0,0.23345367027677497,0.35018050541516244,0.6666666666666666,0.1346153846153846,0.2368024132730015,0.0,0.1371841155234657,0.3513838748495788,0.6274509803921569,0.1346153846153846,0.10256410256410256,0.0,0.1552346570397112,0.4825511432009627,0.6274509803921569,0.1346153846153846,0.358974358974359,1,0,19.0,0.37254901960784315,partial_assembly,1.0,7,3,5,14.686784239506537,17.737726260237967,14.559812825733582,3,4,6022,0,104.51645636558533,76.33417344093323,28.042139053344727,51,2652,1.9230769230769231,39
140726_132208_agentic,"Agentic Evaluation (E. coli, esm_small, r20)",E. coli,20,7,326,26,20-49,1,1,0.0,0.09202453987730061,,0.08,0.07692307692307693,-0.36,0.0,0.1411042944785276,0.39877300613496935,0.56,0.19230769230769232,0.5384615384615384,0.0,0.1411042944785276,0.4141104294478528,0.56,0.19230769230769232,0.40923076923076923,0.0,0.1411042944785276,0.5337423312883436,0.52,0.19230769230769232,0.49538461538461537,0.0,0.1441717791411043,0.5337423312883436,0.56,0.19230769230769232,0.6061538461538462,1,0,12.0,0.48,partial_assembly,0.5714285714285714,7,2,5,14.975158158384335,17.209500093288945,15.4693303295331,5,4,6136,0,49.80934476852417,42.20869851112366,7.417903184890747,25,650,3.8461538461538463,13
140726_132208_agentic,"Agentic Evaluation (E. coli, esm_small, r20)",E. coli,20,8,292,18,10-19,1,1,0.0,0.11986301369863013,,0.0,0.05555555555555555,-0.09803921568627451,0.0,0.05821917808219178,0.29452054794520544,0.17647058823529413,0.1111111111111111,0.006535947712418301,0.0,0.3561643835616438,0.4212328767123288,0.5294117647058824,0.16666666666666666,0.49019607843137253,0.0,0.1780821917808219,0.5308219178082192,0.5294117647058824,0.16666666666666666,0.5947712418300654,0.0,0.3561643835616438,0.7157534246575342,0.6470588235294118,0.2777777777777778,0.7124183006535948,1,0,8.0,0.47058823529411764,partial_assembly,0.5555555555555556,9,5,5,17.76730401964475,23.19528709640595,17.865137214887472,2,4,5779,0,38.543241024017334,33.80866241455078,4.601836442947388,17,306,5.555555555555555,11
140726_132208_agentic,"Agentic Evaluation (E. coli, esm_small, r20)",E. coli,20,9,311,11,10-19,1,1,0.0,0.2057877813504823,,0.0,0.09090909090909091,-0.3090909090909091,0.0,0.6430868167202572,0.7813504823151125,0.6,0.5454545454545454,0.8181818181818182,0.0,0.6591639871382636,0.8392282958199357,0.7,0.6363636363636364,0.7454545454545455,0.0,0.6591639871382636,0.8392282958199357,0.7,0.6363636363636364,0.7454545454545455,0.0,0.6591639871382636,0.8392282958199357,0.7,0.6363636363636364,0.8181818181818182,1,0,3.0000000000000004,0.30000000000000004,partial_assembly,1.0,4,3,5,12.916518283893705,18.744132142454877,12.916518283893705,3,4,5764,0,33.714091300964355,29.77499008178711,3.8086931705474854,10,110,9.090909090909092,6
140726_132208_agentic,"Agentic Evaluation (E. coli, esm_small, r20)",E. coli,20,10,172,7,5-9,1,1,0.0,0.5465116279069767,,0.3333333333333333,0.42857142857142855,0.047619047619047616,1.0,1.0,1.0,1.0,1.0,1.0,1.0,1.0,1.0,1.0,1.0,1.0,1.0,1.0,1.0,1.0,1.0,1.0,1.0,1.0,1.0,1.0,1.0,1.0,1,0,0.0,0.0,exact,,0,1,5,10.60242419988351,10.60242419988351,10.60242419988351,1,4,6001,0,38.41463661193848,35.520050287246704,2.761955738067627,6,42,14.285714285714285,4
140726_132208_agentic,"Agentic Evaluation (E. coli, esm_small, r20)",E. coli,20,11,686,54,50+,1,1,0.0,0.19970845481049562,,0.018867924528301886,0.037037037037037035,0.1684136967155835,0.0,0.09766763848396501,0.27696793002915454,0.41509433962264153,0.12962962962962962,0.18378756114605171,0.0,0.09766763848396501,0.3702623906705539,0.5471698113207547,0.12962962962962962,0.4605171208944794,0.0,0.09329446064139942,0.30612244897959184,0.5471698113207547,0.12962962962962962,0.28721174004192873,0.0,0.282798833819242,0.3571428571428571,0.5660377358490566,0.12962962962962962,0.4479385045422781,1,0,24.0,0.4528301886792453,partial_assembly,0.6,10,3,5,18.414819000947073,20.608308504012946,18.540459956449975,3,4,5904,0,100.52264428138733,75.7560203075409,24.61847162246704,53,2862,1.8518518518518516,41
140726_132208_agentic,"Agentic Evaluation (E. coli, esm_small, r20)",E. coli,20,12,94,9,5-9,1,1,0.0,0.7127659574468085,,0.0,0.1111111111111111,0.2777777777777778,1.0,1.0,1.0,1.0,1.0,1.0,1.0,1.0,1.0,1.0,1.0,1.0,1.0,1.0,1.0,1.0,1.0,1.0,1.0,1.0,1.0,1.0,1.0,1.0,1,1,0.0,0.0,exact,,0,1,5,1.0,1.0,1.0,1,4,6196,0,33.292988538742065,30.96769666671753,2.1633901596069336,8,72,11.11111111111111,8
140726_132208_agentic,"Agentic Evaluation (E. coli, esm_small, r20)",E. coli,20,13,170,6,5-9,1,1,0.0,0.8941176470588236,,0.6,0.5,0.6,0.0,0.4823529411764706,0.23529411764705888,0.4,0.5,-0.6,0.0,0.6764705882352942,0.3529411764705882,0.6,0.5,0.2,0.0,0.6764705882352942,0.3529411764705882,0.6,0.5,0.2,1.0,1.0,1.0,1.0,1.0,1.0,0,1,2.0,0.4,local_transposition,0.5714285714285714,7,2,5,15.218390773267929,25.064011827719316,15.218390773267929,3,4,5974,0,32.00560784339905,29.532928943634033,2.3170151710510254,5,30,16.666666666666664,3
140726_132208_agentic,"Agentic Evaluation (E. coli, esm_small, r20)",E. coli,20,14,51,9,5-9,1,1,0.0,0.5294117647058824,,0.125,0.2222222222222222,-0.2222222222222222,0.0,0.9215686274509803,0.8431372549019608,0.75,0.7777777777777778,0.9444444444444444,0.0,0.9215686274509803,0.8431372549019608,0.75,0.7777777777777778,0.9444444444444444,0.0,0.9215686274509803,0.8431372549019608,0.75,0.7777777777777778,0.9444444444444444,1.0,1.0,1.0,1.0,1.0,1.0,1,0,2.0,0.25,local_transposition,0.0,6,1,5,22.13550245404282,22.13550245404282,22.13550245404282,1,4,6122,0,35.64719319343567,31.87193751335144,3.624516010284424,8,72,11.11111111111111,7
140726_132208_agentic,"Agentic Evaluation (E. coli, esm_small, r20)",E. coli,20,15,63,2,2-4,1,1,1.0,1.0,,1.0,1.0,1.0,1.0,1.0,1.0,1.0,1.0,1.0,1.0,1.0,1.0,1.0,1.0,1.0,1.0,1.0,1.0,1.0,1.0,1.0,1.0,1.0,1.0,1.0,1.0,1.0,1,1,0.0,0.0,exact,,0,1,5,1.0,1.0,1.0,1,4,6167,0,34.03939485549927,32.51095366477966,1.3807494640350342,1,2,50.0,1
140726_132208_agentic,"Agentic Evaluation (E. coli, esm_small, r20)",E. coli,20,16,31,2,2-4,1,1,1.0,1.0,,1.0,1.0,1.0,1.0,1.0,1.0,1.0,1.0,1.0,1.0,1.0,1.0,1.0,1.0,1.0,1.0,1.0,1.0,1.0,1.0,1.0,1.0,1.0,1.0,1.0,1.0,1.0,1,1,0.0,0.0,exact,,0,1,5,1.0,1.0,1.0,1,4,6157,0,36.91310977935791,35.047335624694824,1.7308299541473389,1,2,50.0,1
140726_132208_agentic,"Agentic Evaluation (E. coli, esm_small, r20)",E. coli,20,17,98,12,10-19,1,1,0.0,0.6020408163265306,,0.09090909090909091,0.16666666666666666,-0.030303030303030304,1.0,1.0,1.0,1.0,1.0,1.0,1.0,1.0,1.0,1.0,1.0,1.0,1.0,1.0,1.0,1.0,1.0,1.0,1.0,1.0,1.0,1.0,1.0,1.0,1,0,0.0,0.0,exact,,0,1,5,1.0625,1.0625,1.0625,1,4,6277,0,45.9786581993103,43.331148862838745,2.5089023113250732,0,132,0.0,12
140726_132208_agentic,"Agentic Evaluation (E. coli, esm_small, r20)",E. coli,20,18,702,57,50+,1,1,0.0,0.1168091168091168,,0.07142857142857142,0.03508771929824561,-0.07518796992481203,0.0,0.34045584045584043,0.3447293447293447,0.48214285714285715,0.15789473684210525,0.2869674185463659,0.0,0.358974358974359,0.3988603988603988,0.5714285714285714,0.15789473684210525,0.3583959899749373,0.0,0.2037037037037037,0.3774928774928775,0.5357142857142857,0.14035087719298245,0.37593984962406013,0.0,0.3418803418803419,0.39173789173789175,0.5892857142857143,0.15789473684210525,0.39223057644110276,1,0,26.0,0.4642857142857143,partial_assembly,0.6666666666666666,9,2,5,15.356021356064879,17.272810654753147,15.149014571449868,2,4,6441,0,118.12650537490845,83.84780836105347,34.12438368797302,56,3192,1.7543859649122806,33
140726_132208_agentic,"Agentic Evaluation (E. coli, esm_small, r20)",E. coli,20,19,400,20,20-49,1,1,0.0,0.1175,,0.10526315789473684,0.1,0.25263157894736843,0.0,0.2275,0.6275,0.42105263157894735,0.3,0.29473684210526313,0.0,0.2275,0.5075000000000001,0.47368421052631576,0.3,0.3368421052631579,0.0,0.2275,0.5925,0.631578947368421,0.35,0.631578947368421,0.0,0.34,0.6799999999999999,0.7368421052631579,0.35,0.8105263157894737,1,0,7.000000000000001,0.368421052631579,partial_assembly,0.6666666666666666,9,2,5,15.014325552051677,17.991415743081966,15.213359523196539,4,4,5974,0,47.44599795341492,40.036773920059204,7.263812780380249,19,380,5.0,12
140726_132208_agentic,"Agentic Evaluation (E. coli, esm_small, r20)",E. coli,20,20,220,10,10-19,1,1,0.0,0.24545454545454545,,0.0,0.1,0.15555555555555556,1.0,1.0,1.0,1.0,1.0,1.0,1.0,1.0,1.0,1.0,1.0,1.0,1.0,1.0,1.0,1.0,1.0,1.0,1.0,1.0,1.0,1.0,1.0,1.0,1,0,0.0,0.0,exact,,0,1,5,1.0,1.0,1.0,1,4,6459,0,41.71128535270691,38.883217334747314,2.674633502960205,9,90,10.0,9
140726_132208_agentic,"Agentic Evaluation (E. coli, esm_small, r20)",E. coli,20,21,306,20,20-49,1,1,0.0,0.0,,0.10526315789473684,0.15,0.4,0.0,0.11437908496732026,0.48692810457516345,0.42105263157894735,0.2,0.4842105263157895,0.0,0.11437908496732026,0.7124183006535948,0.47368421052631576,0.25,0.5052631578947369,0.0,0.11437908496732026,0.8464052287581699,0.631578947368421,0.25,0.6,0.0,0.11437908496732026,0.8464052287581699,0.631578947368421,0.25,0.6,1,0,7.000000000000001,0.368421052631579,partial_assembly,1.0,9,2,5,18.82207132701285,21.85834945073415,18.52463453375293,2,4,5880,0,41.703291177749634,34.18467450141907,7.3557586669921875,19,380,5.0,12
140726_132208_agentic,"Agentic Evaluation (E. coli, esm_small, r20)",E. coli,20,22,336,17,10-19,1,1,0.0,0.20535714285714285,,0.0625,0.11764705882352941,0.029411764705882353,0.0,0.29464285714285715,0.5059523809523809,0.3125,0.17647058823529413,0.14705882352941177,0.0,0.46726190476190477,0.4910714285714286,0.375,0.17647058823529413,0.2647058823529412,0.0,0.03869047619047619,0.22023809523809523,0.5,0.29411764705882354,0.1323529411764706,0.0,0.29464285714285715,0.5059523809523809,0.5,0.29411764705882354,0.3088235294117647,0,0,8.0,0.5,wrong_start,1.0,7,5,5,12.003364017681575,13.827531708756638,13.431798198407835,2,4,5602,0,45.11863732337952,39.31638741493225,5.641995191574097,0,272,0.0,5
140726_132208_agentic,"Agentic Evaluation (E. coli, esm_small, r20)",E. coli,20,23,491,18,10-19,1,1,0.0,0.23014256619144602,,0.058823529411764705,0.1111111111111111,0.1895424836601307,0.0,0.2953156822810591,0.45417515274949083,0.6470588235294118,0.3333333333333333,0.4117647058823529,0.0,0.18329938900203666,0.38900203665987776,0.6470588235294118,0.2777777777777778,0.09803921568627451,0.0,0.18329938900203666,0.38900203665987776,0.6470588235294118,0.2777777777777778,0.09803921568627451,0.0,0.2953156822810591,0.45417515274949083,0.6470588235294118,0.3333333333333333,0.4117647058823529,1,0,5.999999999999999,0.3529411764705882,partial_assembly,,0,2,5,10.855732214479058,13.215682392567741,10.855732214479058,2,4,6056,0,45.51949620246887,39.80275559425354,5.567006587982178,17,306,5.555555555555555,11
140726_132208_agentic,"Agentic Evaluation (E. coli, esm_small, r20)",E. coli,20,24,458,30,20-49,1,1,0.0,0.04585152838427948,,0.034482758620689655,0.06666666666666667,-0.11264367816091954,0.0,0.15938864628820962,0.4912663755458515,0.5517241379310345,0.13333333333333333,-0.020689655172413793,0.0,0.15938864628820962,0.4126637554585153,0.6551724137931034,0.23333333333333334,0.2413793103448276,0.0,0.15938864628820962,0.41703056768558955,0.6896551724137931,0.23333333333333334,0.2827586206896552,0.0,0.15938864628820962,0.4912663755458515,0.6896551724137931,0.26666666666666666,0.43908045977011495,1,0,8.999999999999998,0.31034482758620685,partial_assembly,0.875,8,4,5,17.14585111765259,20.57010038830829,17.15819812581034,3,4,6021,0,68.5675094127655,59.88873481750488,8.52946925163269,0,870,0.0,23
140726_132208_agentic,"Agentic Evaluation (E. coli, esm_small, r20)",E. coli,20,25,69,7,5-9,1,1,0.0,0.34782608695652173,,0.16666666666666666,0.2857142857142857,-0.14285714285714285,0.0,0.7101449275362319,0.42028985507246375,0.6666666666666666,0.7142857142857143,0.5238095238095238,0.0,0.7101449275362319,0.42028985507246375,0.6666666666666666,0.7142857142857143,0.5238095238095238,0.0,0.7101449275362319,0.42028985507246375,0.6666666666666666,0.7142857142857143,0.5238095238095238,1.0,1.0,1.0,1.0,1.0,1.0,1,0,2.0,0.3333333333333333,local_transposition,0.7777777777777778,9,1,5,14.071628238812764,14.071628238812764,14.071628238812764,1,4,6155,0,37.23116207122803,34.69769024848938,2.3921287059783936,0,42,0.0,3
140726_132208_agentic,"Agentic Evaluation (E. coli, esm_small, r20)",E. coli,20,26,406,26,20-49,1,1,0.0,0.0,,0.04,0.07692307692307693,-0.009230769230769232,0.0,0.13793103448275862,0.5985221674876847,0.48,0.23076923076923078,0.6369230769230769,0.0,0.5935960591133005,0.7142857142857143,0.68,0.4230769230769231,0.84,0.0,0.5935960591133005,0.7192118226600985,0.8,0.4230769230769231,0.8215384615384616,0.0,0.5935960591133005,0.7192118226600985,0.8,0.4230769230769231,0.8276923076923077,1,0,4.999999999999999,0.19999999999999996,partial_assembly,0.8888888888888888,9,2,5,17.19821108563688,21.907554209105815,17.230271405548066,3,4,6110,0,51.8481342792511,43.29168248176575,8.402656078338623,25,650,3.8461538461538463,15
140726_132208_agentic,"Agentic Evaluation (E. coli, esm_small, r20)",E. coli,20,27,347,19,10-19,1,1,0.0,0.09221902017291066,,0.16666666666666666,0.15789473684210525,0.22807017543859648,0.0,0.1786743515850144,0.3659942363112392,0.2222222222222222,0.10526315789473684,0.2631578947368421,0.0,0.7694524495677233,0.5936599423631124,0.6111111111111112,0.2631578947368421,0.5087719298245614,0.0,0.7694524495677233,0.659942363112392,0.7222222222222222,0.2631578947368421,0.7543859649122807,0.0,0.829971181556196,0.659942363112392,0.7222222222222222,0.2631578947368421,0.7543859649122807,1,0,5.0,0.2777777777777778,partial_assembly,0.8888888888888888,9,2,5,11.65956633782184,20.371528809992633,12.281811959569339,4,4,5741,0,42.894967794418335,36.774996280670166,5.975512504577637,18,342,5.263157894736842,10
140726_132208_agentic,"Agentic Evaluation (E. coli, esm_small, r20)",E. coli,20,28,1018,79,50+,1,1,0.0,0.07465618860510806,,0.01282051282051282,0.02531645569620253,0.028886725089256736,0.0,0.15913555992141454,0.35068762278978394,0.47435897435897434,0.06329113924050633,0.1522233041220383,0.0,0.17976424361493124,0.28978388998035365,0.6666666666666666,0.10126582278481013,0.28529698149951316,0.0,0.25736738703339884,0.29960707269155207,0.6538461538461539,0.10126582278481013,0.3703343070431678,0.0,0.2593320235756385,0.35068762278978394,0.6538461538461539,0.10126582278481013,0.37228172671210646,1,0,27.0,0.34615384615384615,partial_assembly,0.8888888888888888,9,4,5,13.410930482936966,16.0614693970453,14.125112189135463,2,4,5906,0,174.64558744430542,126.43519926071167,48.05098342895508,0,6162,0.0,57
140726_132208_agentic,"Agentic Evaluation (E. coli, esm_small, r20)",E. coli,20,29,474,37,20-49,1,1,0.0,0.0189873417721519,,0.08333333333333333,0.05405405405405406,0.1981981981981982,0.0,0.17932489451476794,0.28691983122362874,0.5277777777777778,0.21621621621621623,0.17117117117117117,0.0,0.17721518987341772,0.4662447257383966,0.6388888888888888,0.21621621621621623,0.24624624624624625,0.0,0.12236286919831224,0.4810126582278481,0.7222222222222222,0.21621621621621623,0.2222222222222222,0.0,0.17932489451476794,0.4978902953586498,0.7222222222222222,0.21621621621621623,0.25225225225225223,1,0,10.0,0.2777777777777778,partial_assembly,0.7777777777777778,9,3,5,16.13080960793014,18.655694181527522,17.49663766618891,5,4,5941,0,51.329087257385254,43.594234228134155,7.591213226318359,36,1332,2.7027027027027026,28
140726_132208_agentic,"Agentic Evaluation (E. coli, esm_small, r20)",E. coli,20,30,355,21,20-49,1,1,0.0,0.005633802816901409,,0.0,0.047619047619047616,-0.05714285714285714,0.0,0.016901408450704224,0.5154929577464789,0.35,0.19047619047619047,0.11428571428571428,0.0,0.16901408450704225,0.23380281690140847,0.35,0.14285714285714285,0.0761904761904762,0.0,0.16901408450704225,0.47887323943661975,0.55,0.23809523809523808,0.5619047619047619,0.0,0.16901408450704225,0.5633802816901409,0.55,0.23809523809523808,0.6095238095238096,1,0,9.0,0.45,partial_assembly,1.0,7,3,5,16.16998761329036,23.137804931857097,20.634773538135157,4,4,5990,0,44.824519872665405,37.99581050872803,6.68912410736084,20,420,4.761904761904762,10
140726_132208_agentic,"Agentic Evaluation (E. coli, esm_small, r20)",E. coli,20,31,412,18,10-19,1,1,0.0,0.19174757281553398,,0.17647058823529413,0.16666666666666666,0.38562091503267976,0.0,0.5485436893203883,0.6116504854368932,0.8823529411764706,0.5,0.738562091503268,0.0,0.5485436893203883,0.6407766990291262,0.7058823529411765,0.5,0.7647058823529411,0.0,0.5485436893203883,0.6407766990291262,0.7647058823529411,0.5,0.7777777777777778,0.0,0.8810679611650486,0.7621359223300971,0.8823529411764706,0.6111111111111112,0.9215686274509803,1,1,4.000000000000001,0.23529411764705888,partial_assembly,0.0,6,3,5,14.654622013043289,17.003471245932143,16.2661209114619,5,4,6221,0,40.18803858757019,34.197898387908936,5.8373682498931885,17,306,5.555555555555555,14
140726_132208_agentic,"Agentic Evaluation (E. coli, esm_small, r20)",E. coli,20,32,505,39,20-49,1,1,0.0,0.05742574257425743,,0.0,0.02564102564102564,-0.0310391363022942,0.0,0.09306930693069307,0.306930693069307,0.2894736842105263,0.1282051282051282,0.2550607287449393,0.0,0.11287128712871287,0.2633663366336634,0.5526315789473685,0.1282051282051282,0.014844804318488529,0.0,0.11287128712871287,0.2613861386138614,0.5263157894736842,0.10256410256410256,-0.0310391363022942,0.0,0.11287128712871287,0.306930693069307,0.5526315789473685,0.1282051282051282,0.2550607287449393,1,0,18.0,0.47368421052631576,partial_assembly,0.5714285714285714,7,5,5,14.973195029492263,23.21440510077538,15.37235875340386,4,4,5939,0,71.69538021087646,53.499332666397095,18.048279762268066,0,1482,0.0,23
140726_132208_agentic,"Agentic Evaluation (E. coli, esm_small, r20)",E. coli,20,33,399,21,20-49,1,1,0.0,0.3308270676691729,,0.1,0.09523809523809523,-0.047619047619047616,0.0,0.9147869674185464,0.8796992481203008,0.8,0.6190476190476191,0.9238095238095239,0.0,0.9674185463659147,0.9949874686716792,0.9,0.6190476190476191,0.9619047619047619,0.0,0.9699248120300752,0.9448621553884712,0.85,0.6190476190476191,0.8476190476190476,0.0,0.9699248120300752,0.9949874686716792,0.9,0.6190476190476191,0.9238095238095239,1,0,3.0000000000000004,0.15000000000000002,partial_assembly,0.8888888888888888,9,5,5,9.290180375226447,12.674944579190305,9.373727457384115,5,4,5722,0,45.677719593048096,39.05497932434082,6.489721775054932,0,420,0.0,20
140726_132208_agentic,"Agentic Evaluation (E. coli, esm_small, r20)",E. coli,20,34,160,10,10-19,1,1,0.0,0.63125,,0.2222222222222222,0.3,-0.06666666666666667,0.0,0.83125,0.6625,0.7777777777777778,0.6,0.8666666666666667,1.0,1.0,1.0,1.0,1.0,1.0,1.0,1.0,1.0,1.0,1.0,1.0,1.0,1.0,1.0,1.0,1.0,1.0,1,0,0.0,0.0,exact,1.0,4,2,5,11.510976424600152,15.470989878626304,11.510976424600152,2,4,6013,0,31.651654720306396,28.289519786834717,3.2168030738830566,9,90,10.0,5
140726_132208_agentic,"Agentic Evaluation (E. coli, esm_small, r20)",E. coli,20,35,107,7,5-9,1,1,0.0,0.794392523364486,,0.3333333333333333,0.42857142857142855,-0.3333333333333333,1.0,1.0,1.0,1.0,1.0,1.0,1.0,1.0,1.0,1.0,1.0,1.0,1.0,1.0,1.0,1.0,1.0,1.0,1.0,1.0,1.0,1.0,1.0,1.0,1,0,0.0,0.0,exact,,0,1,5,1.0,1.0,1.0,1,4,6178,0,32.112258434295654,30.107770204544067,1.8663301467895508,6,42,14.285714285714285,6
140726_132208_agentic,"Agentic Evaluation (E. coli, esm_small, r20)",E. coli,20,36,186,17,10-19,1,1,0.0,0.3602150537634409,,0.125,0.11764705882352941,-0.08823529411764706,0.0,0.6129032258064516,0.4354838709677419,0.5625,0.23529411764705882,-0.04411764705882353,1.0,1.0,1.0,1.0,1.0,1.0,0.0,0.8655913978494624,0.7311827956989247,0.875,0.8235294117647058,0.7941176470588235,0.0,0.8655913978494624,0.7311827956989247,0.875,0.8235294117647058,0.8235294117647058,1,0,2.0,0.125,local_transposition,1.0,9,4,5,16.23940338249722,21.35939404853807,16.364132544339018,4,4,5828,0,32.29657006263733,28.530073404312134,3.6125528812408447,16,272,5.88235294117647,16
140726_132208_agentic,"Agentic Evaluation (E. coli, esm_small, r20)",E. coli,20,37,301,26,20-49,1,1,0.0,0.10299003322259136,,0.08,0.07692307692307693,-0.09538461538461539,0.0,0.16943521594684385,0.5083056478405316,0.56,0.2692307692307692,0.563076923076923,0.0,0.32558139534883723,0.2990033222591362,0.76,0.3076923076923077,0.39692307692307693,0.0,0.32558139534883723,0.2990033222591362,0.76,0.3076923076923077,0.39692307692307693,0.0,0.3853820598006645,0.5083056478405316,0.76,0.34615384615384615,0.6123076923076923,1,0,6.0,0.24,partial_assembly,0.8888888888888888,9,4,5,14.954177368621664,17.170500130810296,14.954177368621664,2,4,6122,0,40.730695486068726,35.824849367141724,4.755144357681274,25,650,3.8461538461538463,19
140726_132208_agentic,"Agentic Evaluation (E. coli, esm_small, r20)",E. coli,20,38,506,36,20-49,1,1,0.0,0.005928853754940711,,0.02857142857142857,0.05555555555555555,-0.16825396825396827,0.0,0.11857707509881422,0.39328063241106714,0.34285714285714286,0.1111111111111111,0.2253968253968254,0.0,0.11857707509881422,0.2885375494071146,0.6571428571428571,0.3055555555555556,0.18095238095238095,0.0,0.11857707509881422,0.450592885375494,0.5714285714285714,0.19444444444444445,0.15555555555555556,0.0,0.1541501976284585,0.5395256916996047,0.6,0.19444444444444445,0.273015873015873,1,0,15.000000000000002,0.4285714285714286,partial_assembly,0.5,8,3,5,16.143977333001548,18.57257305325047,15.75880786530517,2,4,6240,0,64.94381356239319,52.262890577316284,12.529582500457764,35,1260,2.7777777777777777,25
140726_132208_agentic,"Agentic Evaluation (E. coli, esm_small, r20)",E. coli,20,39,21,3,2-4,1,1,0.0,0.7142857142857143,,0.5,0.6666666666666666,-0.3333333333333333,1.0,1.0,1.0,1.0,1.0,1.0,1.0,1.0,1.0,1.0,1.0,1.0,1.0,1.0,1.0,1.0,1.0,1.0,1.0,1.0,1.0,1.0,1.0,1.0,1,0,0.0,0.0,exact,,0,1,5,1.0,1.0,1.0,1,4,6486,0,39.118714332580566,37.333595991134644,1.6392488479614258,2,6,33.33333333333333,2
140726_132208_agentic,"Agentic Evaluation (E. coli, esm_small, r20)",E. coli,20,40,88,7,5-9,1,1,0.0,0.6818181818181818,,0.0,0.14285714285714285,0.3333333333333333,1.0,1.0,1.0,1.0,1.0,1.0,1.0,1.0,1.0,1.0,1.0,1.0,1.0,1.0,1.0,1.0,1.0,1.0,1.0,1.0,1.0,1.0,1.0,1.0,1,0,0.0,0.0,exact,,0,1,5,11.790970563382885,11.790970563382885,11.790970563382885,1,4,6092,0,34.109057903289795,31.525378465652466,2.4432930946350098,6,42,14.285714285714285,5
140726_132208_agentic,"Agentic Evaluation (E. coli, esm_small, r20)",E. coli,20,41,313,27,20-49,1,1,0.0,0.3226837060702875,,0.07692307692307693,0.07407407407407407,-0.09401709401709402,0.0,0.6006389776357828,0.37060702875399365,0.6538461538461539,0.18518518518518517,0.04843304843304843,1.0,1.0,1.0,1.0,1.0,1.0,1.0,1.0,1.0,1.0,1.0,1.0,1.0,1.0,1.0,1.0,1.0,1.0,1,0,0.0,0.0,exact,0.7777777777777778,9,2,5,15.421077961837923,19.412513554164583,15.421077961837923,4,4,6158,0,46.34938645362854,39.63174223899841,6.568075180053711,26,702,3.7037037037037033,23
140726_132208_agentic,"Agentic Evaluation (E. coli, esm_small, r20)",E. coli,20,42,726,52,50+,1,1,0.0,0.027548209366391185,,0.0196078431372549,0.038461538461538464,0.05279034690799397,0.0,0.0881542699724518,0.5013774104683195,0.5490196078431373,0.09615384615384616,0.35294117647058826,0.0,0.0881542699724518,0.4559228650137741,0.5686274509803921,0.11538461538461539,0.2066365007541478,0.0,0.0881542699724518,0.2961432506887053,0.6078431372549019,0.19230769230769232,0.26244343891402716,0.0,0.0881542699724518,0.5013774104683195,0.6470588235294118,0.19230769230769232,0.35294117647058826,1,0,20.000000000000004,0.3921568627450981,partial_assembly,0.6666666666666666,9,5,5,14.55688588073266,17.397613667830033,15.513882178115033,2,4,5985,0,120.99616503715515,96.80303359031677,24.040147304534912,51,2652,1.9230769230769231,40
140726_132208_agentic,"Agentic Evaluation (E. coli, esm_small, r20)",E. coli,20,43,1426,107,50+,1,1,0.0,0.029453015427769985,,0.02830188679245283,0.018691588785046728,0.027332040204549463,0.0,0.10799438990182328,0.3541374474053296,0.41509433962264153,0.04672897196261682,0.3884676423911127,0.0,0.197054698457223,0.29382889200561013,0.4339622641509434,0.06542056074766354,0.23611356021865632,0.0,0.06732117812061711,0.2461430575035063,0.5566037735849056,0.08411214953271028,0.11408922588608711,0.0,0.10799438990182328,0.3541374474053296,0.5566037735849056,0.09345794392523364,0.3884676423911127,0,0,47.0,0.44339622641509435,wrong_start,1.0,9,5,5,14.389244025342345,16.401443949463967,14.64715172797944,4,4,6083,0,308.7731931209564,240.20483589172363,68.4094820022583,106,11342,0.9345794392523363,76
140726_132208_agentic,"Agentic Evaluation (E. coli, esm_small, r20)",E. coli,20,44,403,15,10-19,1,1,0.0,0.21836228287841192,,0.0,0.06666666666666667,-0.3142857142857143,0.0,0.02729528535980149,0.42928039702233256,0.5,0.2,-0.3523809523809524,0.0,0.8387096774193549,0.6774193548387097,0.7857142857142857,0.6,0.44761904761904764,0.0,0.13647642679900746,0.3101736972704715,0.7857142857142857,0.6,0.02857142857142857,0.0,0.8312655086848635,0.662531017369727,0.7857142857142857,0.6,0.3333333333333333,1,0,3.0,0.21428571428571427,partial_assembly,0.75,8,2,5,12.91165772880509,16.53705511743572,12.67937792230408,3,4,6175,0,42.8651602268219,38.56540489196777,4.145367622375488,14,210,6.666666666666667,11
140726_132208_agentic,"Agentic Evaluation (E. coli, esm_small, r20)",E. coli,20,45,278,15,10-19,1,1,0.0,0.33093525179856115,,0.0,0.06666666666666667,-0.02857142857142857,0.0,0.5971223021582733,0.8309352517985611,0.6428571428571429,0.4,0.4095238095238095,0.0,0.9244604316546763,0.8633093525179856,0.7857142857142857,0.4,0.42857142857142855,1.0,1.0,1.0,1.0,1.0,1.0,1.0,1.0,1.0,1.0,1.0,1.0,1,0,0.0,0.0,exact,0.7777777777777778,9,5,5,11.066566303974994,19.221994550369807,12.023721327134519,3,4,6120,0,41.423656940460205,37.091259241104126,4.196367502212524,14,210,6.666666666666667,11
140726_132208_agentic,"Agentic Evaluation (E. coli, esm_small, r20)",E. coli,20,46,236,12,10-19,1,1,0.0,0.09322033898305085,,0.0,0.08333333333333333,-0.09090909090909091,0.0,0.4661016949152542,0.19067796610169496,0.7272727272727273,0.4166666666666667,-0.3939393939393939,0.0,0.9745762711864406,0.9491525423728814,0.8181818181818182,0.5833333333333334,0.7878787878787878,0.0,0.9745762711864406,0.9491525423728814,0.8181818181818182,0.5833333333333334,0.7878787878787878,0.0,0.9745762711864406,0.9491525423728814,0.8181818181818182,0.5833333333333334,0.7878787878787878,1,0,1.9999999999999996,0.18181818181818177,local_transposition,0.8571428571428571,7,5,5,18.502628757714668,29.854371448971882,18.502628757714668,5,4,5848,0,38.045353174209595,33.900803089141846,3.995459794998169,0,132,0.0,6
140726_132208_agentic,"Agentic Evaluation (E. coli, esm_small, r20)",E. coli,20,47,397,16,10-19,1,1,0.0,0.015113350125944584,,0.0,0.0625,0.06666666666666667,0.0,0.6926952141057935,0.7153652392947103,0.7333333333333333,0.6875,0.9166666666666666,1.0,1.0,1.0,1.0,1.0,1.0,1.0,1.0,1.0,1.0,1.0,1.0,1.0,1.0,1.0,1.0,1.0,1.0,1,0,0.0,0.0,exact,1.0,4,2,5,14.00000596197151,17.519352229009392,14.00000596197151,2,4,6099,0,40.5507390499115,35.66599154472351,4.742827892303467,15,240,6.25,13
140726_132208_agentic,"Agentic Evaluation (E. coli, esm_small, r20)",E. coli,20,48,364,19,10-19,1,1,0.0,0.24725274725274726,,0.1111111111111111,0.10526315789473684,0.005847953216374269,0.0,0.11263736263736264,0.38186813186813184,0.3333333333333333,0.21052631578947367,0.23976608187134502,0.0,0.22802197802197802,0.4065934065934066,0.7222222222222222,0.2631578947368421,0.3333333333333333,0.0,0.22802197802197802,0.4065934065934066,0.7222222222222222,0.2631578947368421,0.3333333333333333,0.0,0.4230769230769231,0.41208791208791207,0.7777777777777778,0.2631578947368421,0.3567251461988304,1,0,5.0,0.2777777777777778,partial_assembly,0.5714285714285714,7,3,5,14.055219307978211,19.39147486946929,14.055219307978211,4,4,6094,0,49.522759675979614,42.84017848968506,6.532323598861694,18,342,5.263157894736842,12
140726_132208_agentic,"Agentic Evaluation (E. coli, esm_small, r20)",E. coli,20,49,306,14,10-19,1,1,0.0,0.16339869281045752,,0.07692307692307693,0.14285714285714285,-0.054945054945054944,0.0,0.27450980392156865,0.43790849673202614,0.15384615384615385,0.14285714285714285,0.054945054945054944,0.0,0.738562091503268,0.6274509803921569,0.6153846153846154,0.21428571428571427,0.6923076923076923,0.0,0.738562091503268,0.5326797385620915,0.6153846153846154,0.21428571428571427,0.8241758241758241,0.0,0.8496732026143791,0.6993464052287581,0.7692307692307693,0.5714285714285714,0.9560439560439561,1,0,5.0,0.38461538461538464,partial_assembly,0.7777777777777778,9,4,5,19.823834649577634,27.245098427585884,19.882637390335166,4,4,5936,0,41.55373573303223,37.210063219070435,4.192202806472778,13,182,7.142857142857142,8
140726_132208_agentic,"Agentic Evaluation (E. coli, esm_small, r20)",E. coli,20,50,102,7,5-9,1,1,0.0,0.35294117647058826,,0.16666666666666666,0.2857142857142857,-0.3333333333333333,0.0,0.38235294117647056,0.3137254901960784,0.16666666666666666,0.2857142857142857,0.23809523809523808,0.0,0.696078431372549,0.4607843137254902,0.5,0.2857142857142857,0.8095238095238095,0.0,0.696078431372549,0.4607843137254902,0.5,0.2857142857142857,0.8095238095238095,0.0,0.696078431372549,0.4607843137254902,0.5,0.2857142857142857,0.8095238095238095,1,0,3.0,0.5,partial_assembly,1.0,4,2,5,14.66976236062518,27.09181246000331,14.66976236062518,3,4,6151,0,34.372342586517334,31.444574117660522,2.7792844772338867,6,42,14.285714285714285,3
140726_132208_agentic,"Agentic Evaluation (E. coli, esm_small, r20)",E. coli,20,51,465,20,20-49,1,1,0.0,0.17204301075268819,,0.15789473684210525,0.1,0.16842105263157894,0.0,0.24731182795698925,0.6860215053763441,0.6842105263157895,0.3,0.29473684210526313,0.0,0.25161290322580643,0.4516129032258065,0.7894736842105263,0.3,0.4421052631578947,0.0,0.25161290322580643,0.4516129032258065,0.7894736842105263,0.3,0.4421052631578947,0.0,0.25161290322580643,0.6860215053763441,0.7894736842105263,0.3,0.4421052631578947,1,0,4.0,0.21052631578947367,partial_assembly,1.0,6,2,5,13.300133722175755,14.816517411764103,13.300133722175755,5,4,6058,0,45.02678346633911,38.057470083236694,6.82826042175293,0,380,0.0,13
140726_132208_agentic,"Agentic Evaluation (E. coli, esm_small, r20)",E. coli,20,52,248,24,20-49,1,1,0.0,0.0,,0.043478260869565216,0.08333333333333333,0.07246376811594203,0.0,0.06048387096774194,0.24596774193548387,0.5652173913043478,0.20833333333333334,0.4057971014492754,0.0,0.056451612903225805,0.5564516129032258,0.782608695652174,0.2916666666666667,0.2391304347826087,0.0,0.056451612903225805,0.5564516129032258,0.782608695652174,0.2916666666666667,0.2391304347826087,0.0,0.06048387096774194,0.5564516129032258,0.782608695652174,0.2916666666666667,0.4057971014492754,1,0,4.999999999999999,0.21739130434782605,partial_assembly,0.8888888888888888,9,2,5,13.778567929308206,16.22652420033575,13.778567929308206,4,4,6388,0,43.6742057800293,37.647581338882446,5.871006488800049,0,552,0.0,17
140726_132208_agentic,"Agentic Evaluation (E. coli, esm_small, r20)",E. coli,20,53,372,13,10-19,1,1,0.0,0.010752688172043012,,0.08333333333333333,0.15384615384615385,-0.15384615384615385,0.0,0.29838709677419356,0.32258064516129037,0.16666666666666666,0.23076923076923078,0.3333333333333333,0.0,0.053763440860215055,0.5134408602150538,0.3333333333333333,0.38461538461538464,0.23076923076923078,0.0,0.053763440860215055,0.5134408602150538,0.3333333333333333,0.38461538461538464,0.23076923076923078,0.0,0.29838709677419356,0.5134408602150538,0.4166666666666667,0.46153846153846156,0.3333333333333333,1,0,8.0,0.6666666666666666,partial_assembly,0.7777777777777778,9,2,5,16.839454484363923,24.023743905772832,16.839454484363923,5,4,5920,0,42.22218990325928,35.97137260437012,6.1040050983428955,12,156,7.6923076923076925,3
140726_132208_agentic,"Agentic Evaluation (E. coli, esm_small, r20)",E. coli,20,54,62,4,2-4,1,1,0.0,0.5967741935483871,,0.3333333333333333,0.5,0.3333333333333333,1.0,1.0,1.0,1.0,1.0,1.0,1.0,1.0,1.0,1.0,1.0,1.0,1.0,1.0,1.0,1.0,1.0,1.0,1.0,1.0,1.0,1.0,1.0,1.0,1,1,0.0,0.0,exact,,0,1,5,24.4573466408745,24.4573466408745,24.4573466408745,1,4,6258,0,33.456745862960815,31.429996252059937,1.8727257251739502,0,12,0.0,2
140726_132208_agentic,"Agentic Evaluation (E. coli, esm_small, r20)",E. coli,20,55,110,8,5-9,1,1,0.0,0.34545454545454546,,0.2857142857142857,0.25,-0.42857142857142855,0.0,0.8545454545454545,0.7090909090909091,0.5714285714285714,0.375,0.7857142857142857,0.0,0.8545454545454545,0.7090909090909091,0.5714285714285714,0.375,0.7857142857142857,1.0,1.0,1.0,1.0,1.0,1.0,1.0,1.0,1.0,1.0,1.0,1.0,1,0,0.0,0.0,exact,1.0,6,2,5,12.55889797645015,13.337917448432846,13.337917448432846,1,4,5980,0,32.86802124977112,30.5163414478302,2.1964211463928223,7,56,12.5,6
140726_132208_agentic,"Agentic Evaluation (E. coli, esm_small, r20)",E. coli,20,56,768,51,50+,1,1,0.0,0.07161458333333333,,0.0,0.0196078431372549,0.06196078431372549,0.0,0.022135416666666668,0.39583333333333337,0.4,0.13725490196078433,0.10431372549019607,0.0,0.30078125,0.39322916666666663,0.5,0.21568627450980393,0.23607843137254902,0.0,0.08203125,0.41145833333333337,0.5,0.1568627450980392,0.07764705882352942,0.0,0.3255208333333333,0.41145833333333337,0.5,0.21568627450980393,0.27058823529411763,0,0,25.0,0.5,wrong_start,1.0,9,3,5,18.912735355729428,20.58350660643635,18.940969785189907,3,4,5798,0,77.62221002578735,51.26825714111328,26.17562437057495,50,2550,1.9607843137254901,33
140726_132208_agentic,"Agentic Evaluation (E. coli, esm_small, r20)",E. coli,20,57,144,6,5-9,1,1,0.0,0.6319444444444444,,0.2,0.3333333333333333,-0.8666666666666667,0.0,0.9722222222222222,0.9444444444444444,0.6,0.5,0.7333333333333333,1.0,1.0,1.0,1.0,1.0,1.0,1.0,1.0,1.0,1.0,1.0,1.0,1.0,1.0,1.0,1.0,1.0,1.0,1,0,0.0,0.0,exact,1.0,4,2,5,13.676841941841396,18.2419609155535,13.676841941841396,2,4,6161,0,33.84435033798218,31.070130109786987,2.6194984912872314,5,30,16.666666666666664,3
140726_132208_agentic,"Agentic Evaluation (E. coli, esm_small, r20)",E. coli,20,58,135,9,5-9,1,1,0.0,0.6518518518518519,,0.25,0.3333333333333333,0.0,0.0,0.43703703703703706,0.18518518518518523,0.25,0.3333333333333333,0.05555555555555555,0.0,0.6666666666666666,0.3481481481481481,0.75,0.5555555555555556,0.7222222222222222,0.0,0.562962962962963,0.19999999999999996,0.5,0.3333333333333333,0.3333333333333333,0.0,0.6666666666666666,0.3481481481481481,0.75,0.5555555555555556,0.7222222222222222,0,0,4.0,0.5,wrong_start,0.5714285714285714,7,4,5,17.19420763560489,23.592803347658847,18.89655040745996,2,4,6109,0,34.58458209037781,31.515111207962036,2.9106359481811523,8,72,11.11111111111111,5
140726_132208_agentic,"Agentic Evaluation (E. coli, esm_small, r20)",E. coli,20,59,463,22,20-49,1,1,0.0,0.0064794816414686825,,0.14285714285714285,0.13636363636363635,-0.1341991341991342,0.0,0.28077753779697623,0.3153347732181425,0.2857142857142857,0.09090909090909091,0.19480519480519481,0.0,0.3326133909287257,0.3045356371490281,0.3333333333333333,0.13636363636363635,0.2813852813852814,0.0,0.008639308855291577,0.3455723542116631,0.42857142857142855,0.22727272727272727,0.3333333333333333,0.0,0.28077753779697623,0.48812095032397407,0.47619047619047616,0.22727272727272727,0.3333333333333333,0,0,12.0,0.5714285714285714,wrong_start,0.5555555555555556,9,3,5,15.50802693330143,20.624675103761582,17.1240060043579,4,4,5852,0,48.73863935470581,41.216044187545776,7.369383335113525,21,462,4.545454545454546,20
140726_132208_agentic,"Agentic Evaluation (E. coli, esm_small, r20)",E. coli,20,60,216,11,10-19,1,1,0.0,0.013888888888888888,,0.1,0.18181818181818182,0.12727272727272726,1.0,1.0,1.0,1.0,1.0,1.0,1.0,1.0,1.0,1.0,1.0,1.0,1.0,1.0,1.0,1.0,1.0,1.0,1.0,1.0,1.0,1.0,1.0,1.0,1,0,0.0,0.0,exact,1.0,4,1,5,15.04584345114109,15.04584345114109,15.04584345114109,1,4,5967,0,36.78939461708069,33.543923139572144,3.0951344966888428,10,110,9.090909090909092,7
140726_132208_agentic,"Agentic Evaluation (E. coli, esm_small, r20)",E. coli,20,61,256,9,5-9,1,1,0.0,0.4140625,,0.0,0.1111111111111111,0.2222222222222222,0.0,0.546875,0.23828125,0.25,0.2222222222222222,-0.1111111111111111,1.0,1.0,1.0,1.0,1.0,1.0,1.0,1.0,1.0,1.0,1.0,1.0,1.0,1.0,1.0,1.0,1.0,1.0,1,0,0.0,0.0,exact,1.0,4,2,5,12.064794605437093,29.906806462337023,12.064794605437093,3,4,5858,0,37.134456634521484,33.64417505264282,3.342808485031128,0,72,0.0,5
140726_132208_agentic,"Agentic Evaluation (E. coli, esm_small, r20)",E. coli,20,62,393,19,10-19,1,1,0.0,0.1628498727735369,,0.05555555555555555,0.10526315789473684,0.2046783625730994,0.0,0.2875318066157761,0.46819338422391854,0.5,0.2631578947368421,0.3567251461988304,0.0,0.2875318066157761,0.46819338422391854,0.5,0.2631578947368421,0.3567251461988304,0.0,0.2875318066157761,0.4249363867684478,0.5555555555555556,0.3157894736842105,0.5087719298245614,0.0,0.2875318066157761,0.7862595419847328,0.6111111111111112,0.3157894736842105,0.7192982456140351,1,0,8.0,0.4444444444444444,partial_assembly,0.8571428571428571,7,4,5,13.996595235484815,15.862260904802001,15.862260904802001,1,4,6092,0,38.48408484458923,34.89870548248291,3.4362730979919434,0,342,0.0,13
140726_132208_agentic,"Agentic Evaluation (E. coli, esm_small, r20)",E. coli,20,63,42,3,2-4,1,1,1.0,1.0,,1.0,1.0,1.0,1.0,1.0,1.0,1.0,1.0,1.0,1.0,1.0,1.0,1.0,1.0,1.0,1.0,1.0,1.0,1.0,1.0,1.0,1.0,1.0,1.0,1.0,1.0,1.0,1,1,0.0,0.0,exact,,0,1,5,1.0,1.0,1.0,1,4,6296,0,32.50701141357422,30.754340648651123,1.5960896015167236,2,6,33.33333333333333,2
140726_132208_agentic,"Agentic Evaluation (E. coli, esm_small, r20)",E. coli,20,64,256,13,10-19,1,1,0.0,0.42578125,,0.0,0.07692307692307693,-0.358974358974359,0.0,0.50390625,0.71875,0.6666666666666666,0.5384615384615384,0.8461538461538461,1.0,1.0,1.0,1.0,1.0,1.0,1.0,1.0,1.0,1.0,1.0,1.0,1.0,1.0,1.0,1.0,1.0,1.0,1,0,0.0,0.0,exact,1.0,4,2,5,8.365242027595059,9.650462567307097,8.365242027595059,4,4,5871,0,30.406439304351807,26.251821279525757,3.9929213523864746,12,156,7.6923076923076925,9
140726_132208_agentic,"Agentic Evaluation (E. coli, esm_small, r20)",E. coli,20,65,120,7,5-9,1,1,0.0,0.7083333333333334,,0.16666666666666666,0.2857142857142857,0.047619047619047616,1.0,1.0,1.0,1.0,1.0,1.0,1.0,1.0,1.0,1.0,1.0,1.0,1.0,1.0,1.0,1.0,1.0,1.0,1.0,1.0,1.0,1.0,1.0,1.0,1,0,0.0,0.0,exact,,0,1,5,24.68328888971387,24.68328888971387,24.68328888971387,1,4,6147,0,32.2802996635437,29.29658555984497,2.8309555053710938,0,42,0.0,5
140726_132208_agentic,"Agentic Evaluation (E. coli, esm_small, r20)",E. coli,20,66,269,11,10-19,1,1,0.0,0.40892193308550184,,0.0,0.09090909090909091,0.34545454545454546,0.0,0.4423791821561338,0.5278810408921932,0.1,0.18181818181818182,0.5636363636363636,0.0,0.8773234200743495,0.8587360594795539,0.6,0.45454545454545453,0.7454545454545455,0.0,0.8773234200743495,0.8587360594795539,0.6,0.45454545454545453,0.7454545454545455,0.0,0.9033457249070632,0.9107806691449815,0.7,0.5454545454545454,0.8909090909090909,1,1,4.0,0.4,partial_assembly,0.8888888888888888,9,3,5,14.781517961793275,26.234160075111216,14.781517961793275,4,4,6127,0,36.96769309043884,34.197370290756226,2.6295948028564453,10,110,9.090909090909092,3
140726_132208_agentic,"Agentic Evaluation (E. coli, esm_small, r20)",E. coli,20,67,437,18,10-19,1,1,0.0,0.2494279176201373,,0.0,0.05555555555555555,0.1503267973856209,0.0,0.459954233409611,0.4050343249427918,0.47058823529411764,0.2222222222222222,0.21568627450980393,0.0,0.3707093821510298,0.4347826086956522,0.5882352941176471,0.16666666666666666,-0.058823529411764705,0.0,0.3707093821510298,0.4279176201372997,0.7058823529411765,0.4444444444444444,0.6601307189542484,0.0,0.459954233409611,0.4439359267734554,0.7058823529411765,0.4444444444444444,0.6601307189542484,1,0,4.999999999999999,0.2941176470588235,partial_assembly,1.0,9,5,5,14.501712064126833,17.33095178038335,14.06812214069844,4,4,6228,0,42.87740468978882,36.489336013793945,6.254721164703369,17,306,5.555555555555555,11
140726_132208_agentic,"Agentic Evaluation (E. coli, esm_small, r20)",E. coli,20,68,870,55,50+,1,1,0.0,0.19195402298850575,,0.037037037037037035,0.03636363636363636,0.2404040404040404,0.0,0.026436781609195402,0.20919540229885059,0.46296296296296297,0.12727272727272726,-0.07609427609427609,0.0,0.026436781609195402,0.22528735632183905,0.5370370370370371,0.2,-0.026262626262626262,0.0,0.027586206896551724,0.3873563218390804,0.6666666666666666,0.3090909090909091,0.265993265993266,0.0,0.027586206896551724,0.3873563218390804,0.6851851851851852,0.3090909090909091,0.3090909090909091,1,0,18.000000000000004,0.3333333333333334,partial_assembly,0.9,10,4,5,16.69920815998026,18.950347156419227,17.376204578728903,2,4,6021,0,106.84603953361511,79.0422191619873,27.66537570953369,54,2970,1.8181818181818181,40
140726_132208_agentic,"Agentic Evaluation (E. coli, esm_small, r20)",E. coli,20,69,223,18,10-19,1,1,0.0,0.0,,0.058823529411764705,0.1111111111111111,0.20261437908496732,0.0,0.2242152466367713,0.34080717488789236,0.6470588235294118,0.2777777777777778,0.2549019607843137,0.0,0.2242152466367713,0.641255605381166,0.8235294117647058,0.3333333333333333,0.6862745098039216,0.0,0.2242152466367713,0.641255605381166,0.8235294117647058,0.3333333333333333,0.6862745098039216,0.0,0.2242152466367713,0.641255605381166,0.8235294117647058,0.3333333333333333,0.6862745098039216,1,0,3.000000000000001,0.17647058823529416,partial_assembly,1.0,7,2,5,16.7745281634911,24.156440290738306,16.7745281634911,2,4,5914,0,31.474276304244995,26.875598907470703,4.462234258651733,17,306,5.555555555555555,12
140726_132208_agentic,"Agentic Evaluation (E. coli, esm_small, r20)",E. coli,20,70,442,21,20-49,1,1,0.0,0.01809954751131222,,0.05,0.09523809523809523,-0.14285714285714285,0.0,0.4796380090497738,0.4751131221719457,0.45,0.23809523809523808,0.3904761904761905,0.0,0.502262443438914,0.4796380090497737,0.65,0.23809523809523808,0.5238095238095238,0.0,0.502262443438914,0.4796380090497737,0.65,0.23809523809523808,0.5238095238095238,0.0,0.502262443438914,0.5158371040723981,0.75,0.23809523809523808,0.5904761904761905,1,1,7.0,0.35,partial_assembly,0.6666666666666666,9,3,5,14.214578399141557,17.1207275715168,14.214578399141557,3,4,6145,0,45.496378898620605,38.53115630149841,6.824834823608398,0,420,0.0,13
140726_132208_agentic,"Agentic Evaluation (E. coli, esm_small, r20)",E. coli,20,71,261,17,10-19,1,1,0.0,0.08812260536398467,,0.0,0.058823529411764705,0.04411764705882353,0.0,0.29118773946360155,0.27203065134099613,0.6875,0.47058823529411764,0.07352941176470588,0.0,0.5862068965517241,0.28352490421455934,0.75,0.5882352941176471,0.5294117647058824,0.0,0.2988505747126437,0.6015325670498084,0.75,0.47058823529411764,0.7941176470588235,0.0,0.5862068965517241,0.6934865900383143,0.75,0.5882352941176471,0.7941176470588235,1,0,4.0,0.25,partial_assembly,1.0,6,4,5,17.16070513078926,21.438757728511018,17.23935916581999,5,4,5837,0,38.896082639694214,36.1652250289917,2.5954182147979736,16,272,5.88235294117647,11
140726_132208_agentic,"Agentic Evaluation (E. coli, esm_small, r20)",E. coli,20,72,119,6,5-9,1,1,0.0,0.8907563025210085,,0.2,0.3333333333333333,0.6,0.0,0.7226890756302521,0.4453781512605042,0.4,0.3333333333333333,0.3333333333333333,1.0,1.0,1.0,1.0,1.0,1.0,1.0,1.0,1.0,1.0,1.0,1.0,1.0,1.0,1.0,1.0,1.0,1.0,1,0,0.0,0.0,exact,1.0,4,2,5,8.266562284947442,15.308757942150443,8.266562284947442,3,4,5982,0,35.01942157745361,32.33065390586853,2.5497729778289795,5,30,16.666666666666664,3
140726_132208_agentic,"Agentic Evaluation (E. coli, esm_small, r20)",E. coli,20,73,168,6,5-9,1,1,0.0,0.5178571428571429,,0.2,0.3333333333333333,-0.3333333333333333,0.0,0.5119047619047619,0.47023809523809523,0.2,0.3333333333333333,0.4666666666666667,0.0,0.7916666666666666,0.5833333333333333,0.4,0.3333333333333333,0.7333333333333333,0.0,0.7916666666666666,0.5833333333333333,0.4,0.3333333333333333,0.7333333333333333,0.0,0.7916666666666666,0.6666666666666667,0.4,0.3333333333333333,0.7333333333333333,1,0,3.0,0.6,partial_assembly,1.0,6,2,5,17.91060977131827,17.931120708101133,17.91060977131827,3,4,5853,0,31.279412269592285,28.51236891746521,2.6285853385925293,5,30,16.666666666666664,1
140726_132208_agentic,"Agentic Evaluation (E. coli, esm_small, r20)",E. coli,20,74,155,8,5-9,1,1,0.0,0.7677419354838709,,0.2857142857142857,0.25,-0.07142857142857142,0.0,0.9225806451612903,0.8451612903225807,0.7142857142857143,0.375,0.5714285714285714,0.0,0.9225806451612903,0.8451612903225807,0.7142857142857143,0.375,0.5714285714285714,0.0,0.9225806451612903,0.8451612903225807,0.7142857142857143,0.375,0.5714285714285714,1.0,1.0,1.0,1.0,1.0,1.0,1,0,2.0,0.2857142857142857,partial_assembly,0.0,6,1,5,12.62580731235809,12.62580731235809,12.62580731235809,1,4,5968,0,34.93239498138428,31.969744443893433,2.820850133895874,7,56,12.5,4
140726_132208_agentic,"Agentic Evaluation (E. coli, esm_small, r20)",E. coli,20,75,300,17,10-19,1,1,0.0,0.013333333333333334,,0.25,0.11764705882352941,0.1323529411764706,0.0,0.6566666666666666,0.5533333333333333,0.5625,0.23529411764705882,0.17647058823529413,0.0,0.6933333333333334,0.42000000000000004,0.8125,0.47058823529411764,0.5294117647058824,0.0,0.6933333333333334,0.42000000000000004,0.8125,0.47058823529411764,0.5294117647058824,0.0,0.9833333333333333,0.9933333333333333,0.8125,0.5294117647058824,0.8823529411764706,1,0,3.0,0.1875,partial_assembly,1.0,7,3,5,11.770310836174165,15.237680208524838,11.770310836174165,3,4,5872,0,40.57691979408264,35.711028814315796,4.712747812271118,16,272,5.88235294117647,12
140726_132208_agentic,"Agentic Evaluation (E. coli, esm_small, r20)",E. coli,20,76,157,7,5-9,1,1,0.0,0.3885350318471338,,0.16666666666666666,0.2857142857142857,-0.7142857142857143,1.0,1.0,1.0,1.0,1.0,1.0,0.0,0.9490445859872612,0.8980891719745223,0.6666666666666666,0.42857142857142855,0.7142857142857143,0.0,0.9490445859872612,0.8980891719745223,0.6666666666666666,0.42857142857142855,0.7142857142857143,1.0,1.0,1.0,1.0,1.0,1.0,1,0,2.0,0.3333333333333333,partial_assembly,0.0,4,5,5,16.297888353945815,33.33455076087769,16.297888353945815,5,4,6089,0,33.55162191390991,30.48484468460083,2.917067050933838,6,42,14.285714285714285,5
140726_132208_agentic,"Agentic Evaluation (E. coli, esm_small, r20)",E. coli,20,77,396,18,10-19,1,1,0.0,0.0,,0.0,0.05555555555555555,-0.30718954248366015,0.0,0.09343434343434344,0.2702020202020202,0.5294117647058824,0.2222222222222222,0.1111111111111111,0.0,0.09343434343434344,0.6565656565656566,0.47058823529411764,0.2222222222222222,0.6601307189542484,0.0,0.09343434343434344,0.46464646464646464,0.47058823529411764,0.2222222222222222,0.4117647058823529,0.0,0.09343434343434344,0.6767676767676767,0.5294117647058824,0.2222222222222222,0.6601307189542484,1,0,9.0,0.5294117647058824,partial_assembly,0.0,4,3,5,15.567567126667385,19.905723307941688,15.84699519598135,3,4,6342,0,41.75137639045715,36.64172077178955,4.955012559890747,17,306,5.555555555555555,8
140726_132208_agentic,"Agentic Evaluation (E. coli, esm_small, r20)",E. coli,20,78,792,44,20-49,1,1,0.0,0.13005050505050506,,0.023255813953488372,0.045454545454545456,-0.06976744186046512,0.0,0.17045454545454544,0.3421717171717171,0.32558139534883723,0.06818181818181818,0.023255813953488372,0.0,0.19570707070707072,0.33838383838383834,0.5348837209302325,0.18181818181818182,0.10570824524312897,0.0,0.09343434343434344,0.36363636363636365,0.6046511627906976,0.18181818181818182,0.042283298097251586,0.0,0.19570707070707072,0.36363636363636365,0.6046511627906976,0.20454545454545456,0.13953488372093023,1,0,17.0,0.3953488372093023,partial_assembly,0.9,10,3,5,15.348183973982334,17.873206211488444,16.86316955845046,4,4,5968,0,105.1437566280365,80.84306049346924,24.140609741210938,0,1892,0.0,28
140726_132208_agentic,"Agentic Evaluation (E. coli, esm_small, r20)",E. coli,20,79,101,6,5-9,1,1,0.0,0.9207920792079208,,0.0,0.16666666666666666,-0.2,1.0,1.0,1.0,1.0,1.0,1.0,1.0,1.0,1.0,1.0,1.0,1.0,1.0,1.0,1.0,1.0,1.0,1.0,1.0,1.0,1.0,1.0,1.0,1.0,1,0,0.0,0.0,exact,,0,1,5,12.58514256044135,12.58514256044135,12.58514256044135,1,4,6098,0,37.52331185340881,34.75177764892578,2.6348841190338135,5,30,16.666666666666664,4
140726_132208_agentic,"Agentic Evaluation (E. coli, esm_small, r20)",E. coli,20,80,702,55,50+,1,1,0.0,0.10113960113960115,,0.05555555555555555,0.03636363636363636,-0.05185185185185185,0.0,0.35327635327635326,0.37321937321937326,0.3888888888888889,0.14545454545454545,0.21346801346801347,0.0,0.32905982905982906,0.3589743589743589,0.4444444444444444,0.12727272727272726,0.21077441077441078,0.0,0.22364672364672364,0.3988603988603988,0.48148148148148145,0.12727272727272726,0.4222222222222222,0.0,0.35327635327635326,0.3988603988603988,0.48148148148148145,0.14545454545454545,0.4222222222222222,1,0,28.000000000000004,0.5185185185185186,partial_assembly,1.0,9,5,5,16.66224327062327,19.45792114010074,16.83771472970913,2,4,5763,0,116.74149370193481,85.34688997268677,31.20086932182312,54,2970,1.8181818181818181,38
140726_132208_agentic,"Agentic Evaluation (E. coli, esm_small, r20)",E. coli,20,81,530,26,20-49,1,1,0.0,0.0,,0.0,0.038461538461538464,-0.04,0.0,0.020754716981132074,0.3377358490566038,0.48,0.3076923076923077,-0.07076923076923076,0.0,0.0018867924528301887,0.28113207547169816,0.44,0.19230769230769232,-0.16307692307692306,0.0,0.020754716981132074,0.37735849056603776,0.6,0.3076923076923077,0.12,0.0,0.020754716981132074,0.5867924528301887,0.6,0.3076923076923077,0.3353846153846154,1,0,10.0,0.4,partial_assembly,1.0,6,5,5,15.915363015958297,20.075681228466877,19.635406080440397,2,4,6104,0,50.59706425666809,45.53623867034912,4.906368732452393,25,650,3.8461538461538463,14
140726_132208_agentic,"Agentic Evaluation (E. coli, esm_small, r20)",E. coli,20,82,326,20,20-49,1,1,0.0,0.08282208588957055,,0.0,0.05,-0.25263157894736843,0.0,0.13496932515337423,0.21472392638036808,0.2631578947368421,0.2,0.3263157894736842,0.0,0.13496932515337423,0.3190184049079755,0.2631578947368421,0.2,0.29473684210526313,0.0,0.17484662576687116,0.3834355828220859,0.3157894736842105,0.2,0.4631578947368421,0.0,0.17484662576687116,0.4263803680981595,0.3157894736842105,0.2,0.4842105263157895,1,0,13.0,0.6842105263157895,partial_assembly,1.0,7,2,5,17.809544862229956,21.523125859691138,19.407501134358995,4,4,5782,0,37.374807834625244,32.532124042510986,4.688592433929443,19,380,5.0,6
140726_132208_agentic,"Agentic Evaluation (E. coli, esm_small, r20)",E. coli,20,83,297,27,20-49,1,1,0.0,0.0,,0.0,0.037037037037037035,-0.07692307692307693,0.0,0.15488215488215487,0.3535353535353535,0.5384615384615384,0.18518518518518517,0.4586894586894587,0.0,0.15488215488215487,0.3535353535353535,0.5384615384615384,0.18518518518518517,0.4586894586894587,0.0,0.15488215488215487,0.4747474747474747,0.6538461538461539,0.2962962962962963,0.6296296296296297,0.0,0.15488215488215487,0.6868686868686869,0.7307692307692307,0.4444444444444444,0.8347578347578347,1,0,9.0,0.34615384615384615,partial_assembly,0.5555555555555556,9,5,5,17.84297149206116,18.915618253908757,18.915618253908757,1,4,5890,0,36.56474804878235,31.06149673461914,5.358712911605835,26,702,3.7037037037037033,19
140726_132208_agentic,"Agentic Evaluation (E. coli, esm_small, r20)",E. coli,20,84,310,19,10-19,1,1,0.0,0.016129032258064516,,0.05555555555555555,0.10526315789473684,-0.029239766081871343,0.0,0.11290322580645161,0.6709677419354838,0.7777777777777778,0.631578947368421,0.5087719298245614,0.0,0.11290322580645161,0.6709677419354838,0.8333333333333334,0.631578947368421,0.5789473684210527,1.0,1.0,1.0,1.0,1.0,1.0,1.0,1.0,1.0,1.0,1.0,1.0,1,0,0.0,0.0,exact,0.8571428571428571,7,2,5,12.949353949034915,13.783996068631835,12.789298016024729,5,4,6025,0,42.979225158691406,38.831671476364136,3.9965929985046387,18,342,5.263157894736842,17
140726_132208_agentic,"Agentic Evaluation (E. coli, esm_small, r20)",E. coli,20,85,284,19,10-19,1,1,0.0,0.0,,0.05555555555555555,0.10526315789473684,0.07602339181286549,0.0,0.19014084507042253,0.6232394366197183,0.4444444444444444,0.15789473684210525,0.391812865497076,0.0,0.08450704225352113,0.4401408450704225,0.5,0.21052631578947367,0.2046783625730994,0.0,0.08450704225352113,0.3661971830985915,0.5555555555555556,0.2631578947368421,0.4152046783625731,0.0,0.19014084507042253,0.6232394366197183,0.5555555555555556,0.2631578947368421,0.49707602339181284,1,0,8.0,0.4444444444444444,partial_assembly,0.875,8,2,5,15.986394876536973,20.877357464516404,17.369669847629897,4,4,6303,0,43.420960426330566,38.00462508201599,5.258771896362305,18,342,5.263157894736842,9
140726_132208_agentic,"Agentic Evaluation (E. coli, esm_small, r20)",E. coli,20,86,499,26,20-49,1,1,0.0,0.11022044088176353,,0.08,0.07692307692307693,-0.12615384615384614,0.0,0.6713426853707415,0.7154308617234468,0.44,0.2692307692307692,0.2,0.0,0.6753507014028056,0.8837675350701403,0.64,0.2692307692307692,0.6615384615384615,0.0,0.6713426853707415,0.8356713426853708,0.52,0.2692307692307692,0.6923076923076923,0.0,0.6753507014028056,0.8837675350701403,0.64,0.2692307692307692,0.6923076923076923,1,0,12.0,0.48,partial_assembly,0.7777777777777778,9,5,5,15.881817646324224,18.730823747895755,15.940387984844326,2,4,5748,0,57.332353353500366,43.49191379547119,13.68981146812439,25,650,3.8461538461538463,24
140726_132208_agentic,"Agentic Evaluation (E. coli, esm_small, r20)",E. coli,20,87,72,7,5-9,1,1,0.0,0.6111111111111112,,0.0,0.14285714285714285,-0.5238095238095238,0.0,0.8055555555555556,0.6111111111111112,0.6666666666666666,0.5714285714285714,0.8095238095238095,1.0,1.0,1.0,1.0,1.0,1.0,1.0,1.0,1.0,1.0,1.0,1.0,1.0,1.0,1.0,1.0,1.0,1.0,1,0,0.0,0.0,exact,1.0,4,2,5,14.587121709837088,15.822144230995667,14.587121709837088,2,4,5931,0,39.988436698913574,37.061009645462036,2.773965835571289,0,42,0.0,5
140726_132208_agentic,"Agentic Evaluation (E. coli, esm_small, r20)",E. coli,20,88,328,21,20-49,1,1,0.0,0.08231707317073171,,0.0,0.047619047619047616,0.08571428571428572,0.0,0.4847560975609756,0.4695121951219512,0.7,0.23809523809523808,0.6095238095238096,0.0,0.4146341463414634,0.3567073170731707,0.7,0.23809523809523808,0.34285714285714286,0.0,0.6128048780487805,0.6646341463414633,0.75,0.2857142857142857,0.7333333333333333,0.0,0.6128048780487805,0.6646341463414633,0.75,0.2857142857142857,0.7333333333333333,1,0,5.0,0.25,partial_assembly,1.0,7,2,5,11.008434477960254,11.658231771934487,11.035263825234233,5,4,5978,0,40.359468936920166,33.63725805282593,6.567513942718506,20,420,4.761904761904762,13
140726_132208_agentic,"Agentic Evaluation (E. coli, esm_small, r20)",E. coli,20,89,434,28,20-49,1,1,0.0,0.06451612903225806,,0.0,0.03571428571428571,-0.15343915343915343,0.0,0.41935483870967744,0.46543778801843316,0.5555555555555556,0.42857142857142855,0.708994708994709,0.0,0.16820276497695852,0.5092165898617511,0.6296296296296297,0.2857142857142857,0.7777777777777778,0.0,0.26497695852534564,0.5806451612903225,0.7407407407407407,0.2857142857142857,0.7619047619047619,0.0,0.4377880184331797,0.5806451612903225,0.7407407407407407,0.42857142857142855,0.7936507936507936,1,0,7.000000000000001,0.2592592592592593,partial_assembly,0.8888888888888888,9,3,5,15.660719838637858,18.700155480007986,16.762815085071388,5,4,6059,0,52.64537024497986,45.10786533355713,7.378442049026489,27,756,3.571428571428571,20
140726_132208_agentic,"Agentic Evaluation (E. coli, esm_small, r20)",E. coli,20,90,245,15,10-19,1,1,0.0,0.33877551020408164,,0.07142857142857142,0.13333333333333333,-0.009523809523809525,0.0,0.49795918367346936,0.3510204081632653,0.2857142857142857,0.13333333333333333,-0.06666666666666667,0.0,0.5591836734693878,0.5591836734693878,0.7142857142857143,0.3333333333333333,0.06666666666666667,0.0,0.5591836734693878,0.5591836734693878,0.7142857142857143,0.3333333333333333,0.06666666666666667,0.0,0.5591836734693878,0.5591836734693878,0.7142857142857143,0.3333333333333333,0.06666666666666667,0,0,4.0,0.2857142857142857,wrong_start,1.0,4,2,5,11.164565176769461,22.92636184655811,11.164565176769461,3,4,6188,0,43.69684338569641,38.5756299495697,4.938639879226685,14,210,6.666666666666667,8
140726_132208_agentic,"Agentic Evaluation (E. coli, esm_small, r20)",E. coli,20,91,122,9,5-9,1,1,0.0,0.9016393442622951,,0.25,0.2222222222222222,-0.2222222222222222,0.0,0.9918032786885246,0.9836065573770492,0.75,0.7777777777777778,0.9444444444444444,0.0,0.860655737704918,0.7213114754098361,0.625,0.5555555555555556,0.7222222222222222,0.0,0.860655737704918,0.7213114754098361,0.625,0.5555555555555556,0.7222222222222222,1.0,1.0,1.0,1.0,1.0,1.0,1,0,3.0,0.375,partial_assembly,0.0,7,2,5,15.030030980310112,15.35740459012233,15.030030980310112,2,4,5909,0,31.356492042541504,28.327581644058228,2.888583183288574,8,72,11.11111111111111,5
140726_132208_agentic,"Agentic Evaluation (E. coli, esm_small, r20)",E. coli,20,92,387,15,10-19,1,1,0.0,0.012919896640826873,,0.07142857142857142,0.13333333333333333,-0.10476190476190476,0.0,0.39276485788113696,0.6873385012919897,0.5,0.26666666666666666,0.44761904761904764,0.0,0.40568475452196384,0.6304909560723514,0.7142857142857143,0.4,0.8476190476190476,0.0,0.35400516795865633,0.5478036175710594,0.6428571428571429,0.4,0.6952380952380952,0.0,0.39276485788113696,0.6873385012919897,0.7142857142857143,0.4,0.7333333333333333,1,0,4.999999999999999,0.3571428571428571,partial_assembly,0.5714285714285714,7,3,5,15.31471186774232,17.869165520260026,15.106920334942311,5,4,5820,0,40.201876401901245,34.60776615142822,5.441224813461304,0,210,0.0,8
140726_132208_agentic,"Agentic Evaluation (E. coli, esm_small, r20)",E. coli,20,93,170,10,10-19,1,1,0.0,0.6,,0.1111111111111111,0.2,-0.06666666666666667,0.0,0.8411764705882353,0.6823529411764706,0.7777777777777778,0.6,0.8222222222222222,1.0,1.0,1.0,1.0,1.0,1.0,1.0,1.0,1.0,1.0,1.0,1.0,1.0,1.0,1.0,1.0,1.0,1.0,1,0,0.0,0.0,exact,1.0,6,2,5,11.833044577693736,14.860347251688157,11.833044577693736,2,4,6145,0,37.009973764419556,33.73314166069031,3.122049570083618,9,90,10.0,8
140726_132208_agentic,"Agentic Evaluation (E. coli, esm_small, r20)",E. coli,20,94,106,3,2-4,1,1,0.0,0.9811320754716981,,0.0,0.3333333333333333,0.3333333333333333,1.0,1.0,1.0,1.0,1.0,1.0,1.0,1.0,1.0,1.0,1.0,1.0,1.0,1.0,1.0,1.0,1.0,1.0,1.0,1.0,1.0,1.0,1.0,1.0,1,1,0.0,0.0,exact,,0,1,5,2.081367012089478,2.081367012089478,2.081367012089478,1,4,6577,0,38.202332973480225,35.6674542427063,2.384164810180664,2,6,33.33333333333333,1
140726_132208_agentic,"Agentic Evaluation (E. coli, esm_small, r20)",E. coli,20,95,472,19,10-19,1,1,0.0,0.0,,0.0,0.05263157894736842,-0.30994152046783624,0.0,0.00423728813559322,0.1716101694915254,0.2777777777777778,0.15789473684210525,-0.22807017543859648,0.0,0.00423728813559322,0.5889830508474576,0.4444444444444444,0.15789473684210525,0.4502923976608187,0.0,0.00423728813559322,0.603813559322034,0.5,0.15789473684210525,0.47368421052631576,0.0,0.00423728813559322,0.603813559322034,0.5,0.15789473684210525,0.47368421052631576,1,0,9.0,0.5,partial_assembly,1.0,9,3,5,13.351051282962233,20.235868856966476,13.97279488370153,3,4,6237,0,49.51577377319336,41.5590455532074,7.800759792327881,18,342,5.263157894736842,7
140726_132208_agentic,"Agentic Evaluation (E. coli, esm_small, r20)",E. coli,20,96,302,24,20-49,1,1,0.0,0.11258278145695365,,0.043478260869565216,0.08333333333333333,0.13043478260869565,0.0,0.347682119205298,0.5728476821192052,0.4782608695652174,0.25,0.4492753623188406,0.0,0.46688741721854304,0.5,0.4782608695652174,0.125,0.43478260869565216,0.0,0.4735099337748344,0.5629139072847682,0.4782608695652174,0.125,0.34057971014492755,0.0,0.4735099337748344,0.5860927152317881,0.5217391304347826,0.25,0.4492753623188406,1,0,12.0,0.5217391304347826,partial_assembly,0.25,4,3,5,19.003594948176627,24.917151799164817,19.03050145292355,3,4,5927,0,43.022700548172,36.75690031051636,6.110535621643066,23,552,4.166666666666666,18
140726_132208_agentic,"Agentic Evaluation (E. coli, esm_small, r20)",E. coli,20,97,182,11,10-19,1,1,0.0,0.6208791208791209,,0.0,0.09090909090909091,-0.05454545454545454,0.0,0.8296703296703297,0.6648351648351649,0.3,0.2727272727272727,0.34545454545454546,0.0,0.8296703296703297,0.6648351648351649,0.3,0.2727272727272727,0.34545454545454546,0.0,0.8296703296703297,0.6648351648351649,0.3,0.2727272727272727,0.34545454545454546,0.0,0.8296703296703297,0.6648351648351649,0.5,0.36363636363636365,0.34545454545454546,1,0,7.0,0.7,partial_assembly,0.5,6,1,5,17.525514137715096,17.525514137715096,17.525514137715096,1,4,5994,0,32.772459745407104,29.859988689422607,2.7578532695770264,10,110,9.090909090909092,7
140726_132208_agentic,"Agentic Evaluation (E. coli, esm_small, r20)",E. coli,20,98,154,18,10-19,1,1,0.0,0.512987012987013,,0.11764705882352941,0.1111111111111111,0.1111111111111111,0.0,0.6428571428571429,0.5974025974025974,0.5294117647058824,0.2222222222222222,0.16339869281045752,0.0,0.6818181818181818,0.577922077922078,0.5294117647058824,0.2222222222222222,0.2679738562091503,0.0,0.8181818181818182,0.6493506493506493,0.6470588235294118,0.3333333333333333,0.5686274509803921,0.0,0.8376623376623377,0.6753246753246753,0.7647058823529411,0.3888888888888889,0.673202614379085,1,0,5.999999999999999,0.3529411764705882,partial_assembly,0.4444444444444444,9,2,5,18.2244959355756,18.438737633577027,17.049769355536714,5,4,6026,0,37.75861477851868,34.32490301132202,3.278198003768921,17,306,5.555555555555555,13
140726_132208_agentic,"Agentic Evaluation (E. coli, esm_small, r20)",E. coli,20,99,363,13,10-19,1,1,0.0,0.43526170798898073,,0.16666666666666666,0.15384615384615385,-0.10256410256410256,0.0,0.8044077134986226,0.6639118457300275,0.6666666666666666,0.5384615384615384,0.7692307692307693,0.0,0.7520661157024794,0.5950413223140496,0.75,0.5384615384615384,0.8461538461538461,0.0,0.39944903581267216,0.7630853994490359,0.75,0.5384615384615384,0.7692307692307693,0.0,0.8347107438016529,0.7630853994490359,0.75,0.5384615384615384,0.8461538461538461,1,0,3.0,0.25,partial_assembly,0.25,4,4,5,12.935826708953257,13.683401368856728,13.519116532482792,5,4,6305,0,40.1722195148468,36.38794469833374,3.6328442096710205,12,156,7.6923076923076925,5
140726_132208_agentic,"Agentic Evaluation (E. coli, esm_small, r20)",E. coli,20,100,82,9,5-9,1,1,0.0,0.6341463414634146,,0.25,0.2222222222222222,0.1111111111111111,0.0,0.8414634146341463,0.6829268292682926,0.75,0.5555555555555556,0.4444444444444444,1.0,1.0,1.0,1.0,1.0,1.0,1.0,1.0,1.0,1.0,1.0,1.0,1.0,1.0,1.0,1.0,1.0,1.0,1,1,0.0,0.0,exact,1.0,6,2,5,14.08647299549511,15.693101389050097,14.08647299549511,2,4,5929,0,32.47282004356384,29.567267656326294,2.753669500350952,0,72,0.0,4
140726_144552_agentic,"Agentic Evaluation (E. coli, esm_small, r5)",E. coli,5,1,318,13,10-19,1,1,0.0,0.11635220125786164,,0.0,0.07692307692307693,-0.23076923076923078,0.0,0.11320754716981132,0.2924528301886793,0.08333333333333333,0.15384615384615385,-0.10256410256410256,0.0,0.6886792452830188,0.5408805031446541,0.6666666666666666,0.38461538461538464,0.6410256410256411,0.0,0.5471698113207547,0.5880503144654088,0.3333333333333333,0.38461538461538464,0.7948717948717948,0.0,0.6163522012578616,0.6037735849056604,0.4166666666666667,0.38461538461538464,0.8461538461538461,1,0,8.0,0.6666666666666666,partial_assembly,0.7777777777777778,9,3,5,12.042087754966438,20.881635136419842,12.034195938935936,4,4,5956,0,41.898802042007446,38.5102744102478,3.2411632537841797,12,156,7.6923076923076925,2
140726_144552_agentic,"Agentic Evaluation (E. coli, esm_small, r5)",E. coli,5,2,161,5,5-9,1,1,0.0,0.7888198757763976,,0.0,0.2,0.2,0.0,0.8571428571428571,0.7142857142857143,0.5,0.4,0.6,1.0,1.0,1.0,1.0,1.0,1.0,1.0,1.0,1.0,1.0,1.0,1.0,1.0,1.0,1.0,1.0,1.0,1.0,1,1,0.0,0.0,exact,1.0,4,2,5,17.965649792287014,18.301563163883475,17.965649792287014,2,4,5827,0,36.83124494552612,33.94403147697449,2.7458901405334473,4,20,20.0,0
140726_144552_agentic,"Agentic Evaluation (E. coli, esm_small, r5)",E. coli,5,3,580,35,20-49,1,1,0.0,0.0896551724137931,,0.0,0.02857142857142857,0.21680672268907564,0.0,0.1,0.2827586206896552,0.14705882352941177,0.08571428571428572,-0.0453781512605042,0.0,0.08275862068965517,0.23793103448275865,0.3235294117647059,0.11428571428571428,0.07563025210084033,0.0,0.08275862068965517,0.22413793103448276,0.3235294117647059,0.11428571428571428,0.12941176470588237,0.0,0.1,0.2827586206896552,0.4117647058823529,0.11428571428571428,0.2235294117647059,1,0,23.0,0.6764705882352942,partial_assembly,0.6666666666666666,9,5,5,13.125713936144944,19.233744285680434,13.19270688720091,2,4,5589,0,55.77979516983032,47.65607929229736,7.982433319091797,34,1190,2.857142857142857,9
140726_144552_agentic,"Agentic Evaluation (E. coli, esm_small, r5)",E. coli,5,4,307,14,10-19,1,1,0.0,0.16938110749185667,,0.0,0.07142857142857142,0.0989010989010989,0.0,0.4723127035830619,0.5374592833876222,0.38461538461538464,0.2857142857142857,0.45054945054945056,0.0,0.9381107491856677,0.8762214983713354,0.6923076923076923,0.42857142857142855,0.6703296703296703,0.0,0.9381107491856677,0.8762214983713354,0.6923076923076923,0.42857142857142855,0.6703296703296703,0.0,0.9381107491856677,0.8762214983713354,0.6923076923076923,0.42857142857142855,0.6703296703296703,1,0,4.0,0.3076923076923077,partial_assembly,1.0,9,5,5,16.570823274590854,18.37002446679308,16.570823274590854,5,4,5856,0,36.66680431365967,32.37400031089783,4.144172668457031,0,182,0.0,2
140726_144552_agentic,"Agentic Evaluation (E. coli, esm_small, r5)",E. coli,5,5,147,10,10-19,1,1,0.0,0.24489795918367346,,0.0,0.1,0.28888888888888886,0.0,0.7551020408163265,0.5714285714285714,0.2222222222222222,0.3,0.5111111111111111,0.0,0.7074829931972789,0.5986394557823129,0.2222222222222222,0.2,0.5555555555555556,0.0,0.6598639455782312,0.5238095238095238,0.3333333333333333,0.2,0.6,0.0,0.8639455782312925,0.727891156462585,0.6666666666666666,0.4,0.8222222222222222,1,0,6.000000000000001,0.6666666666666667,partial_assembly,0.5714285714285714,7,2,5,18.080530140522686,24.96803814892806,18.566323128723713,4,4,5926,0,32.73760175704956,29.728459119796753,2.8606975078582764,9,90,10.0,2
140726_144552_agentic,"Agentic Evaluation (E. coli, esm_small, r5)",E. coli,5,6,65,6,5-9,1,1,0.0,0.676923076923077,,0.2,0.3333333333333333,-0.06666666666666667,0.0,0.7846153846153846,0.5692307692307692,0.6,0.5,0.6,1.0,1.0,1.0,1.0,1.0,1.0,1.0,1.0,1.0,1.0,1.0,1.0,1.0,1.0,1.0,1.0,1.0,1.0,1,0,0.0,0.0,exact,1.0,6,2,5,18.119613821773637,23.311927099493328,18.119613821773637,2,4,6034,0,29.982205867767334,27.213920831680298,2.6242854595184326,5,30,16.666666666666664,2
140726_144552_agentic,"Agentic Evaluation (E. coli, esm_small, r5)",E. coli,5,7,565,33,20-49,1,1,0.0,0.1486725663716814,,0.0,0.030303030303030304,-0.030303030303030304,0.0,0.1663716814159292,0.32389380530973455,0.0625,0.06060606060606061,0.10984848484848485,0.0,0.1504424778761062,0.32389380530973455,0.21875,0.09090909090909091,0.0946969696969697,0.0,0.1504424778761062,0.32389380530973455,0.21875,0.09090909090909091,0.0946969696969697,0.0,0.1663716814159292,0.32389380530973455,0.21875,0.09090909090909091,0.17424242424242425,0,0,25.0,0.78125,wrong_start,1.0,9,2,5,15.87613499153279,26.965389707437666,15.87613499153279,5,4,6198,0,59.58859062194824,46.58085560798645,12.860665321350098,32,1056,3.0303030303030303,4
140726_144552_agentic,"Agentic Evaluation (E. coli, esm_small, r5)",E. coli,5,8,127,9,5-9,1,1,0.0,0.9291338582677166,,0.375,0.4444444444444444,0.3888888888888889,0.0,0.7007874015748031,0.40157480314960625,0.0,0.1111111111111111,0.2222222222222222,0.0,0.7874015748031497,0.5748031496062992,0.375,0.2222222222222222,0.1111111111111111,0.0,0.8740157480314961,0.7480314960629921,0.25,0.2222222222222222,0.4444444444444444,0.0,0.8740157480314961,0.7480314960629921,0.375,0.2222222222222222,0.4444444444444444,1,0,6.0,0.75,partial_assembly,0.5714285714285714,7,2,5,15.884382778370123,27.861201666532008,15.57143426642487,4,4,6126,0,35.85597372055054,32.73976182937622,2.969691753387451,8,72,11.11111111111111,1
140726_144552_agentic,"Agentic Evaluation (E. coli, esm_small, r5)",E. coli,5,9,156,11,10-19,1,1,0.0,0.6217948717948718,,0.2,0.2727272727272727,0.6,0.0,0.5064102564102564,0.2564102564102564,0.1,0.18181818181818182,0.2,0.0,0.9102564102564102,0.8205128205128205,0.5,0.36363636363636365,0.6727272727272727,0.0,0.7564102564102564,0.6602564102564102,0.4,0.2727272727272727,0.4909090909090909,0.0,0.9615384615384616,0.9230769230769231,0.4,0.2727272727272727,0.6727272727272727,1,0,6.0,0.6,partial_assembly,0.875,8,4,5,17.13608227211871,24.140419250914338,17.01007878191344,4,4,6047,0,35.67158126831055,31.95618486404419,3.569080352783203,10,110,9.090909090909092,2
140726_144552_agentic,"Agentic Evaluation (E. coli, esm_small, r5)",E. coli,5,10,26,5,5-9,1,1,0.0,0.6538461538461539,,0.75,0.6,-0.2,0.0,0.8461538461538461,0.7692307692307692,0.0,0.2,0.4,0.0,0.8076923076923077,0.6153846153846154,0.25,0.4,0.6,0.0,0.8076923076923077,0.6153846153846154,0.25,0.4,0.6,0.0,0.8461538461538461,0.7692307692307692,0.25,0.4,0.6,1,0,3.0,0.75,partial_assembly,1.0,4,2,5,20.015786638431827,20.919926055707887,20.015786638431827,5,4,5512,0,31.936587810516357,29.08531093597412,2.704002857208252,4,20,20.0,0
140726_144552_agentic,"Agentic Evaluation (E. coli, esm_small, r5)",E. coli,5,11,131,16,10-19,1,1,0.0,0.648854961832061,,0.06666666666666667,0.125,0.13333333333333333,0.0,0.6259541984732825,0.4274809160305344,0.4666666666666667,0.25,0.23333333333333334,0.0,0.7175572519083969,0.5267175572519084,0.4,0.1875,0.23333333333333334,0.0,0.6106870229007634,0.4885496183206107,0.4,0.1875,0.25,0.0,0.7404580152671756,0.6259541984732824,0.4666666666666667,0.25,0.2833333333333333,1,0,9.0,0.6,partial_assembly,0.0,4,3,5,15.304845308059786,17.73512668854139,15.174744959967502,3,4,5891,0,35.89283299446106,32.55299115180969,3.1896746158599854,0,240,0.0,5
140726_144552_agentic,"Agentic Evaluation (E. coli, esm_small, r5)",E. coli,5,12,145,6,5-9,1,1,0.0,0.593103448275862,,0.2,0.3333333333333333,-0.2,0.0,0.7172413793103448,0.46896551724137936,0.6,0.5,0.6,1.0,1.0,1.0,1.0,1.0,1.0,1.0,1.0,1.0,1.0,1.0,1.0,1.0,1.0,1.0,1.0,1.0,1.0,1,0,0.0,0.0,exact,1.0,4,2,5,16.754061540767136,18.278975492913613,16.754061540767136,2,4,5996,0,33.60103988647461,30.706645488739014,2.746223211288452,5,30,16.666666666666664,4
140726_144552_agentic,"Agentic Evaluation (E. coli, esm_small, r5)",E. coli,5,13,99,11,10-19,1,1,0.0,0.25252525252525254,,0.1,0.18181818181818182,-0.34545454545454546,0.0,0.5151515151515151,0.3232323232323232,0.2,0.18181818181818182,-0.01818181818181818,0.0,0.6565656565656566,0.4444444444444444,0.4,0.2727272727272727,0.09090909090909091,0.0,0.5050505050505051,0.4040404040404041,0.3,0.18181818181818182,-0.3090909090909091,0.0,0.5151515151515151,0.43434343434343436,0.3,0.18181818181818182,-0.01818181818181818,1,0,7.0,0.7,partial_assembly,1.0,6,3,5,12.097067233592448,25.055578587122238,12.731196924652835,4,4,5745,0,36.71145963668823,34.07357144355774,2.5021073818206787,0,110,0.0,2
140726_144552_agentic,"Agentic Evaluation (E. coli, esm_small, r5)",E. coli,5,14,515,27,20-49,1,1,0.0,0.04854368932038835,,0.0,0.037037037037037035,0.1111111111111111,0.0,0.05242718446601942,0.3398058252427184,0.15384615384615385,0.1111111111111111,0.1225071225071225,0.0,0.015533980582524271,0.31456310679611654,0.2692307692307692,0.1111111111111111,0.21367521367521367,0.0,0.06601941747572816,0.27184466019417475,0.4230769230769231,0.18518518518518517,0.1794871794871795,0.0,0.07378640776699029,0.3398058252427184,0.4230769230769231,0.18518518518518517,0.1794871794871795,0,0,14.999999999999998,0.5769230769230769,wrong_start,0.9,10,4,5,16.174442260074272,21.401262288310516,17.260793546112364,4,4,6113,0,64.03440523147583,50.929062366485596,12.955282926559448,26,702,3.7037037037037033,7
140726_144552_agentic,"Agentic Evaluation (E. coli, esm_small, r5)",E. coli,5,15,181,14,10-19,1,1,0.0,0.48066298342541436,,0.07692307692307693,0.14285714285714285,-0.01098901098901099,0.0,0.47513812154696133,0.39226519337016574,0.15384615384615385,0.14285714285714285,0.16483516483516483,0.0,0.6906077348066298,0.3812154696132597,0.38461538461538464,0.2857142857142857,0.45054945054945056,0.0,0.4530386740331492,0.2762430939226519,0.23076923076923078,0.21428571428571427,0.31868131868131866,0.0,0.6629834254143646,0.43646408839779005,0.38461538461538464,0.21428571428571427,0.4065934065934066,1,0,10.0,0.7692307692307693,partial_assembly,0.8888888888888888,9,4,5,14.057475490745091,19.91930033237173,13.952215802383945,2,4,5892,0,34.78681254386902,31.390568733215332,3.2496604919433594,13,182,7.142857142857142,2
140726_144552_agentic,"Agentic Evaluation (E. coli, esm_small, r5)",E. coli,5,16,819,51,50+,1,1,0.0,0.05616605616605617,,0.0,0.0196078431372549,0.013333333333333334,0.0,0.10256410256410256,0.2918192918192918,0.1,0.0392156862745098,0.17333333333333334,0.0,0.057387057387057384,0.23076923076923073,0.24,0.058823529411764705,-0.05411764705882353,0.0,0.05616605616605617,0.26129426129426125,0.28,0.058823529411764705,-0.000784313725490196,0.0,0.10256410256410256,0.2918192918192918,0.28,0.058823529411764705,0.17333333333333334,1,0,36.0,0.72,partial_assembly,0.8888888888888888,9,5,5,16.227164128345457,21.77401073273374,16.878964671082358,4,4,5911,0,115.23400640487671,79.01840472221375,36.06417179107666,50,2550,1.9607843137254901,16
140726_144552_agentic,"Agentic Evaluation (E. coli, esm_small, r5)",E. coli,5,17,165,16,10-19,1,1,0.0,0.509090909090909,,0.06666666666666667,0.125,0.03333333333333333,0.0,0.5878787878787879,0.33939393939393936,0.06666666666666667,0.125,0.016666666666666666,0.0,0.6,0.509090909090909,0.13333333333333333,0.125,0.5,0.0,0.6,0.509090909090909,0.13333333333333333,0.125,0.5,0.0,0.6181818181818182,0.509090909090909,0.26666666666666666,0.125,0.5833333333333334,1,0,13.0,0.8666666666666667,partial_assembly,0.8571428571428571,7,2,5,10.779352203454605,15.261950037684656,10.779352203454605,5,4,5628,0,33.759631633758545,29.22622847557068,4.38331413269043,15,240,6.25,2
140726_144552_agentic,"Agentic Evaluation (E. coli, esm_small, r5)",E. coli,5,18,432,30,20-49,1,1,0.0,0.05092592592592592,,0.034482758620689655,0.06666666666666667,0.05747126436781609,0.0,0.05324074074074074,0.2685185185185185,0.20689655172413793,0.1,0.12183908045977011,0.0,0.1111111111111111,0.2569444444444444,0.20689655172413793,0.1,0.17701149425287357,0.0,0.13657407407407407,0.2939814814814815,0.20689655172413793,0.1,0.19540229885057472,0.0,0.14351851851851852,0.2939814814814815,0.2413793103448276,0.1,0.25057471264367814,1,0,23.0,0.7931034482758621,partial_assembly,0.625,8,4,5,15.910624460733933,20.02197176488333,15.864201209072899,3,4,5909,0,45.64519453048706,37.17611241340637,8.317853450775146,29,870,3.3333333333333335,8
140726_144552_agentic,"Agentic Evaluation (E. coli, esm_small, r5)",E. coli,5,19,96,10,10-19,1,1,0.0,0.40625,,0.0,0.1,0.022222222222222223,0.0,0.7291666666666666,0.45833333333333337,0.5555555555555556,0.4,0.37777777777777777,0.0,0.875,0.8125,0.5555555555555556,0.3,0.5111111111111111,0.0,0.875,0.8125,0.5555555555555556,0.3,0.5111111111111111,0.0,0.875,0.8125,0.5555555555555556,0.4,0.5111111111111111,1,0,4.0,0.4444444444444444,partial_assembly,,0,2,5,14.219638260818627,18.839488583406375,14.219638260818627,3,4,5863,0,33.36359357833862,30.574934244155884,2.640101671218872,0,90,0.0,3
140726_144552_agentic,"Agentic Evaluation (E. coli, esm_small, r5)",E. coli,5,20,290,36,20-49,1,1,0.0,0.041379310344827586,,0.0,0.027777777777777776,0.10158730158730159,0.0,0.04827586206896552,0.34827586206896555,0.17142857142857143,0.08333333333333333,0.06666666666666667,0.0,0.16206896551724137,0.3275862068965517,0.22857142857142856,0.08333333333333333,-0.05714285714285714,0.0,0.19310344827586207,0.25172413793103443,0.2571428571428571,0.08333333333333333,-0.11746031746031746,0.0,0.19310344827586207,0.34827586206896555,0.2857142857142857,0.08333333333333333,0.06666666666666667,0,0,26.0,0.7428571428571429,wrong_start,0.8888888888888888,9,4,5,16.763479121370164,18.6611183829151,16.74981018854969,5,4,5837,0,59.32874274253845,47.90105199813843,11.279233694076538,35,1260,2.7777777777777777,10
140726_144552_agentic,"Agentic Evaluation (E. coli, esm_small, r5)",E. coli,5,21,647,36,20-49,1,1,0.0,0.05564142194744977,,0.02857142857142857,0.05555555555555555,0.09841269841269841,0.0,0.17619783616692428,0.27666151468315303,0.11428571428571428,0.05555555555555555,0.06666666666666667,0.0,0.02472952086553323,0.4080370942812983,0.3142857142857143,0.08333333333333333,-0.06031746031746032,0.0,0.021638330757341576,0.4049459041731066,0.4,0.08333333333333333,-0.0380952380952381,0.0,0.17619783616692428,0.4204018547140649,0.4,0.08333333333333333,0.06666666666666667,0,0,21.0,0.6,wrong_start,1.0,10,4,5,15.262715779844026,22.06494237520072,15.486410588938995,2,4,5946,0,70.84519815444946,54.28670120239258,16.40569758415222,35,1260,2.7777777777777777,12
140726_144552_agentic,"Agentic Evaluation (E. coli, esm_small, r5)",E. coli,5,22,120,14,10-19,1,1,0.0,0.5083333333333333,,0.07692307692307693,0.14285714285714285,0.07692307692307693,0.0,0.6166666666666667,0.45833333333333337,0.38461538461538464,0.21428571428571427,0.18681318681318682,0.0,0.7,0.6,0.3076923076923077,0.21428571428571427,0.25274725274725274,0.0,0.825,0.75,0.46153846153846156,0.21428571428571427,0.5164835164835165,0.0,0.825,0.75,0.5384615384615384,0.2857142857142857,0.5164835164835165,1,0,7.0,0.5384615384615384,partial_assembly,0.5,8,4,5,16.940340328405345,20.43232629106393,19.1874232400637,2,4,5965,0,37.02484607696533,33.674386501312256,3.203295946121216,13,182,7.142857142857142,6
140726_144552_agentic,"Agentic Evaluation (E. coli, esm_small, r5)",E. coli,5,23,556,28,20-49,1,1,0.0,0.0,,0.0,0.03571428571428571,-0.10052910052910052,0.0,0.10611510791366907,0.5719424460431655,0.2222222222222222,0.14285714285714285,0.31746031746031744,0.0,0.10611510791366907,0.5017985611510791,0.3333333333333333,0.14285714285714285,0.3492063492063492,0.0,0.10611510791366907,0.39388489208633093,0.2962962962962963,0.14285714285714285,0.26455026455026454,0.0,0.10611510791366907,0.5719424460431655,0.37037037037037035,0.14285714285714285,0.3544973544973545,1,0,19.0,0.7037037037037037,partial_assembly,0.5555555555555556,9,3,5,15.623749051943806,20.71486504665682,15.597304324583735,2,4,5811,0,55.9394953250885,47.36209559440613,8.424275159835815,0,756,0.0,6
140726_144552_agentic,"Agentic Evaluation (E. coli, esm_small, r5)",E. coli,5,24,152,5,5-9,1,1,0.0,0.881578947368421,,0.25,0.4,0.8,0.0,0.875,0.75,0.5,0.4,0.6,1.0,1.0,1.0,1.0,1.0,1.0,1.0,1.0,1.0,1.0,1.0,1.0,1.0,1.0,1.0,1.0,1.0,1.0,1,1,0.0,0.0,exact,0.8571428571428571,7,2,5,16.68827016178252,18.51301721539103,16.68827016178252,2,4,6049,0,33.67121148109436,31.163589000701904,2.3612747192382812,4,20,20.0,1
140726_144552_agentic,"Agentic Evaluation (E. coli, esm_small, r5)",E. coli,5,25,21,2,2-4,1,1,0.0,0.9047619047619048,,0.0,0.5,-1.0,1.0,1.0,1.0,1.0,1.0,1.0,1.0,1.0,1.0,1.0,1.0,1.0,1.0,1.0,1.0,1.0,1.0,1.0,1.0,1.0,1.0,1.0,1.0,1.0,1,0,0.0,0.0,exact,,0,1,5,1.0,1.0,1.0,1,4,6336,0,31.25,29.649386882781982,1.455979824066162,0,2,0.0,1
140726_144552_agentic,"Agentic Evaluation (E. coli, esm_small, r5)",E. coli,5,26,355,18,10-19,1,1,0.0,0.3464788732394366,,0.0,0.05555555555555555,-0.0196078431372549,0.0,0.16619718309859155,0.3042253521126761,0.23529411764705882,0.1111111111111111,-0.0196078431372549,0.0,0.0647887323943662,0.20281690140845066,0.23529411764705882,0.1111111111111111,0.39869281045751637,0.0,0.0647887323943662,0.3014084507042254,0.35294117647058826,0.16666666666666666,0.5686274509803921,0.0,0.16619718309859155,0.3042253521126761,0.35294117647058826,0.16666666666666666,0.5686274509803921,1,0,10.999999999999998,0.6470588235294117,partial_assembly,1.0,8,5,5,13.366179379852085,20.53263075777482,18.738739709346103,3,4,5854,0,42.703136920928955,36.66552734375,5.885477781295776,17,306,5.555555555555555,2
140726_144552_agentic,"Agentic Evaluation (E. coli, esm_small, r5)",E. coli,5,27,18,3,2-4,1,1,0.0,0.7222222222222222,,0.5,0.6666666666666666,-0.3333333333333333,1.0,1.0,1.0,1.0,1.0,1.0,1.0,1.0,1.0,1.0,1.0,1.0,1.0,1.0,1.0,1.0,1.0,1.0,1.0,1.0,1.0,1.0,1.0,1.0,1,0,0.0,0.0,exact,,0,1,5,1.0,1.0,1.0,1,4,6159,0,40.069135427474976,38.33246064186096,1.5862643718719482,0,6,0.0,2
140726_144552_agentic,"Agentic Evaluation (E. coli, esm_small, r5)",E. coli,5,28,682,44,20-49,1,1,0.0,0.06304985337243402,,0.023255813953488372,0.045454545454545456,-0.014799154334038054,0.0,0.010263929618768328,0.28445747800586507,0.23255813953488372,0.09090909090909091,-0.14799154334038056,0.0,0.026392961876832845,0.25219941348973607,0.18604651162790697,0.06818181818181818,0.0824524312896406,0.0,0.010263929618768328,0.34457478005865105,0.3023255813953488,0.09090909090909091,0.13107822410147993,0.0,0.01466275659824047,0.34457478005865105,0.3023255813953488,0.09090909090909091,0.23255813953488372,0,0,30.0,0.6976744186046512,wrong_start,1.0,8,5,5,16.874110455525358,21.620773515207286,17.79670913143347,4,4,5986,0,75.12047696113586,57.83480477333069,17.143389225006104,43,1892,2.272727272727273,14
140726_144552_agentic,"Agentic Evaluation (E. coli, esm_small, r5)",E. coli,5,29,222,18,10-19,1,1,0.0,0.2972972972972973,,0.0,0.05555555555555555,0.0718954248366013,0.0,0.5045045045045045,0.6531531531531531,0.17647058823529413,0.16666666666666666,0.2679738562091503,0.0,0.5720720720720721,0.48198198198198194,0.47058823529411764,0.16666666666666666,0.35947712418300654,0.0,0.6666666666666666,0.5495495495495495,0.47058823529411764,0.16666666666666666,0.42483660130718953,0.0,0.6666666666666666,0.6531531531531531,0.47058823529411764,0.16666666666666666,0.42483660130718953,1,0,9.0,0.5294117647058824,partial_assembly,1.0,4,2,5,12.83587981130677,24.53871918135471,13.008140315086425,5,4,6050,0,39.38633608818054,35.68226981163025,3.555753469467163,17,306,5.555555555555555,6
140726_144552_agentic,"Agentic Evaluation (E. coli, esm_small, r5)",E. coli,5,30,219,13,10-19,1,1,0.0,0.2420091324200913,,0.08333333333333333,0.15384615384615385,-0.3076923076923077,0.0,0.7077625570776256,0.6894977168949772,0.4166666666666667,0.23076923076923078,0.48717948717948717,0.0,0.7031963470319634,0.8356164383561644,0.4166666666666667,0.15384615384615385,0.38461538461538464,0.0,0.7031963470319634,0.7625570776255708,0.4166666666666667,0.15384615384615385,0.6923076923076923,0.0,0.7077625570776256,0.7625570776255708,0.4166666666666667,0.23076923076923078,0.6923076923076923,1,0,6.999999999999999,0.5833333333333333,partial_assembly,,0,2,5,16.32170103630261,24.012397037436816,18.55505974658484,4,4,5937,0,38.778193950653076,34.74444222450256,3.8837854862213135,12,156,7.6923076923076925,5
140726_144552_agentic,"Agentic Evaluation (E. coli, esm_small, r5)",E. coli,5,31,432,17,10-19,1,1,0.0,0.2847222222222222,,0.0625,0.11764705882352941,0.27941176470588236,0.0,0.2199074074074074,0.2314814814814815,0.0625,0.11764705882352941,-0.14705882352941177,0.0,0.19907407407407407,0.4097222222222222,0.375,0.23529411764705882,-0.04411764705882353,0.0,0.19907407407407407,0.5023148148148149,0.125,0.11764705882352941,0.20588235294117646,0.0,0.6759259259259259,0.5023148148148149,0.25,0.17647058823529413,0.3088235294117647,1,1,14.0,0.875,partial_assembly,0.5,8,2,5,12.933797163410535,21.954863705906835,14.469494157266663,3,4,5727,0,41.27613615989685,34.8121702671051,6.324462413787842,16,272,5.88235294117647,3
140726_144552_agentic,"Agentic Evaluation (E. coli, esm_small, r5)",E. coli,5,32,331,25,20-49,1,1,0.0,0.015105740181268883,,0.0,0.04,-0.04,0.0,0.015105740181268883,0.2688821752265861,0.20833333333333334,0.08,-0.03333333333333333,0.0,0.486404833836858,0.5226586102719033,0.375,0.16,0.26,0.0,0.36555891238670696,0.3262839879154078,0.20833333333333334,0.12,0.3333333333333333,0.0,0.36555891238670696,0.43504531722054385,0.20833333333333334,0.12,0.3333333333333333,0,0,19.0,0.7916666666666666,wrong_start,0.6666666666666666,6,3,5,15.384161020416869,17.166369010530637,15.277533249398214,4,4,5778,0,46.81182813644409,38.79244542121887,7.870466232299805,24,600,4.0,5
140726_144552_agentic,"Agentic Evaluation (E. coli, esm_small, r5)",E. coli,5,33,542,41,20-49,1,1,0.0,0.01107011070110701,,0.05,0.04878048780487805,0.2121951219512195,0.0,0.0940959409594096,0.3136531365313653,0.15,0.04878048780487805,0.14146341463414633,0.0,0.23247232472324722,0.35977859778597787,0.3,0.0975609756097561,0.22926829268292684,0.0,0.042435424354243544,0.29889298892988925,0.225,0.04878048780487805,0.2097560975609756,0.0,0.2822878228782288,0.3726937269372693,0.3,0.14634146341463414,0.28292682926829266,1,0,31.0,0.775,partial_assembly,0.7777777777777778,9,3,5,16.959553739362534,21.947021871776332,16.844997413535616,2,4,5804,0,67.86366581916809,50.12839698791504,17.584460020065308,40,1640,2.4390243902439024,11
140726_144552_agentic,"Agentic Evaluation (E. coli, esm_small, r5)",E. coli,5,34,254,20,20-49,1,1,0.0,0.11811023622047244,,0.0,0.05,-0.12631578947368421,0.0,0.21653543307086615,0.6023622047244095,0.2631578947368421,0.2,0.2736842105263158,0.0,0.21653543307086615,0.5826771653543308,0.3157894736842105,0.2,0.22105263157894736,0.0,0.21653543307086615,0.4173228346456693,0.2631578947368421,0.1,0.09473684210526316,0.0,0.21653543307086615,0.6023622047244095,0.2631578947368421,0.2,0.2736842105263158,1,0,14.000000000000002,0.736842105263158,partial_assembly,0.75,4,4,5,14.576820134081315,17.118341536164387,14.57100201198667,3,4,6026,0,38.20800971984863,32.41865348815918,5.641170978546143,0,380,0.0,5
140726_144552_agentic,"Agentic Evaluation (E. coli, esm_small, r5)",E. coli,5,35,274,19,10-19,1,1,0.0,0.3284671532846715,,0.0,0.05263157894736842,-0.08771929824561403,0.0,0.11313868613138686,0.36861313868613144,0.2777777777777778,0.21052631578947367,0.1695906432748538,0.0,0.06934306569343066,0.5,0.5555555555555556,0.3684210526315789,-0.18128654970760233,0.0,0.06934306569343066,0.25912408759124084,0.5,0.2631578947368421,0.05263157894736842,0.0,0.11313868613138686,0.5,0.5555555555555556,0.3684210526315789,0.1695906432748538,1,0,9.0,0.5,partial_assembly,0.6666666666666666,9,3,5,13.1342167522898,18.391690377734182,13.976385051656925,2,4,5884,0,39.62904691696167,34.21740245819092,5.2659807205200195,18,342,5.263157894736842,7
140726_144552_agentic,"Agentic Evaluation (E. coli, esm_small, r5)",E. coli,5,36,237,20,20-49,1,1,0.0,0.2109704641350211,,0.05263157894736842,0.1,0.042105263157894736,0.0,0.29957805907172996,0.32067510548523204,0.2631578947368421,0.1,0.16842105263157894,0.0,0.270042194092827,0.4135021097046413,0.2631578947368421,0.1,0.28421052631578947,0.0,0.2616033755274262,0.3586497890295358,0.2631578947368421,0.1,0.17894736842105263,0.0,0.29957805907172996,0.3586497890295358,0.3684210526315789,0.1,0.21052631578947367,1,0,14.000000000000002,0.736842105263158,partial_assembly,0.5714285714285714,7,3,5,15.772572607897127,22.735482101024168,15.5483525907744,4,4,6041,0,40.63429260253906,36.008338928222656,4.4762773513793945,19,380,5.0,4
140726_144552_agentic,"Agentic Evaluation (E. coli, esm_small, r5)",E. coli,5,37,414,14,10-19,1,1,0.0,0.18357487922705315,,0.0,0.07142857142857142,0.0989010989010989,0.0,0.6086956521739131,0.6497584541062802,0.07692307692307693,0.14285714285714285,0.18681318681318682,0.0,0.27053140096618356,0.5096618357487923,0.15384615384615385,0.14285714285714285,0.03296703296703297,0.0,0.4782608695652174,0.45169082125603865,0.23076923076923078,0.21428571428571427,0.054945054945054944,0.0,0.6086956521739131,0.6497584541062802,0.3076923076923077,0.21428571428571427,0.18681318681318682,1,0,10.0,0.7692307692307693,partial_assembly,0.75,8,2,5,13.602536118699017,24.64631590253596,13.978596893252881,2,4,5820,0,38.14551329612732,34.135462045669556,3.8682053089141846,13,182,7.142857142857142,1
140726_144552_agentic,"Agentic Evaluation (E. coli, esm_small, r5)",E. coli,5,38,127,11,10-19,1,1,0.0,0.7480314960629921,,0.2,0.18181818181818182,0.2,0.0,0.8740157480314961,0.7559055118110236,0.4,0.36363636363636365,0.4909090909090909,0.0,0.9763779527559056,0.952755905511811,0.8,0.45454545454545453,0.6363636363636364,0.0,0.9763779527559056,0.952755905511811,0.8,0.45454545454545453,0.6363636363636364,0.0,0.9763779527559056,0.952755905511811,0.8,0.45454545454545453,0.7818181818181819,1,0,1.9999999999999996,0.19999999999999996,partial_assembly,1.0,8,2,5,17.218760686378857,25.340717512202847,17.218760686378857,2,4,5968,0,34.83210253715515,31.82180094718933,2.8742666244506836,0,110,0.0,5
140726_144552_agentic,"Agentic Evaluation (E. coli, esm_small, r5)",E. coli,5,39,365,24,20-49,1,1,0.0,0.0,,0.043478260869565216,0.08333333333333333,-0.021739130434782608,0.0,0.0547945205479452,0.26575342465753427,0.391304347826087,0.16666666666666666,0.021739130434782608,0.0,0.0547945205479452,0.4821917808219178,0.43478260869565216,0.16666666666666666,0.07246376811594203,0.0,0.0547945205479452,0.26575342465753427,0.391304347826087,0.16666666666666666,0.021739130434782608,0.0,0.0547945205479452,0.43561643835616437,0.5652173913043478,0.25,0.09420289855072464,1,0,14.0,0.6086956521739131,partial_assembly,0.7,10,1,5,14.311487639395326,14.311487639395326,13.701545458819684,2,4,6099,0,43.60886812210083,35.18291902542114,8.277848482131958,23,552,4.166666666666666,9
140726_144552_agentic,"Agentic Evaluation (E. coli, esm_small, r5)",E. coli,5,40,191,16,10-19,1,1,0.0,0.42408376963350786,,0.0,0.0625,0.11666666666666667,0.0,0.7591623036649214,0.5968586387434556,0.4666666666666667,0.25,0.6,0.0,0.8900523560209425,0.8010471204188482,0.6,0.25,0.35,0.0,0.774869109947644,0.7015706806282722,0.4666666666666667,0.1875,0.43333333333333335,0.0,0.8429319371727748,0.7277486910994764,0.5333333333333333,0.25,0.6,1,0,8.0,0.5333333333333333,partial_assembly,0.5714285714285714,7,2,5,16.544709897949186,21.724634791552333,16.626548823223686,2,4,5872,0,36.3563597202301,32.617751359939575,3.582335948944092,0,240,0.0,6
140726_144552_agentic,"Agentic Evaluation (E. coli, esm_small, r5)",E. coli,5,41,54,8,5-9,1,1,0.0,0.42592592592592593,,0.14285714285714285,0.25,-0.21428571428571427,0.0,0.8333333333333334,0.7222222222222222,0.2857142857142857,0.25,0.21428571428571427,0.0,0.9814814814814815,0.962962962962963,0.5714285714285714,0.625,0.9285714285714286,0.0,0.9814814814814815,0.962962962962963,0.5714285714285714,0.625,0.9285714285714286,0.0,0.9814814814814815,0.962962962962963,0.5714285714285714,0.625,0.9285714285714286,1,0,3.0,0.42857142857142855,partial_assembly,1.0,4,2,5,11.418751770160785,18.325465209657285,11.418751770160785,2,4,5974,0,35.056037187576294,32.620354413986206,2.294705629348755,7,56,12.5,5
140726_144552_agentic,"Agentic Evaluation (E. coli, esm_small, r5)",E. coli,5,42,305,23,20-49,1,1,0.0,0.09508196721311475,,0.0,0.043478260869565216,0.019762845849802372,0.0,0.22295081967213115,0.3737704918032787,0.18181818181818182,0.13043478260869565,0.5177865612648221,0.0,0.16065573770491803,0.4557377049180328,0.3181818181818182,0.17391304347826086,0.44664031620553357,0.0,0.3114754098360656,0.5442622950819672,0.4090909090909091,0.2608695652173913,0.44664031620553357,0.0,0.38688524590163936,0.6032786885245902,0.45454545454545453,0.2608695652173913,0.5177865612648221,1,0,12.999999999999998,0.5909090909090908,partial_assembly,0.8,10,2,5,16.907026167209494,23.319615230560935,19.562562858491262,2,4,6073,0,42.23426961898804,37.5585720539093,4.5388805866241455,22,506,4.3478260869565215,8
140726_144552_agentic,"Agentic Evaluation (E. coli, esm_small, r5)",E. coli,5,43,69,8,5-9,1,1,0.0,0.37681159420289856,,0.0,0.125,0.0,0.0,0.7391304347826086,0.6811594202898551,0.5714285714285714,0.375,0.21428571428571427,0.0,0.782608695652174,0.5652173913043479,0.5714285714285714,0.375,0.8571428571428571,0.0,0.782608695652174,0.5652173913043479,0.5714285714285714,0.375,0.8571428571428571,1.0,1.0,1.0,1.0,1.0,1.0,1,0,3.0,0.42857142857142855,partial_assembly,0.25,4,2,5,14.786375091398188,15.978102545144504,14.786375091398188,3,4,5870,0,32.97080683708191,30.74225926399231,2.093191146850586,7,56,12.5,3
140726_144552_agentic,"Agentic Evaluation (E. coli, esm_small, r5)",E. coli,5,44,441,27,20-49,1,1,0.0,0.13378684807256236,,0.0,0.037037037037037035,0.1168091168091168,0.0,0.1292517006802721,0.18594104308390025,0.11538461538461539,0.07407407407407407,-0.05982905982905983,0.0,0.022675736961451247,0.2562358276643991,0.38461538461538464,0.18518518518518517,0.1623931623931624,0.0,0.022675736961451247,0.26530612244897955,0.34615384615384615,0.18518518518518517,0.1282051282051282,0.0,0.1292517006802721,0.26530612244897955,0.34615384615384615,0.18518518518518517,0.1737891737891738,1,0,17.0,0.6538461538461539,partial_assembly,1.0,9,2,5,13.07671484681867,20.024966194738973,12.871124468224062,3,4,6024,0,41.180267572402954,34.418216705322266,6.625682353973389,26,702,3.7037037037037033,7
140726_144552_agentic,"Agentic Evaluation (E. coli, esm_small, r5)",E. coli,5,45,240,23,20-49,1,1,0.0,0.07916666666666666,,0.09090909090909091,0.08695652173913043,0.2015810276679842,0.0,0.2708333333333333,0.4208333333333333,0.13636363636363635,0.08695652173913043,0.1857707509881423,0.0,0.2708333333333333,0.3833333333333333,0.09090909090909091,0.08695652173913043,-0.03557312252964427,0.0,0.2875,0.33333333333333337,0.13636363636363635,0.08695652173913043,-0.05928853754940711,0.0,0.2875,0.4208333333333333,0.18181818181818182,0.08695652173913043,0.1857707509881423,1,0,19.0,0.8636363636363636,partial_assembly,0.75,4,3,5,16.208074612862802,23.140427304083797,19.828544080482015,3,4,5793,0,41.58068537712097,36.199394941329956,5.240691900253296,0,506,0.0,4
140726_144552_agentic,"Agentic Evaluation (E. coli, esm_small, r5)",E. coli,5,46,271,12,10-19,1,1,0.0,0.0,,0.18181818181818182,0.25,0.2727272727272727,0.0,0.0036900369003690036,0.7343173431734318,0.6363636363636364,0.4166666666666667,0.5454545454545454,0.0,0.0036900369003690036,0.7343173431734318,0.6363636363636364,0.4166666666666667,0.5454545454545454,0.0,0.0036900369003690036,0.7343173431734318,0.6363636363636364,0.4166666666666667,0.5454545454545454,0.0,0.0036900369003690036,0.8044280442804428,0.6363636363636364,0.4166666666666667,0.6060606060606061,0,0,4.0,0.36363636363636365,wrong_start,0.7142857142857143,7,1,5,13.658847123613038,13.658847123613038,13.658847123613038,1,4,6080,0,39.120744705200195,35.29478573799133,3.6900277137756348,11,132,8.333333333333332,5
140726_144552_agentic,"Agentic Evaluation (E. coli, esm_small, r5)",E. coli,5,47,462,19,10-19,1,1,0.0,0.015151515151515152,,0.05555555555555555,0.10526315789473684,-0.09941520467836257,0.0,0.07575757575757576,0.3917748917748918,0.05555555555555555,0.10526315789473684,-0.08771929824561403,0.0,0.08008658008658008,0.4242424242424242,0.4444444444444444,0.21052631578947367,0.391812865497076,0.0,0.08008658008658008,0.4242424242424242,0.4444444444444444,0.21052631578947367,0.391812865497076,0.0,0.08008658008658008,0.4242424242424242,0.4444444444444444,0.3157894736842105,0.391812865497076,1,0,10.0,0.5555555555555556,partial_assembly,0.7777777777777778,9,4,5,19.393589330280708,32.7486709380752,19.393589330280708,3,4,6372,0,50.06346607208252,43.83800983428955,6.090211391448975,18,342,5.263157894736842,6
140726_144552_agentic,"Agentic Evaluation (E. coli, esm_small, r5)",E. coli,5,48,190,9,5-9,1,1,0.0,0.5526315789473685,,0.375,0.3333333333333333,-0.5,0.0,0.7526315789473684,0.5684210526315789,0.5,0.3333333333333333,0.7222222222222222,0.0,0.9894736842105263,0.9789473684210527,0.625,0.3333333333333333,0.8333333333333334,0.0,0.9894736842105263,0.9789473684210527,0.625,0.3333333333333333,0.8333333333333334,1.0,1.0,1.0,1.0,1.0,1.0,1,0,3.0,0.375,partial_assembly,0.75,8,3,5,14.325670225270049,15.98178292325086,14.325670225270049,4,4,5897,0,34.654913663864136,31.5030677318573,3.01220703125,8,72,11.11111111111111,4
140726_144552_agentic,"Agentic Evaluation (E. coli, esm_small, r5)",E. coli,5,49,175,11,10-19,1,1,0.0,0.68,,0.4,0.36363636363636365,0.12727272727272726,0.0,0.6,0.44571428571428573,0.1,0.18181818181818182,-0.01818181818181818,0.0,0.52,0.22857142857142854,0.2,0.2727272727272727,0.12727272727272726,0.0,0.52,0.22857142857142854,0.2,0.2727272727272727,0.12727272727272726,0.0,0.6,0.44571428571428573,0.4,0.2727272727272727,0.3090909090909091,1,0,8.0,0.8,partial_assembly,0.5714285714285714,7,2,5,14.349024832135207,21.583438785691555,14.349024832135207,3,4,6062,0,35.45025682449341,32.456159830093384,2.855207681655884,10,110,9.090909090909092,2
140726_144552_agentic,"Agentic Evaluation (E. coli, esm_small, r5)",E. coli,5,50,376,22,20-49,1,1,0.0,0.04521276595744681,,0.0,0.045454545454545456,-0.012987012987012988,0.0,0.2127659574468085,0.37234042553191493,0.23809523809523808,0.13636363636363635,0.15151515151515152,0.0,0.13829787234042554,0.3962765957446809,0.47619047619047616,0.18181818181818182,0.6190476190476191,0.0,0.13829787234042554,0.3962765957446809,0.42857142857142855,0.13636363636363635,0.5497835497835498,0.0,0.2127659574468085,0.5053191489361701,0.5238095238095238,0.18181818181818182,0.5670995670995671,1,0,12.0,0.5714285714285714,partial_assembly,0.6666666666666666,9,3,5,13.01424661632352,19.326184339040736,13.046581252305092,5,4,6017,0,49.59956216812134,42.35141038894653,7.105170011520386,21,462,4.545454545454546,5
140726_144552_agentic,"Agentic Evaluation (E. coli, esm_small, r5)",E. coli,5,51,97,9,5-9,1,1,0.0,0.41237113402061853,,0.375,0.3333333333333333,-0.1111111111111111,0.0,0.6082474226804123,0.3298969072164949,0.125,0.2222222222222222,0.3888888888888889,0.0,0.8247422680412371,0.6494845360824743,0.375,0.2222222222222222,0.6666666666666666,0.0,0.8247422680412371,0.6494845360824743,0.375,0.2222222222222222,0.6666666666666666,0.0,0.8247422680412371,0.6494845360824743,0.375,0.2222222222222222,0.6666666666666666,1,0,5.0,0.625,partial_assembly,1.0,8,3,5,9.7411384163657,10.48778248945318,9.7411384163657,2,4,6310,0,40.96308875083923,38.14204216003418,2.684385299682617,8,72,11.11111111111111,1
140726_144552_agentic,"Agentic Evaluation (E. coli, esm_small, r5)",E. coli,5,52,219,14,10-19,1,1,0.0,0.3150684931506849,,0.07692307692307693,0.14285714285714285,0.03296703296703297,0.0,0.3378995433789954,0.3881278538812786,0.23076923076923078,0.14285714285714285,-0.03296703296703297,0.0,0.3789954337899543,0.8447488584474886,0.6153846153846154,0.42857142857142855,0.6703296703296703,0.0,0.2100456621004566,0.6164383561643836,0.5384615384615384,0.42857142857142855,0.45054945054945056,0.0,0.3378995433789954,0.634703196347032,0.5384615384615384,0.42857142857142855,0.45054945054945056,1,0,6.0,0.46153846153846156,partial_assembly,0.8888888888888888,9,3,5,15.67750880888064,19.246692017665524,15.384473678929783,4,4,5585,0,33.7633216381073,30.29964327812195,3.327885866165161,13,182,7.142857142857142,5
140726_144552_agentic,"Agentic Evaluation (E. coli, esm_small, r5)",E. coli,5,53,472,39,20-49,1,1,0.0,0.014830508474576272,,0.02631578947368421,0.05128205128205128,0.10121457489878542,0.0,0.18008474576271186,0.260593220338983,0.23684210526315788,0.10256410256410256,0.13630229419703105,0.0,0.163135593220339,0.23516949152542377,0.23684210526315788,0.07692307692307693,-0.009446693657219974,0.0,0.05296610169491525,0.27754237288135597,0.2631578947368421,0.07692307692307693,0.1282051282051282,0.0,0.18008474576271186,0.2944915254237288,0.2631578947368421,0.10256410256410256,0.13630229419703105,1,0,28.000000000000004,0.736842105263158,partial_assembly,0.75,8,5,5,14.159158339269375,16.91871718193392,14.586098015152217,2,4,5910,0,70.20935368537903,53.98879933357239,16.081335306167603,38,1482,2.564102564102564,8
140726_144552_agentic,"Agentic Evaluation (E. coli, esm_small, r5)",E. coli,5,54,319,25,20-49,1,1,0.0,0.09090909090909091,,0.08333333333333333,0.08,-0.02,0.0,0.3166144200626959,0.42946708463949845,0.125,0.08,0.21333333333333335,0.0,0.39184952978056425,0.54858934169279,0.25,0.16,0.6333333333333333,0.0,0.3949843260188088,0.457680250783699,0.2916666666666667,0.12,0.5066666666666667,0.0,0.4012539184952978,0.4702194357366771,0.3333333333333333,0.16,0.52,0,0,17.0,0.7083333333333334,wrong_start,0.75,8,3,5,15.345797279367705,23.855760953895896,16.149300206379564,2,4,6021,0,44.87506580352783,41.148491621017456,3.583913803100586,24,600,4.0,7
140726_144552_agentic,"Agentic Evaluation (E. coli, esm_small, r5)",E. coli,5,55,211,16,10-19,1,1,0.0,0.009478672985781991,,0.06666666666666667,0.125,-0.05,0.0,0.5023696682464455,0.36492890995260663,0.26666666666666666,0.25,0.23333333333333334,0.0,0.5402843601895735,0.46445497630331756,0.4,0.25,0.5166666666666667,0.0,0.21800947867298578,0.4691943127962085,0.3333333333333333,0.25,0.26666666666666666,0.0,0.5023696682464455,0.5592417061611374,0.4,0.25,0.48333333333333334,1,0,10.000000000000002,0.6666666666666667,partial_assembly,0.5714285714285714,7,5,5,14.360012680518823,15.552998299464962,15.193749171750069,2,4,5933,0,32.165547609329224,29.376235723495483,2.6536431312561035,15,240,6.25,3
140726_144552_agentic,"Agentic Evaluation (E. coli, esm_small, r5)",E. coli,5,56,271,17,10-19,1,1,0.0,0.05166051660516605,,0.0625,0.11764705882352941,-0.2647058823529412,0.0,0.2177121771217712,0.3394833948339483,0.25,0.17647058823529413,0.38235294117647056,0.0,0.2177121771217712,0.5018450184501845,0.375,0.17647058823529413,0.5147058823529411,0.0,0.2177121771217712,0.5018450184501845,0.375,0.17647058823529413,0.5147058823529411,0.0,0.2177121771217712,0.5202952029520296,0.375,0.17647058823529413,0.5147058823529411,1,0,10.0,0.625,partial_assembly,1.0,4,2,5,12.650878263412821,21.162949081274324,12.650878263412821,3,4,5833,0,38.088276624679565,33.19556403160095,4.7506208419799805,0,272,0.0,5
140726_144552_agentic,"Agentic Evaluation (E. coli, esm_small, r5)",E. coli,5,57,160,8,5-9,1,1,0.0,0.7625,,0.14285714285714285,0.25,0.21428571428571427,0.0,0.5625,0.275,0.0,0.125,-0.2857142857142857,0.0,0.96875,0.9375,0.5714285714285714,0.25,0.7142857142857143,0.0,0.96875,0.9375,0.5714285714285714,0.25,0.7142857142857143,0.0,0.96875,0.9375,0.5714285714285714,0.375,0.7142857142857143,1,1,3.0,0.42857142857142855,partial_assembly,1.0,7,2,5,11.000079047469857,26.811073515705665,11.000079047469857,2,4,6013,0,35.895907402038574,33.10713720321655,2.6521153450012207,7,56,12.5,1
140726_144552_agentic,"Agentic Evaluation (E. coli, esm_small, r5)",E. coli,5,58,307,27,20-49,1,1,0.0,0.1563517915309446,,0.0,0.037037037037037035,-0.06552706552706553,0.0,0.016286644951140065,0.20846905537459282,0.23076923076923078,0.1111111111111111,0.04843304843304843,0.0,0.09446254071661238,0.19218241042345274,0.3076923076923077,0.18518518518518517,0.1282051282051282,0.0,0.09771986970684039,0.19543973941368076,0.3076923076923077,0.18518518518518517,0.1282051282051282,0.0,0.09771986970684039,0.4788273615635179,0.3076923076923077,0.18518518518518517,0.1282051282051282,1,0,18.0,0.6923076923076923,partial_assembly,0.6666666666666666,6,2,5,16.109963216467925,17.17103906259904,15.05204595788968,5,4,5926,0,43.00451326370239,36.17562484741211,6.679687023162842,0,702,0.0,9
140726_144552_agentic,"Agentic Evaluation (E. coli, esm_small, r5)",E. coli,5,59,66,4,2-4,1,1,1.0,1.0,,1.0,1.0,1.0,1.0,1.0,1.0,1.0,1.0,1.0,1.0,1.0,1.0,1.0,1.0,1.0,1.0,1.0,1.0,1.0,1.0,1.0,1.0,1.0,1.0,1.0,1.0,1.0,1,1,0.0,0.0,exact,,0,1,5,21.542147765831196,21.542147765831196,21.542147765831196,1,4,6106,0,34.84426474571228,32.35106134414673,2.3537237644195557,3,12,25.0,1
140726_144552_agentic,"Agentic Evaluation (E. coli, esm_small, r5)",E. coli,5,60,216,17,10-19,1,1,0.0,0.0,,0.125,0.11764705882352941,-0.19117647058823528,0.0,0.0,0.31018518518518523,0.0625,0.11764705882352941,-0.11764705882352941,0.0,0.004629629629629629,0.20370370370370372,0.3125,0.17647058823529413,0.23529411764705882,0.0,0.004629629629629629,0.2777777777777778,0.375,0.17647058823529413,0.25,0.0,0.004629629629629629,0.31018518518518523,0.375,0.17647058823529413,0.25,0,0,10.0,0.625,wrong_start,1.0,8,3,5,18.75392788098873,23.53974015934012,19.68379194187411,2,4,6037,0,39.40955591201782,35.2913978099823,3.9752755165100098,16,272,5.88235294117647,5
140726_144552_agentic,"Agentic Evaluation (E. coli, esm_small, r5)",E. coli,5,61,254,14,10-19,1,1,0.0,0.20866141732283464,,0.07692307692307693,0.14285714285714285,-0.07692307692307693,0.0,0.2440944881889764,0.3228346456692913,0.15384615384615385,0.14285714285714285,-0.01098901098901099,0.0,0.4763779527559055,0.4645669291338582,0.23076923076923078,0.14285714285714285,0.18681318681318682,0.0,0.4763779527559055,0.4645669291338582,0.23076923076923078,0.14285714285714285,0.18681318681318682,0.0,0.4763779527559055,0.610236220472441,0.3076923076923077,0.21428571428571427,0.2967032967032967,1,0,10.0,0.7692307692307693,partial_assembly,0.5714285714285714,7,2,5,11.058871709115623,17.100626242107086,11.058871709115623,3,4,5979,0,40.051286697387695,36.29841423034668,3.6175143718719482,13,182,7.142857142857142,2
140726_144552_agentic,"Agentic Evaluation (E. coli, esm_small, r5)",E. coli,5,62,443,28,20-49,1,1,0.0,0.3295711060948081,,0.07407407407407407,0.07142857142857142,-0.1111111111111111,0.0,0.013544018058690745,0.3002257336343115,0.1111111111111111,0.07142857142857142,-0.005291005291005291,0.0,0.03837471783295711,0.38826185101580135,0.14814814814814814,0.07142857142857142,0.2222222222222222,0.0,0.21896162528216703,0.417607223476298,0.2222222222222222,0.07142857142857142,0.07407407407407407,0.0,0.21896162528216703,0.4356659142212189,0.3333333333333333,0.14285714285714285,0.15873015873015872,1,0,21.0,0.7777777777777778,partial_assembly,0.7,10,5,5,16.853262520992807,24.11649484695229,22.957977377005292,4,4,5942,0,52.88580083847046,47.678688049316406,5.067207336425781,27,756,3.571428571428571,6
140726_144552_agentic,"Agentic Evaluation (E. coli, esm_small, r5)",E. coli,5,63,175,13,10-19,1,1,0.0,0.38285714285714284,,0.08333333333333333,0.15384615384615385,0.02564102564102564,0.0,0.37714285714285717,0.26857142857142857,0.3333333333333333,0.15384615384615385,-0.28205128205128205,0.0,0.6628571428571428,0.4285714285714286,0.3333333333333333,0.15384615384615385,0.41025641025641024,0.0,0.6628571428571428,0.4285714285714286,0.3333333333333333,0.15384615384615385,0.41025641025641024,0.0,0.9085714285714286,0.8514285714285714,0.5,0.38461538461538464,0.6153846153846154,1,0,8.0,0.6666666666666666,partial_assembly,0.0,4,3,5,13.69601708408453,14.518874123774223,13.69601708408453,2,4,5907,0,36.64719080924988,33.19986438751221,3.305447578430176,0,156,0.0,2
140726_144552_agentic,"Agentic Evaluation (E. coli, esm_small, r5)",E. coli,5,64,213,11,10-19,1,1,0.0,0.1596244131455399,,0.1,0.18181818181818182,0.05454545454545454,0.0,0.046948356807511735,0.596244131455399,0.3,0.2727272727272727,-0.05454545454545454,0.0,0.6713615023474179,0.45539906103286387,0.6,0.36363636363636365,0.05454545454545454,0.0,0.6713615023474179,0.45539906103286387,0.6,0.36363636363636365,0.05454545454545454,0.0,0.6713615023474179,0.596244131455399,0.7,0.5454545454545454,0.34545454545454546,1,0,4.0,0.4,partial_assembly,0.5714285714285714,7,2,5,12.767018745335314,15.772743051529842,12.767018745335314,4,4,6036,0,38.31513333320618,34.74613094329834,3.397421360015869,10,110,9.090909090909092,4
140726_144552_agentic,"Agentic Evaluation (E. coli, esm_small, r5)",E. coli,5,65,171,10,10-19,1,1,0.0,0.4853801169590643,,0.0,0.1,-0.3333333333333333,0.0,0.631578947368421,0.3801169590643275,0.2222222222222222,0.2,0.4222222222222222,0.0,0.5906432748538012,0.47953216374269003,0.4444444444444444,0.4,0.5111111111111111,0.0,0.7953216374269005,0.6257309941520468,0.4444444444444444,0.2,0.4666666666666667,0.0,0.7953216374269005,0.6257309941520468,0.4444444444444444,0.4,0.5555555555555556,1,0,5.0,0.5555555555555556,partial_assembly,1.0,4,2,5,14.747209336201994,24.706997066860474,14.896777195678954,2,4,5908,0,38.51312589645386,34.75365591049194,3.6035256385803223,0,90,0.0,3
140726_144552_agentic,"Agentic Evaluation (E. coli, esm_small, r5)",E. coli,5,66,147,8,5-9,1,1,0.0,0.38095238095238093,,0.2857142857142857,0.25,-0.5,0.0,0.8979591836734694,0.7959183673469388,0.5714285714285714,0.5,0.6428571428571429,0.0,0.8163265306122449,0.7142857142857143,0.14285714285714285,0.25,0.6428571428571429,0.0,0.7891156462585034,0.6462585034013606,0.2857142857142857,0.25,0.7857142857142857,0.0,0.8979591836734694,0.7959183673469388,0.5714285714285714,0.5,0.7857142857142857,1,0,5.0,0.7142857142857143,partial_assembly,0.2222222222222222,9,5,5,14.846513142374782,15.6310461524038,14.69689338370622,4,4,5952,0,34.76196098327637,32.30133628845215,2.3073606491088867,7,56,12.5,1
140726_144552_agentic,"Agentic Evaluation (E. coli, esm_small, r5)",E. coli,5,67,132,2,2-4,1,1,0.0,0.7121212121212122,,0.0,0.5,-1.0,1.0,1.0,1.0,1.0,1.0,1.0,1.0,1.0,1.0,1.0,1.0,1.0,1.0,1.0,1.0,1.0,1.0,1.0,1.0,1.0,1.0,1.0,1.0,1.0,1,0,0.0,0.0,exact,,0,1,5,18.631373137025843,18.631373137025843,18.631373137025843,1,4,5713,0,36.09027314186096,33.41140341758728,2.5093445777893066,1,2,50.0,0
140726_144552_agentic,"Agentic Evaluation (E. coli, esm_small, r5)",E. coli,5,68,321,14,10-19,1,1,0.0,0.0,,0.0,0.07142857142857142,-0.03296703296703297,0.0,0.003115264797507788,0.4112149532710281,0.3076923076923077,0.21428571428571427,0.31868131868131866,0.0,0.003115264797507788,0.4112149532710281,0.3076923076923077,0.21428571428571427,0.31868131868131866,0.0,0.003115264797507788,0.3052959501557633,0.46153846153846156,0.21428571428571427,0.2087912087912088,0.0,0.5545171339563862,0.6386292834890965,0.7692307692307693,0.5,0.8241758241758241,0,0,7.0,0.5384615384615384,wrong_start,0.7777777777777778,9,3,5,15.565655410632063,17.760198442575795,17.760198442575795,1,4,5852,0,40.168410301208496,35.46025204658508,4.554981470108032,13,182,7.142857142857142,5
140726_144552_agentic,"Agentic Evaluation (E. coli, esm_small, r5)",E. coli,5,69,248,18,10-19,1,1,0.0,0.3225806451612903,,0.0,0.05555555555555555,0.28104575163398693,0.0,0.16532258064516128,0.3104838709677419,0.17647058823529413,0.16666666666666666,0.35947712418300654,0.0,0.4153225806451613,0.36693548387096775,0.5294117647058824,0.16666666666666666,0.3333333333333333,0.0,0.036290322580645164,0.2782258064516129,0.5294117647058824,0.16666666666666666,0.29411764705882354,0.0,0.4153225806451613,0.75,0.5882352941176471,0.2222222222222222,0.5947712418300654,1,0,8.0,0.47058823529411764,partial_assembly,0.7777777777777778,9,2,5,12.608641940577886,17.75794878431912,12.879150905380994,2,4,6041,0,42.406384229660034,36.895976066589355,5.354118824005127,0,306,0.0,8
140726_144552_agentic,"Agentic Evaluation (E. coli, esm_small, r5)",E. coli,5,70,379,18,10-19,1,1,0.0,0.24010554089709762,,0.0,0.05555555555555555,0.1503267973856209,0.0,0.7044854881266491,0.7071240105540897,0.29411764705882354,0.16666666666666666,0.5555555555555556,0.0,0.741424802110818,0.8258575197889182,0.5882352941176471,0.5,0.7777777777777778,0.0,0.8258575197889182,0.79155672823219,0.5882352941176471,0.5,0.803921568627451,0.0,0.8258575197889182,0.8337730870712401,0.5882352941176471,0.5,0.803921568627451,1,1,7.0,0.4117647058823529,partial_assembly,0.875,8,4,5,12.381150974366863,17.463844515745457,12.424229197017745,2,4,5686,0,49.38315796852112,41.33395314216614,7.906324148178101,0,306,0.0,4
140726_144552_agentic,"Agentic Evaluation (E. coli, esm_small, r5)",E. coli,5,71,551,33,20-49,1,1,0.0,0.0018148820326678765,,0.0625,0.06060606060606061,-0.041666666666666664,0.0,0.009074410163339383,0.20326678765880213,0.0625,0.06060606060606061,0.09848484848484848,0.0,0.0018148820326678765,0.38294010889292196,0.25,0.09090909090909091,0.11742424242424243,0.0,0.0018148820326678765,0.3539019963702359,0.21875,0.09090909090909091,0.10606060606060606,0.0,0.009074410163339383,0.3539019963702359,0.25,0.09090909090909091,0.10606060606060606,0,0,25.0,0.78125,wrong_start,0.6666666666666666,9,5,5,18.87605427384185,25.807810235797135,18.74055512974186,5,4,5704,0,51.305580377578735,44.791008949279785,6.363152027130127,32,1056,3.0303030303030303,7
140726_144552_agentic,"Agentic Evaluation (E. coli, esm_small, r5)",E. coli,5,72,216,15,10-19,1,1,0.0,0.1388888888888889,,0.21428571428571427,0.2,-0.21904761904761905,0.0,0.37037037037037035,0.28240740740740744,0.14285714285714285,0.13333333333333333,0.23809523809523808,0.0,0.35185185185185186,0.34259259259259256,0.21428571428571427,0.13333333333333333,0.2761904761904762,0.0,0.5370370370370371,0.3657407407407407,0.35714285714285715,0.2,0.3142857142857143,0.0,0.6435185185185185,0.45833333333333337,0.42857142857142855,0.2,0.3904761904761905,1,0,9.0,0.6428571428571429,partial_assembly,0.8888888888888888,9,4,5,14.364157816793284,19.991525459210287,15.141424776736784,4,4,6043,0,40.53977179527283,36.19963335990906,4.197806358337402,14,210,6.666666666666667,4
140726_144552_agentic,"Agentic Evaluation (E. coli, esm_small, r5)",E. coli,5,73,289,24,20-49,1,1,0.0,0.11072664359861592,,0.08695652173913043,0.08333333333333333,0.13043478260869565,0.0,0.12110726643598616,0.18685121107266434,0.21739130434782608,0.125,-0.2318840579710145,0.0,0.12110726643598616,0.3044982698961938,0.21739130434782608,0.125,-0.07971014492753623,0.0,0.11764705882352941,0.2698961937716263,0.17391304347826086,0.125,0.007246376811594203,0.0,0.12110726643598616,0.2941176470588235,0.21739130434782608,0.125,0.036231884057971016,0,0,19.0,0.8260869565217391,wrong_start,0.0,4,5,5,16.62784632467304,18.45559926728317,16.414558238043476,3,4,5971,0,47.44009447097778,40.94198513031006,6.343130111694336,0,552,0.0,6
140726_144552_agentic,"Agentic Evaluation (E. coli, esm_small, r5)",E. coli,5,74,356,16,10-19,1,1,0.0,0.09831460674157304,,0.0,0.0625,-0.05,0.0,0.18820224719101122,0.3876404494382022,0.26666666666666666,0.25,0.18333333333333332,0.0,0.18820224719101122,0.4101123595505618,0.26666666666666666,0.25,0.36666666666666664,0.0,0.18820224719101122,0.4044943820224719,0.26666666666666666,0.25,0.4166666666666667,0.0,0.18820224719101122,0.6039325842696629,0.3333333333333333,0.25,0.5666666666666667,1,0,11.0,0.7333333333333333,partial_assembly,0.25,4,2,5,15.130687434999075,18.476929136078915,15.035869087461785,3,4,6015,0,48.735286235809326,43.22535848617554,5.35322642326355,15,240,6.25,3
140726_144552_agentic,"Agentic Evaluation (E. coli, esm_small, r5)",E. coli,5,75,214,14,10-19,1,1,0.0,0.08878504672897196,,0.07692307692307693,0.14285714285714285,-0.2967032967032967,0.0,0.16355140186915887,0.21028037383177567,0.0,0.07142857142857142,-0.0989010989010989,0.0,0.26635514018691586,0.46261682242990654,0.23076923076923078,0.14285714285714285,0.4945054945054945,0.0,0.2102803738317757,0.4252336448598131,0.15384615384615385,0.14285714285714285,0.16483516483516483,0.0,0.35514018691588783,0.43457943925233644,0.23076923076923078,0.14285714285714285,0.16483516483516483,1,0,11.0,0.8461538461538461,partial_assembly,0.5714285714285714,7,5,5,15.93515119816589,29.58917645556287,19.268392711437926,4,4,6080,0,41.46343517303467,37.99946188926697,3.3117096424102783,13,182,7.142857142857142,3
140726_144552_agentic,"Agentic Evaluation (E. coli, esm_small, r5)",E. coli,5,76,75,6,5-9,1,1,0.0,0.6533333333333333,,0.0,0.16666666666666666,0.2,0.0,0.8533333333333334,0.7066666666666667,0.2,0.3333333333333333,0.6,0.0,0.72,0.43999999999999995,0.2,0.3333333333333333,0.3333333333333333,0.0,0.72,0.43999999999999995,0.2,0.3333333333333333,0.3333333333333333,0.0,0.8533333333333334,0.7066666666666667,0.2,0.3333333333333333,0.6,1,0,4.0,0.8,partial_assembly,,0,2,5,15.50114647253307,28.849237513985972,15.50114647253307,2,4,5897,0,35.92867588996887,33.08042335510254,2.6963624954223633,5,30,16.666666666666664,1
140726_144552_agentic,"Agentic Evaluation (E. coli, esm_small, r5)",E. coli,5,77,277,19,10-19,1,1,0.0,0.0,,0.1111111111111111,0.15789473684210525,0.09941520467836257,0.0,0.09747292418772563,0.3249097472924187,0.3333333333333333,0.15789473684210525,0.2046783625730994,0.0,0.09747292418772563,0.31768953068592054,0.5555555555555556,0.15789473684210525,0.4619883040935672,0.0,0.09747292418772563,0.3574007220216606,0.5,0.15789473684210525,0.1695906432748538,0.0,0.09747292418772563,0.3574007220216606,0.5,0.15789473684210525,0.43859649122807015,1,0,9.0,0.5,partial_assembly,1.0,9,3,5,17.411720571068887,22.75758712988945,17.982272571765016,3,4,5965,0,44.99982833862305,40.30552816390991,4.540968894958496,18,342,5.263157894736842,7
140726_144552_agentic,"Agentic Evaluation (E. coli, esm_small, r5)",E. coli,5,78,836,50,50+,1,1,0.0,0.007177033492822967,,0.061224489795918366,0.04,-0.08571428571428572,0.0,0.05382775119617225,0.23684210526315785,0.2653061224489796,0.06,-0.06775510204081632,0.0,0.08133971291866028,0.31818181818181823,0.2653061224489796,0.06,0.07265306122448979,0.0,0.16507177033492823,0.284688995215311,0.32653061224489793,0.08,0.06775510204081632,0.0,0.17822966507177032,0.3110047846889952,0.32653061224489793,0.08,0.07265306122448979,1,0,33.00000000000001,0.6734693877551022,partial_assembly,1.0,8,3,5,15.654165457828599,19.6687519541925,16.546321660209184,4,4,6485,0,99.91639184951782,78.86849927902222,20.8886821269989,0,2450,0.0,17
140726_144552_agentic,"Agentic Evaluation (E. coli, esm_small, r5)",E. coli,5,79,115,16,10-19,1,1,0.0,0.5130434782608696,,0.2,0.1875,0.016666666666666666,0.0,0.6434782608695652,0.3913043478260869,0.3333333333333333,0.25,0.35,0.0,0.6086956521739131,0.4347826086956522,0.3333333333333333,0.25,0.18333333333333332,0.0,0.7217391304347827,0.5478260869565217,0.3333333333333333,0.25,0.2833333333333333,0.0,0.7478260869565218,0.6434782608695653,0.4,0.3125,0.5333333333333333,1,0,10.000000000000002,0.6666666666666667,partial_assembly,0.5,4,3,5,14.513406566285312,16.514297841328002,15.018573124171107,4,4,6065,0,40.12541437149048,36.71487355232239,3.2552034854888916,15,240,6.25,5
140726_144552_agentic,"Agentic Evaluation (E. coli, esm_small, r5)",E. coli,5,80,60,3,2-4,1,1,1.0,1.0,,1.0,1.0,1.0,1.0,1.0,1.0,1.0,1.0,1.0,1.0,1.0,1.0,1.0,1.0,1.0,1.0,1.0,1.0,1.0,1.0,1.0,1.0,1.0,1.0,1.0,1.0,1.0,1,1,0.0,0.0,exact,,0,1,5,18.306058051433624,18.306058051433624,18.306058051433624,1,4,6135,0,35.390249490737915,32.67884159088135,2.557302474975586,0,6,0.0,1
140726_144552_agentic,"Agentic Evaluation (E. coli, esm_small, r5)",E. coli,5,81,459,28,20-49,1,1,0.0,0.10675381263616558,,0.0,0.03571428571428571,-0.010582010582010581,0.0,0.07625272331154684,0.1938997821350763,0.25925925925925924,0.14285714285714285,0.20105820105820105,0.0,0.3006535947712418,0.4248366013071896,0.25925925925925924,0.14285714285714285,0.1746031746031746,0.0,0.22440087145969498,0.3224400871459695,0.2962962962962963,0.14285714285714285,-0.07936507936507936,0.0,0.31808278867102396,0.3507625272331155,0.2962962962962963,0.14285714285714285,0.20105820105820105,1,0,19.0,0.7037037037037037,partial_assembly,0.875,8,5,5,14.496868263645938,16.868522051585636,15.515549945294604,2,4,6241,0,48.05119252204895,43.31464385986328,4.581932544708252,27,756,3.571428571428571,8
140726_144552_agentic,"Agentic Evaluation (E. coli, esm_small, r5)",E. coli,5,82,230,21,20-49,1,1,0.0,0.06521739130434782,,0.15,0.09523809523809523,-0.10476190476190476,0.0,0.2391304347826087,0.35652173913043483,0.3,0.09523809523809523,0.05714285714285714,0.0,0.30434782608695654,0.4173913043478261,0.4,0.19047619047619047,0.20952380952380953,0.0,0.30434782608695654,0.34347826086956523,0.4,0.19047619047619047,0.4,0.0,0.30869565217391304,0.3652173913043478,0.4,0.19047619047619047,0.4,1,0,12.0,0.6,partial_assembly,1.0,4,5,5,15.295252310187573,21.151699543076724,14.752205348785212,4,4,6203,0,44.062790393829346,39.909592151641846,3.9942641258239746,20,420,4.761904761904762,7
140726_144552_agentic,"Agentic Evaluation (E. coli, esm_small, r5)",E. coli,5,83,260,19,10-19,1,1,0.0,0.25769230769230766,,0.0,0.05263157894736842,-0.09941520467836257,0.0,0.36538461538461536,0.31153846153846154,0.3333333333333333,0.15789473684210525,-0.017543859649122806,0.0,0.2653846153846154,0.31153846153846154,0.2222222222222222,0.21052631578947367,0.1695906432748538,0.0,0.2653846153846154,0.2961538461538461,0.2222222222222222,0.21052631578947367,0.18128654970760233,0.0,0.36538461538461536,0.3307692307692308,0.3333333333333333,0.21052631578947367,0.18128654970760233,1,0,14.0,0.7777777777777778,partial_assembly,0.5714285714285714,7,5,5,11.904431098120844,13.692134167193391,12.015231905232401,3,4,6010,0,41.316237449645996,36.512876987457275,4.643229246139526,18,342,5.263157894736842,5
140726_144552_agentic,"Agentic Evaluation (E. coli, esm_small, r5)",E. coli,5,84,467,24,20-49,1,1,0.0,0.13276231263383298,,0.043478260869565216,0.08333333333333333,-0.06521739130434782,0.0,0.10278372591006424,0.28051391862955033,0.08695652173913043,0.08333333333333333,-0.057971014492753624,0.0,0.2505353319057816,0.39400428265524623,0.21739130434782608,0.125,0.12318840579710146,0.0,0.2505353319057816,0.3918629550321199,0.21739130434782608,0.125,0.12318840579710146,0.0,0.2505353319057816,0.4089935760171306,0.21739130434782608,0.125,0.14492753623188406,1,0,18.0,0.782608695652174,partial_assembly,1.0,7,4,5,13.723778458870159,17.536094323069747,13.657959749942648,3,4,5893,0,42.28730130195618,35.567227840423584,6.566171169281006,0,552,0.0,5
140726_144552_agentic,"Agentic Evaluation (E. coli, esm_small, r5)",E. coli,5,85,156,10,10-19,1,1,0.0,0.46794871794871795,,0.3333333333333333,0.3,-0.4666666666666667,0.0,0.3333333333333333,0.3589743589743589,0.3333333333333333,0.2,0.06666666666666667,0.0,0.7564102564102564,0.5897435897435898,0.6666666666666666,0.4,0.4666666666666667,0.0,0.7564102564102564,0.5897435897435898,0.6666666666666666,0.4,0.4666666666666667,0.0,0.7564102564102564,0.5897435897435898,0.6666666666666666,0.4,0.4666666666666667,1,0,3.0000000000000004,0.33333333333333337,partial_assembly,0.75,8,2,5,14.272036064425789,15.175245691281418,14.272036064425789,4,4,6015,0,36.40956473350525,33.14796996116638,3.1111605167388916,9,90,10.0,2
140726_144552_agentic,"Agentic Evaluation (E. coli, esm_small, r5)",E. coli,5,86,332,15,10-19,1,1,0.0,0.012048192771084338,,0.07142857142857142,0.13333333333333333,-0.2,0.0,0.4879518072289157,0.5271084337349398,0.14285714285714285,0.13333333333333333,0.23809523809523808,0.0,0.4066265060240964,0.5903614457831325,0.35714285714285715,0.2,0.08571428571428572,0.0,0.030120481927710843,0.4819277108433735,0.2857142857142857,0.13333333333333333,0.12380952380952381,0.0,0.4879518072289157,0.6054216867469879,0.35714285714285715,0.2,0.23809523809523808,1,0,10.0,0.7142857142857143,partial_assembly,0.8888888888888888,9,2,5,14.128507005542657,17.353017578170572,13.981097922033,4,4,6107,0,47.49122381210327,41.47384572029114,5.855981826782227,14,210,6.666666666666667,3
140726_144552_agentic,"Agentic Evaluation (E. coli, esm_small, r5)",E. coli,5,87,353,20,20-49,1,1,0.0,0.1643059490084986,,0.05263157894736842,0.1,-0.2736842105263158,0.0,0.42776203966005666,0.603399433427762,0.3157894736842105,0.25,0.4631578947368421,0.0,0.40509915014164305,0.6628895184135977,0.47368421052631576,0.25,0.47368421052631576,0.0,0.40509915014164305,0.5070821529745042,0.47368421052631576,0.25,0.5052631578947369,0.0,0.42776203966005666,0.6487252124645893,0.47368421052631576,0.25,0.5052631578947369,1,0,10.000000000000002,0.5263157894736843,partial_assembly,1.0,8,2,5,17.001284012057326,23.034050478529977,18.61937215088147,3,4,5993,0,50.85454535484314,43.20154857635498,7.498177766799927,19,380,5.0,6
140726_144552_agentic,"Agentic Evaluation (E. coli, esm_small, r5)",E. coli,5,88,90,10,10-19,1,1,0.0,0.5333333333333333,,0.0,0.1,0.022222222222222223,0.0,0.6888888888888889,0.37777777777777777,0.5555555555555556,0.3,0.7777777777777778,0.0,0.5555555555555556,0.3111111111111111,0.4444444444444444,0.3,0.6444444444444445,0.0,0.5555555555555556,0.3111111111111111,0.4444444444444444,0.3,0.6444444444444445,0.0,0.6888888888888889,0.4111111111111111,0.5555555555555556,0.5,0.7777777777777778,1,0,5.0,0.5555555555555556,partial_assembly,0.0,6,2,5,13.97264524524415,16.849186356271485,13.97264524524415,2,4,5959,0,35.14399480819702,31.914404153823853,3.0824811458587646,0,90,0.0,4
140726_144552_agentic,"Agentic Evaluation (E. coli, esm_small, r5)",E. coli,5,89,110,10,10-19,1,1,0.0,0.7,,0.0,0.1,0.28888888888888886,0.0,0.990909090909091,0.9818181818181818,0.6666666666666666,0.6,0.9111111111111111,0.0,0.7818181818181819,0.6181818181818182,0.4444444444444444,0.5,0.7333333333333333,0.0,0.9545454545454546,0.9181818181818182,0.4444444444444444,0.5,0.8222222222222222,1.0,1.0,1.0,1.0,1.0,1.0,1,0,5.0,0.5555555555555556,partial_assembly,0.5555555555555556,9,4,5,16.51933359553749,17.20995056317902,15.937977523330924,4,4,5937,0,33.89331102371216,31.22616672515869,2.5174918174743652,9,90,10.0,4
140726_144552_agentic,"Agentic Evaluation (E. coli, esm_small, r5)",E. coli,5,90,326,30,20-49,1,1,0.0,0.11042944785276074,,0.034482758620689655,0.06666666666666667,-0.034482758620689655,0.0,0.16257668711656442,0.24233128834355833,0.27586206896551724,0.1,0.36091954022988504,0.0,0.25153374233128833,0.43251533742331283,0.3793103448275862,0.16666666666666666,0.4482758620689655,0.0,0.25153374233128833,0.5337423312883436,0.41379310344827586,0.16666666666666666,0.5448275862068965,0.0,0.30368098159509205,0.5920245398773006,0.41379310344827586,0.16666666666666666,0.5448275862068965,0,0,17.0,0.5862068965517241,wrong_start,0.8888888888888888,9,5,5,16.571179472867893,22.513080005663692,16.746284649370555,5,4,6095,0,52.53083848953247,42.391385316848755,9.983403205871582,29,870,3.3333333333333335,13
140726_144552_agentic,"Agentic Evaluation (E. coli, esm_small, r5)",E. coli,5,91,230,13,10-19,1,1,0.0,0.008695652173913044,,0.0,0.07692307692307693,0.0,0.0,0.11304347826086956,0.28695652173913044,0.16666666666666666,0.15384615384615385,0.10256410256410256,0.0,0.2565217391304348,0.491304347826087,0.3333333333333333,0.23076923076923078,0.07692307692307693,0.0,0.11304347826086956,0.37826086956521743,0.16666666666666666,0.23076923076923078,0.0,0.0,0.11739130434782609,0.5173913043478261,0.4166666666666667,0.3076923076923077,0.10256410256410256,1,0,10.0,0.8333333333333334,partial_assembly,0.7142857142857143,7,2,5,11.158439605159348,12.976401207840336,10.888030170342912,2,4,5943,0,39.95932054519653,36.15882921218872,3.656616687774658,12,156,7.6923076923076925,1
140726_144552_agentic,"Agentic Evaluation (E. coli, esm_small, r5)",E. coli,5,92,344,15,10-19,1,1,0.0,0.3633720930232558,,0.07142857142857142,0.13333333333333333,0.009523809523809525,0.0,0.3488372093023256,0.6453488372093024,0.35714285714285715,0.2,0.2761904761904762,0.0,0.34593023255813954,0.6744186046511628,0.5,0.26666666666666666,0.8285714285714286,0.0,0.34593023255813954,0.6744186046511628,0.5,0.26666666666666666,0.8285714285714286,0.0,0.3488372093023256,0.6744186046511628,0.5714285714285714,0.4,0.8285714285714286,1,0,7.0,0.5,partial_assembly,0.7142857142857143,7,2,5,14.176812754537586,19.19443838635118,14.176812754537586,5,4,5977,0,40.897791147232056,35.85721206665039,4.893696308135986,14,210,6.666666666666667,5
140726_144552_agentic,"Agentic Evaluation (E. coli, esm_small, r5)",E. coli,5,93,85,7,5-9,1,1,0.0,0.8117647058823529,,0.0,0.14285714285714285,-0.5238095238095238,0.0,0.6352941176470588,0.3058823529411765,0.16666666666666666,0.2857142857142857,0.5238095238095238,0.0,0.9764705882352941,0.9529411764705882,0.5,0.2857142857142857,0.8095238095238095,0.0,0.9764705882352941,0.9529411764705882,0.5,0.2857142857142857,0.8095238095238095,0.0,0.9764705882352941,0.9529411764705882,0.5,0.2857142857142857,0.8095238095238095,1,0,3.0,0.5,partial_assembly,1.0,4,2,5,12.068930721000557,14.677050253775215,12.068930721000557,2,4,5893,0,37.47064757347107,34.481022357940674,2.83756947517395,6,42,14.285714285714285,1
140726_144552_agentic,"Agentic Evaluation (E. coli, esm_small, r5)",E. coli,5,94,726,48,20-49,1,1,0.0,0.046831955922865015,,0.02127659574468085,0.041666666666666664,-0.10815602836879433,0.0,0.05785123966942149,0.3677685950413223,0.1702127659574468,0.08333333333333333,0.04609929078014184,0.0,0.05922865013774105,0.31955922865013775,0.3191489361702128,0.08333333333333333,0.03546099290780142,0.0,0.05785123966942149,0.3801652892561983,0.3404255319148936,0.08333333333333333,0.0726950354609929,0.0,0.05785123966942149,0.3801652892561983,0.3404255319148936,0.08333333333333333,0.1595744680851064,1,0,30.999999999999996,0.6595744680851063,partial_assembly,0.9,10,5,5,15.77985239951682,20.89501414649285,15.051185584778237,2,4,6314,0,98.10824990272522,60.93633484840393,37.01518154144287,47,2256,2.083333333333333,15
140726_144552_agentic,"Agentic Evaluation (E. coli, esm_small, r5)",E. coli,5,95,613,14,10-19,1,1,0.0,0.24143556280587275,,0.0,0.07142857142857142,0.01098901098901099,0.0,0.008156606851549755,0.2985318107667211,0.3076923076923077,0.14285714285714285,0.054945054945054944,0.0,0.008156606851549755,0.4535073409461664,0.46153846153846156,0.42857142857142855,0.31868131868131866,0.0,0.008156606851549755,0.48613376835236544,0.38461538461538464,0.35714285714285715,0.03296703296703297,0.0,0.008156606851549755,0.49102773246329523,0.46153846153846156,0.35714285714285715,0.2087912087912088,0,0,8.0,0.6153846153846154,wrong_start,0.5714285714285714,7,4,5,13.745552744218072,17.379117342434395,13.43241430240314,4,4,5728,0,44.756019592285156,37.96415066719055,6.6320884227752686,0,182,0.0,1
140726_144552_agentic,"Agentic Evaluation (E. coli, esm_small, r5)",E. coli,5,96,256,12,10-19,1,1,0.0,0.28515625,,0.09090909090909091,0.16666666666666666,-0.30303030303030304,0.0,0.0390625,0.4375,0.36363636363636365,0.16666666666666666,0.2727272727272727,0.0,0.0390625,0.47265625,0.36363636363636365,0.16666666666666666,0.24242424242424243,0.0,0.0390625,0.47265625,0.36363636363636365,0.16666666666666666,0.24242424242424243,0.0,0.0390625,0.48046875,0.45454545454545453,0.3333333333333333,0.42424242424242425,1,0,7.0,0.6363636363636364,partial_assembly,0.25,4,2,5,16.381847151210547,17.004247945455845,16.381847151210547,3,4,5983,0,37.46698808670044,33.53620362281799,3.761066198348999,11,132,8.333333333333332,3
140726_144552_agentic,"Agentic Evaluation (E. coli, esm_small, r5)",E. coli,5,97,286,15,10-19,1,1,0.0,0.06293706293706294,,0.07142857142857142,0.13333333333333333,-0.2571428571428571,0.0,0.18181818181818182,0.3426573426573427,0.14285714285714285,0.13333333333333333,0.21904761904761905,0.0,0.05244755244755245,0.5279720279720279,0.42857142857142855,0.26666666666666666,0.08571428571428572,0.0,0.05244755244755245,0.5874125874125874,0.5,0.26666666666666666,0.12380952380952381,0.0,0.18181818181818182,0.5874125874125874,0.5,0.26666666666666666,0.21904761904761905,1,0,7.0,0.5,partial_assembly,1.0,9,3,5,11.078172177004706,17.247492497096186,11.123034199040276,3,4,5715,0,35.6128146648407,31.883569955825806,3.5779497623443604,14,210,6.666666666666667,4
140726_144552_agentic,"Agentic Evaluation (E. coli, esm_small, r5)",E. coli,5,98,348,20,20-49,1,1,0.0,0.008620689655172414,,0.10526315789473684,0.1,0.12631578947368421,0.0,0.011494252873563218,0.1724137931034483,0.21052631578947367,0.1,-0.12631578947368421,0.0,0.5488505747126436,0.7528735632183908,0.47368421052631576,0.15,0.5157894736842106,0.0,0.5689655172413793,0.7528735632183908,0.5789473684210527,0.2,0.4421052631578947,0.0,0.5689655172413793,0.7528735632183908,0.5789473684210527,0.2,0.4421052631578947,1,0,8.0,0.42105263157894735,partial_assembly,1.0,8,4,5,13.716156716438679,24.229727649298503,13.794929865706187,4,4,5930,0,43.28112268447876,38.415245056152344,4.708905220031738,19,380,5.0,4
140726_144552_agentic,"Agentic Evaluation (E. coli, esm_small, r5)",E. coli,5,99,192,13,10-19,1,1,0.0,0.390625,,0.0,0.07692307692307693,-0.02564102564102564,0.0,0.8645833333333334,0.765625,0.5,0.3076923076923077,0.5128205128205128,0.0,0.9583333333333334,0.9166666666666666,0.75,0.6153846153846154,0.9743589743589743,0.0,0.9583333333333334,0.9166666666666666,0.75,0.5384615384615384,0.8205128205128205,0.0,0.96875,0.9427083333333334,0.75,0.6923076923076923,0.9743589743589743,1,0,3.0,0.25,partial_assembly,1.0,4,3,5,12.229783804972943,15.222728952460933,12.307526685023051,5,4,6057,0,36.78852391242981,33.53346490859985,3.0967445373535156,12,156,7.6923076923076925,6
140726_144552_agentic,"Agentic Evaluation (E. coli, esm_small, r5)",E. coli,5,100,294,12,10-19,1,1,0.0,0.25510204081632654,,0.0,0.08333333333333333,-0.09090909090909091,0.0,0.15306122448979592,0.5238095238095238,0.45454545454545453,0.25,-0.06060606060606061,0.0,0.15306122448979592,0.3979591836734694,0.45454545454545453,0.25,-0.030303030303030304,0.0,0.6938775510204082,0.6054421768707483,0.5454545454545454,0.25,0.6666666666666666,0.0,0.6938775510204082,0.6054421768707483,0.5454545454545454,0.25,0.6666666666666666,1,0,5.0,0.45454545454545453,partial_assembly,0.8571428571428571,7,3,5,13.817975960913515,15.436375978077981,14.338041118251734,4,4,5826,0,37.632986068725586,33.444419622421265,4.028251886367798,11,132,8.333333333333332,2
140726_171539_agentic,"Agentic Evaluation (Yeast, esm_small, r100)",Yeast,100,1,201,23,20-49,1,1,0.0,0.029850746268656716,,0.22727272727272727,0.17391304347826086,0.011857707509881422,0.0,0.07462686567164178,0.3731343283582089,0.6363636363636364,0.21739130434782608,0.003952569169960474,0.0,0.07462686567164178,0.2786069651741293,0.6363636363636364,0.2608695652173913,0.3201581027667984,0.0,0.07462686567164178,0.3233830845771144,0.6818181818181818,0.2608695652173913,0.6679841897233202,0.0,0.0845771144278607,0.43781094527363185,0.6818181818181818,0.2608695652173913,0.6679841897233202,1,0,7.000000000000001,0.31818181818181823,partial_assembly,1.0,7,3,5,16.799571337480206,19.199849325540896,17.27864061535478,4,4,6208,0,43.164891719818115,38.97146272659302,4.040531158447266,22,506,4.3478260869565215,17
140726_171539_agentic,"Agentic Evaluation (Yeast, esm_small, r100)",Yeast,100,2,1178,87,50+,1,1,0.0,0.006791171477079796,,0.011627906976744186,0.022988505747126436,-0.061748195669607056,0.0,0.0466893039049236,0.25806451612903225,0.6046511627906976,0.13793103448275862,-0.1210906174819567,0.0,0.01697792869269949,0.2300509337860781,0.627906976744186,0.19540229885057472,-0.13178294573643412,0.0,0.0466893039049236,0.25806451612903225,0.6046511627906976,0.13793103448275862,-0.1210906174819567,0.0,0.0466893039049236,0.25806451612903225,0.7325581395348837,0.14942528735632185,-0.11895215183106121,1,0,34.0,0.3953488372093023,partial_assembly,0.1111111111111111,9,1,5,17.288900913828265,17.288900913828265,15.73307283423534,3,4,5996,0,191.55739569664001,94.03514266014099,97.35678744316101,86,7482,1.1494252873563218,85
140726_171539_agentic,"Agentic Evaluation (Yeast, esm_small, r100)",Yeast,100,3,545,36,20-49,1,1,0.0,0.025688073394495414,,0.02857142857142857,0.05555555555555555,0.044444444444444446,0.0,0.031192660550458717,0.39816513761467887,0.5714285714285714,0.25,-0.10158730158730159,0.0,0.03302752293577982,0.4165137614678899,0.7142857142857143,0.3888888888888889,0.3619047619047619,0.0,0.08623853211009175,0.4862385321100917,0.7714285714285715,0.3888888888888889,0.5936507936507937,0.0,0.08990825688073395,0.4862385321100917,0.8,0.4166666666666667,0.5936507936507937,1,0,7.999999999999999,0.22857142857142854,partial_assembly,0.4444444444444444,9,4,5,15.987539366577387,17.40827934663111,16.44293871848858,3,4,6327,0,57.565842628479004,49.25169110298157,8.165316343307495,35,1260,2.7777777777777777,30
140726_171539_agentic,"Agentic Evaluation (Yeast, esm_small, r100)",Yeast,100,4,347,31,20-49,1,1,0.0,0.008645533141210375,,0.0,0.03225806451612903,0.12258064516129032,0.0,0.8559077809798271,0.8184438040345822,0.8333333333333334,0.5806451612903226,0.7677419354838709,0.0,0.2507204610951009,0.7002881844380404,0.8,0.2903225806451613,0.5913978494623656,0.0,0.2507204610951009,0.42651296829971186,0.7666666666666667,0.2903225806451613,0.45806451612903226,0.0,0.8559077809798271,0.8386167146974064,0.8333333333333334,0.5806451612903226,0.789247311827957,1,0,6.999999999999998,0.23333333333333328,partial_assembly,0.14285714285714285,7,2,5,16.550966514545898,17.302265937015708,16.528278434953506,5,4,6114,0,50.522520542144775,41.24743437767029,9.12431812286377,30,930,3.225806451612903,31
140726_171539_agentic,"Agentic Evaluation (Yeast, esm_small, r100)",Yeast,100,5,170,8,5-9,1,1,0.0,0.5176470588235295,,0.0,0.125,-0.42857142857142855,0.0,0.9352941176470588,0.8705882352941177,0.7142857142857143,0.625,0.6428571428571429,1.0,1.0,1.0,1.0,1.0,1.0,1.0,1.0,1.0,1.0,1.0,1.0,1.0,1.0,1.0,1.0,1.0,1.0,1,0,0.0,0.0,exact,1.0,4,2,5,15.548088900596241,18.22634795307829,15.548088900596241,2,4,5984,0,43.473938941955566,40.34198188781738,2.9735097885131836,7,56,12.5,6
140726_171539_agentic,"Agentic Evaluation (Yeast, esm_small, r100)",Yeast,100,6,247,21,20-49,1,1,0.0,0.012145748987854251,,0.0,0.047619047619047616,-0.09523809523809523,0.0,0.5910931174089069,0.5991902834008097,0.7,0.5238095238095238,0.6666666666666666,0.0,0.5951417004048583,0.659919028340081,0.8,0.5238095238095238,0.7333333333333333,0.0,0.5910931174089069,0.8137651821862348,0.9,0.5238095238095238,0.9142857142857143,0.0,0.7530364372469636,0.8137651821862348,0.9,0.5238095238095238,0.9142857142857143,1,0,1.9999999999999996,0.09999999999999998,local_transposition,1.0,4,3,5,20.218931579864385,22.422269249695145,19.126435666364223,5,4,6177,0,50.682528018951416,44.48153567314148,6.04106593132019,0,420,0.0,19
140726_171539_agentic,"Agentic Evaluation (Yeast, esm_small, r100)",Yeast,100,7,572,36,20-49,1,1,0.0,0.15734265734265734,,0.08571428571428572,0.05555555555555555,0.08253968253968254,0.0,0.0472027972027972,0.2744755244755245,0.45714285714285713,0.1388888888888889,0.31746031746031744,0.0,0.40034965034965037,0.47902097902097907,0.7714285714285715,0.3055555555555556,0.6190476190476191,0.0,0.2674825174825175,0.30594405594405594,0.6285714285714286,0.1388888888888889,0.4095238095238095,0.0,0.2674825174825175,0.5734265734265734,0.6571428571428571,0.2222222222222222,0.4666666666666667,1,0,13.0,0.37142857142857144,partial_assembly,0.7,10,4,5,17.948138534480204,22.241072550657496,18.562989663919474,5,4,5868,0,59.10551619529724,44.21157455444336,14.729930639266968,35,1260,2.7777777777777777,29
140726_171539_agentic,"Agentic Evaluation (Yeast, esm_small, r100)",Yeast,100,8,769,60,50+,1,1,0.0,0.02860858257477243,,0.01694915254237288,0.03333333333333333,0.059887005649717516,0.0,0.3159947984395319,0.3719115734720416,0.6440677966101694,0.13333333333333333,0.4847457627118644,0.0,0.4538361508452536,0.40832249674902465,0.6610169491525424,0.15,0.5875706214689266,0.0,0.4538361508452536,0.40832249674902465,0.6610169491525424,0.15,0.5875706214689266,0.0,0.4538361508452536,0.41092327698309494,0.7288135593220338,0.18333333333333332,0.5875706214689266,1,0,20.0,0.3389830508474576,partial_assembly,0.3,10,4,5,15.509302552157152,16.21177229226463,15.509302552157152,4,4,6171,0,105.86303067207336,74.7030930519104,31.00337862968445,59,3540,1.6666666666666667,62
140726_171539_agentic,"Agentic Evaluation (Yeast, esm_small, r100)",Yeast,100,9,297,11,10-19,1,1,0.0,0.0,,0.1,0.18181818181818182,-0.2727272727272727,1.0,1.0,1.0,1.0,1.0,1.0,1.0,1.0,1.0,1.0,1.0,1.0,1.0,1.0,1.0,1.0,1.0,1.0,1.0,1.0,1.0,1.0,1.0,1.0,1,0,0.0,0.0,exact,,0,1,5,1.0,1.0,1.0,1,4,6404,0,46.115105628967285,42.832242250442505,3.132509708404541,10,110,9.090909090909092,10
140726_171539_agentic,"Agentic Evaluation (Yeast, esm_small, r100)",Yeast,100,10,657,52,50+,1,1,0.0,0.0,,0.0,0.019230769230769232,0.1085972850678733,0.0,0.1430745814307458,0.4292237442922374,0.6862745098039216,0.19230769230769232,0.5143288084464555,0.0,0.1430745814307458,0.4581430745814308,0.6862745098039216,0.17307692307692307,0.4358974358974359,0.0,0.1430745814307458,0.5372907153729072,0.7254901960784313,0.17307692307692307,0.39668174962292607,0.0,0.1430745814307458,0.6362252663622527,0.8627450980392157,0.36538461538461536,0.5852187028657617,1,0,14.000000000000002,0.27450980392156865,partial_assembly,0.2,10,4,5,15.397766890088626,17.28135491580759,15.853526852117247,3,4,6008,0,91.80854320526123,61.07062005996704,30.583275079727173,51,2652,1.9230769230769231,51
140726_171539_agentic,"Agentic Evaluation (Yeast, esm_small, r100)",Yeast,100,11,387,33,20-49,1,1,0.0,0.10077519379844961,,0.03125,0.06060606060606061,0.1856060606060606,0.0,0.4263565891472868,0.48578811369509045,0.65625,0.2727272727272727,0.09090909090909091,0.0,0.8191214470284238,0.6382428940568475,0.84375,0.5151515151515151,0.7613636363636364,0.0,0.9638242894056848,0.9276485788113695,0.90625,0.6060606060606061,0.8257575757575758,0.0,0.9638242894056848,0.9276485788113695,0.90625,0.6060606060606061,0.8446969696969697,1,0,3.0,0.09375,partial_assembly,0.8571428571428571,7,4,5,15.866800790872432,16.592536513411208,15.303903687079032,3,4,6193,0,58.67109441757202,50.05353879928589,8.464623928070068,32,1056,3.0303030303030303,30
140726_171539_agentic,"Agentic Evaluation (Yeast, esm_small, r100)",Yeast,100,12,261,13,10-19,1,1,0.0,0.10344827586206896,,0.0,0.07692307692307693,0.1282051282051282,0.0,0.7662835249042146,0.8084291187739463,0.75,0.6923076923076923,0.9487179487179487,0.0,0.8620689655172413,0.7241379310344828,0.8333333333333334,0.6923076923076923,0.9230769230769231,0.0,0.8620689655172413,0.7241379310344828,0.8333333333333334,0.6923076923076923,0.9230769230769231,0.0,0.8620689655172413,0.8084291187739463,0.8333333333333334,0.6923076923076923,0.9487179487179487,1,1,1.9999999999999996,0.16666666666666663,local_transposition,1.0,4,2,5,19.30074709119844,20.566126195046113,19.30074709119844,2,4,5875,0,37.33534836769104,32.90451240539551,4.280122756958008,0,156,0.0,10
140726_171539_agentic,"Agentic Evaluation (Yeast, esm_small, r100)",Yeast,100,13,254,12,10-19,1,1,0.0,0.3346456692913386,,0.0,0.08333333333333333,-0.09090909090909091,0.0,0.35039370078740156,0.4330708661417323,0.2727272727272727,0.25,0.3939393939393939,0.0,0.7795275590551181,0.6181102362204725,0.7272727272727273,0.5,0.8787878787878788,0.0,0.7795275590551181,0.6181102362204725,0.7272727272727273,0.5,0.8787878787878788,0.0,0.7795275590551181,0.6181102362204725,0.7272727272727273,0.5,0.8787878787878788,1,0,3.0,0.2727272727272727,partial_assembly,1.0,8,2,5,17.13919932746069,26.593423521956954,17.13919932746069,4,4,5912,0,41.28936171531677,38.1185257434845,3.014768362045288,11,132,8.333333333333332,6
140726_171539_agentic,"Agentic Evaluation (Yeast, esm_small, r100)",Yeast,100,14,1146,83,50+,1,1,0.0,0.005235602094240838,,0.04878048780487805,0.024096385542168676,0.0449603291213635,0.0,0.1980802792321117,0.3944153577661431,0.6463414634146342,0.14457831325301204,0.17308257419923598,0.0,0.19720767888307156,0.3673647469458988,0.6707317073170732,0.14457831325301204,0.27887158389656186,0.0,0.1980802792321117,0.418848167539267,0.6097560975609756,0.12048192771084337,0.317660887452248,0.0,0.20855148342059338,0.418848167539267,0.7682926829268293,0.26506024096385544,0.317660887452248,1,0,32.0,0.3902439024390244,partial_assembly,0.1111111111111111,9,4,5,15.892675789475799,17.083392326809548,15.794667143921325,2,4,5866,0,201.21794891357422,114.41989970207214,86.64739179611206,82,6806,1.2048192771084338,83
140726_171539_agentic,"Agentic Evaluation (Yeast, esm_small, r100)",Yeast,100,15,52,4,2-4,1,1,0.0,0.9807692307692307,,0.3333333333333333,0.5,0.6666666666666666,1.0,1.0,1.0,1.0,1.0,1.0,1.0,1.0,1.0,1.0,1.0,1.0,1.0,1.0,1.0,1.0,1.0,1.0,1.0,1.0,1.0,1.0,1.0,1.0,1,1,0.0,0.0,exact,,0,1,5,1.0,1.0,1.0,1,4,6179,0,34.64572834968567,33.18239665031433,1.3070292472839355,3,12,25.0,3
140726_171539_agentic,"Agentic Evaluation (Yeast, esm_small, r100)",Yeast,100,16,1094,84,50+,1,1,0.0,0.009140767824497258,,0.024096385542168676,0.023809523809523808,-0.0699942627653471,0.0,0.15447897623400367,0.3793418647166362,0.7108433734939759,0.17857142857142858,0.30349971313826735,0.0,0.25594149908592323,0.3610603290676416,0.6867469879518072,0.11904761904761904,0.3448078026391279,0.0,0.40493601462522855,0.46983546617915906,0.8192771084337349,0.19047619047619047,0.22719449225473323,0.0,0.40493601462522855,0.46983546617915906,0.8192771084337349,0.19047619047619047,0.30349971313826735,1,0,15.000000000000002,0.1807228915662651,partial_assembly,0.875,8,2,5,16.010874532030005,17.178760084459274,15.617948291161403,2,4,5877,0,212.69333910942078,120.18119740486145,92.34808611869812,83,6972,1.1904761904761905,86
140726_171539_agentic,"Agentic Evaluation (Yeast, esm_small, r100)",Yeast,100,17,140,6,5-9,1,1,0.0,0.8714285714285714,,0.0,0.16666666666666666,0.2,1.0,1.0,1.0,1.0,1.0,1.0,1.0,1.0,1.0,1.0,1.0,1.0,1.0,1.0,1.0,1.0,1.0,1.0,1.0,1.0,1.0,1.0,1.0,1.0,1,0,0.0,0.0,exact,,0,1,5,1.0,1.0,1.0,1,4,6461,0,40.9831006526947,38.88972210884094,1.9367332458496094,5,30,16.666666666666664,5
140726_171539_agentic,"Agentic Evaluation (Yeast, esm_small, r100)",Yeast,100,18,771,76,50+,1,1,0.0,0.007782101167315175,,0.02666666666666667,0.02631578947368421,0.0968421052631579,0.0,0.14007782101167315,0.3605706874189365,0.5866666666666667,0.14473684210526316,0.1880701754385965,0.0,0.14007782101167315,0.357976653696498,0.6,0.11842105263157894,0.28210526315789475,0.0,0.16861219195849547,0.39688715953307396,0.6666666666666666,0.19736842105263158,0.2231578947368421,0.0,0.16861219195849547,0.4539559014267186,0.6666666666666666,0.19736842105263158,0.2231578947368421,1,0,25.000000000000004,0.33333333333333337,partial_assembly,0.9,10,4,5,15.782426120555197,17.185080904860335,15.72707424698218,5,4,5909,0,139.03479433059692,97.69318008422852,41.19021701812744,75,5700,1.3157894736842104,77
140726_171539_agentic,"Agentic Evaluation (Yeast, esm_small, r100)",Yeast,100,19,189,20,20-49,1,1,0.0,0.3915343915343915,,0.0,0.05,-0.031578947368421054,0.0,0.5185185185185185,0.48677248677248675,0.42105263157894735,0.2,0.29473684210526313,0.0,0.5291005291005291,0.1957671957671958,0.631578947368421,0.2,0.11578947368421053,0.0,0.6031746031746031,0.28042328042328046,0.7368421052631579,0.65,0.29473684210526313,0.0,0.8783068783068783,0.8148148148148149,0.7368421052631579,0.65,0.6105263157894737,1,0,5.000000000000001,0.26315789473684215,partial_assembly,0.7142857142857143,7,4,5,22.9304050193705,24.697570604351874,20.268341430156376,3,4,5944,0,43.32366752624512,39.01250171661377,4.150083065032959,19,380,5.0,21
140726_171539_agentic,"Agentic Evaluation (Yeast, esm_small, r100)",Yeast,100,20,94,6,5-9,1,1,0.0,0.7446808510638298,,0.0,0.16666666666666666,-0.4666666666666667,1.0,1.0,1.0,1.0,1.0,1.0,1.0,1.0,1.0,1.0,1.0,1.0,1.0,1.0,1.0,1.0,1.0,1.0,1.0,1.0,1.0,1.0,1.0,1.0,1,0,0.0,0.0,exact,,0,1,5,1.0,1.0,1.0,1,4,6332,0,35.887484073638916,33.81151723861694,1.916707992553711,0,30,0.0,5
140726_171539_agentic,"Agentic Evaluation (Yeast, esm_small, r100)",Yeast,100,21,285,10,10-19,1,1,0.0,0.007017543859649123,,0.2222222222222222,0.2,0.1111111111111111,0.0,0.43859649122807015,0.4736842105263158,0.2222222222222222,0.3,0.4222222222222222,0.0,0.6842105263157895,0.5508771929824561,0.4444444444444444,0.4,0.37777777777777777,0.0,0.010526315789473684,0.35789473684210527,0.3333333333333333,0.3,0.06666666666666667,0.0,0.43859649122807015,0.4736842105263158,0.3333333333333333,0.3,0.4222222222222222,0,0,6.000000000000001,0.6666666666666667,wrong_start,1.0,4,3,5,16.34850156994803,20.530260348556194,16.475112599868996,2,4,5820,0,35.48718976974487,31.42209267616272,3.9181156158447266,9,90,10.0,3
140726_171539_agentic,"Agentic Evaluation (Yeast, esm_small, r100)",Yeast,100,22,608,40,20-49,1,1,0.0,0.011513157894736841,,0.0,0.025,0.08461538461538462,0.0,0.6101973684210527,0.7417763157894737,0.8717948717948718,0.575,0.7692307692307693,0.0,0.6924342105263158,0.7796052631578947,0.7948717948717948,0.65,0.8076923076923077,0.0,0.6924342105263158,0.7796052631578947,0.7948717948717948,0.65,0.8076923076923077,0.0,0.9457236842105263,0.8914473684210527,0.9487179487179487,0.65,0.9666666666666667,1,0,8.000000000000002,0.20512820512820518,partial_assembly,0.0,7,4,5,19.6332000100826,20.52661094236474,19.6332000100826,4,4,6279,0,61.280648946762085,45.77935814857483,15.333122253417969,39,1560,2.5,36
140726_171539_agentic,"Agentic Evaluation (Yeast, esm_small, r100)",Yeast,100,23,793,42,20-49,1,1,0.0,0.0,,0.0,0.023809523809523808,0.09639953542392567,0.0,0.4401008827238335,0.7616645649432534,0.8048780487804879,0.38095238095238093,0.667828106852497,0.0,0.4401008827238335,0.7490542244640606,0.7804878048780488,0.38095238095238093,0.6469221835075494,0.0,0.4401008827238335,0.8007566204287515,0.8536585365853658,0.38095238095238093,0.7677119628339141,1.0,1.0,1.0,1.0,1.0,1.0,1,0,6.000000000000001,0.14634146341463417,partial_assembly,0.4444444444444444,9,2,5,19.2383656253509,21.80184454361965,18.359983966866626,4,4,6067,0,78.43485617637634,60.53353452682495,17.758235454559326,41,1722,2.380952380952381,41
140726_171539_agentic,"Agentic Evaluation (Yeast, esm_small, r100)",Yeast,100,24,621,39,20-49,1,1,0.0,0.004830917874396135,,0.0,0.02564102564102564,-0.11201079622132254,0.0,0.05314009661835749,0.3059581320450886,0.6578947368421053,0.28205128205128205,0.3657219973009447,0.0,0.3333333333333333,0.3349436392914654,0.7105263157894737,0.1794871794871795,0.6356275303643725,0.0,0.11755233494363929,0.24798711755233493,0.6842105263157895,0.3076923076923077,0.4358974358974359,0.0,0.11916264090177134,0.3059581320450886,0.7105263157894737,0.3076923076923077,0.4358974358974359,1,0,12.0,0.3157894736842105,partial_assembly,0.7142857142857143,7,5,5,20.062555170239317,22.966744597719,20.030546802625235,3,4,5869,0,66.53667068481445,49.16369652748108,17.19778060913086,38,1482,2.564102564102564,38
140726_171539_agentic,"Agentic Evaluation (Yeast, esm_small, r100)",Yeast,100,25,2222,170,50+,1,1,0.0,0.0,,0.029585798816568046,0.01764705882352941,0.044204664114166375,0.0,0.030153015301530153,0.3325832583258326,0.41420118343195267,0.06470588235294118,0.24622345979812044,0.0,0.030153015301530153,0.283078307830783,0.46153846153846156,0.06470588235294118,0.17479986077271145,0.0,0.00045004500450045,0.3532853285328533,0.650887573964497,0.08235294117647059,0.24608423250957187,0.0,0.030153015301530153,0.3532853285328533,0.650887573964497,0.08823529411764706,0.24622345979812044,0,0,59.0,0.34911242603550297,wrong_start,0.9,10,5,5,16.806123438635723,19.065123873686094,17.420125613900904,5,4,6194,0,1042.9675123691559,681.0095591545105,361.7885739803314,169,28730,0.5882352941176471,178
140726_171539_agentic,"Agentic Evaluation (Yeast, esm_small, r100)",Yeast,100,26,339,24,20-49,1,1,0.0,0.0,,0.043478260869565216,0.08333333333333333,0.028985507246376812,0.0,0.6607669616519174,0.9882005899705015,0.9565217391304348,0.7916666666666666,0.9710144927536232,1.0,1.0,1.0,1.0,1.0,1.0,1.0,1.0,1.0,1.0,1.0,1.0,1.0,1.0,1.0,1.0,1.0,1.0,1,0,0.0,0.0,exact,0.8,10,3,5,11.682846637722706,13.747748836727343,11.682846637722706,2,4,6138,0,51.70556902885437,41.884822368621826,9.668091773986816,23,552,4.166666666666666,27
140726_171539_agentic,"Agentic Evaluation (Yeast, esm_small, r100)",Yeast,100,27,567,49,20-49,1,1,0.0,0.0,,0.041666666666666664,0.04081632653061224,0.04931972789115646,0.0,0.03880070546737213,0.199294532627866,0.5625,0.1836734693877551,0.2193877551020408,0.0,0.001763668430335097,0.2663139329805997,0.7708333333333334,0.16326530612244897,-0.017006802721088437,0.0,0.001763668430335097,0.2663139329805997,0.7708333333333334,0.16326530612244897,-0.017006802721088437,0.0,0.03880070546737213,0.3315696649029982,0.7708333333333334,0.24489795918367346,0.2193877551020408,0,0,10.999999999999998,0.22916666666666663,wrong_start,0.9,10,5,5,19.702015033333396,21.834596382782014,19.702015033333396,4,4,5922,0,107.62022590637207,78.51109528541565,28.975608587265015,48,2352,2.0408163265306123,50
140726_171539_agentic,"Agentic Evaluation (Yeast, esm_small, r100)",Yeast,100,28,643,49,20-49,1,1,0.0,0.015552099533437015,,0.0,0.02040816326530612,-0.09183673469387756,0.0,0.2534992223950233,0.2457231726283048,0.5208333333333334,0.12244897959183673,0.14625850340136054,0.0,0.4199066874027994,0.3421461897356143,0.6458333333333334,0.16326530612244897,0.5034013605442177,0.0,0.49922239502332816,0.3483670295489891,0.6875,0.20408163265306123,0.5952380952380952,0.0,0.49922239502332816,0.4914463452566097,0.75,0.30612244897959184,0.5952380952380952,1,0,15.0,0.3125,partial_assembly,0.5,8,3,5,16.134644844384347,20.82324052304678,16.778765433009703,4,4,5577,0,80.86561512947083,59.961227893829346,20.745516538619995,48,2352,2.0408163265306123,48
140726_171539_agentic,"Agentic Evaluation (Yeast, esm_small, r100)",Yeast,100,29,828,55,50+,1,1,0.0,0.04589371980676329,,0.037037037037037035,0.03636363636363636,-0.08148148148148149,0.0,0.11956521739130435,0.41666666666666663,0.5925925925925926,0.14545454545454545,0.20942760942760943,0.0,0.11956521739130435,0.3442028985507246,0.5925925925925926,0.16363636363636364,0.2808080808080808,0.0,0.11956521739130435,0.32367149758454106,0.7407407407407407,0.2545454545454545,0.1569023569023569,0.0,0.11956521739130435,0.41666666666666663,0.7592592592592593,0.3090909090909091,0.27003367003367,1,0,14.000000000000002,0.2592592592592593,partial_assembly,0.8888888888888888,9,3,5,15.091216383188069,18.508881421404006,17.170993469836176,2,4,5796,0,115.7940366268158,93.41904616355896,22.219982385635376,54,2970,1.8181818181818181,52
140726_171539_agentic,"Agentic Evaluation (Yeast, esm_small, r100)",Yeast,100,30,258,8,5-9,1,1,0.0,0.015503875968992248,,0.14285714285714285,0.25,-0.21428571428571427,0.0,0.5581395348837209,0.5348837209302326,0.2857142857142857,0.25,0.35714285714285715,0.0,0.5581395348837209,0.5310077519379846,0.2857142857142857,0.25,0.0,0.0,0.5581395348837209,0.6201550387596899,0.5714285714285714,0.625,0.9285714285714286,1.0,1.0,1.0,1.0,1.0,1.0,1,0,3.0,0.42857142857142855,partial_assembly,0.75,8,2,5,23.207687145854226,27.776058423960674,25.306752857384136,5,4,6007,0,38.4529550075531,34.52062439918518,3.7961461544036865,7,56,12.5,4
140726_171539_agentic,"Agentic Evaluation (Yeast, esm_small, r100)",Yeast,100,31,111,4,2-4,1,1,0.0,0.8828828828828829,,0.0,0.25,-1.0,1.0,1.0,1.0,1.0,1.0,1.0,1.0,1.0,1.0,1.0,1.0,1.0,1.0,1.0,1.0,1.0,1.0,1.0,1.0,1.0,1.0,1.0,1.0,1.0,1,0,0.0,0.0,exact,,0,1,5,17.953656148979043,17.953656148979043,17.953656148979043,1,4,6310,0,40.24589443206787,37.4910306930542,2.62164568901062,3,12,25.0,2
140726_171539_agentic,"Agentic Evaluation (Yeast, esm_small, r100)",Yeast,100,32,60,4,2-4,1,1,0.0,0.8833333333333333,,0.3333333333333333,0.5,-0.6666666666666666,0.0,0.8833333333333333,0.7666666666666666,0.3333333333333333,0.5,0.3333333333333333,1.0,1.0,1.0,1.0,1.0,1.0,1.0,1.0,1.0,1.0,1.0,1.0,1.0,1.0,1.0,1.0,1.0,1.0,1,0,0.0,0.0,exact,1.0,4,2,5,19.167041856000942,24.5121633820068,19.167041856000942,4,4,5954,0,32.322482109069824,29.684581518173218,2.4969687461853027,3,12,25.0,2
140726_171539_agentic,"Agentic Evaluation (Yeast, esm_small, r100)",Yeast,100,33,412,28,20-49,1,1,0.0,0.06553398058252427,,0.0,0.03571428571428571,-0.20634920634920634,0.0,0.6310679611650486,0.604368932038835,0.7777777777777778,0.32142857142857145,0.746031746031746,0.0,0.9805825242718447,0.9611650485436893,0.8148148148148148,0.32142857142857145,0.8624338624338624,0.0,0.9029126213592233,0.9004854368932039,0.7777777777777778,0.2857142857142857,0.8253968253968254,0.0,0.9029126213592233,0.9004854368932039,0.8518518518518519,0.6071428571428571,0.9417989417989417,1,0,6.0,0.2222222222222222,partial_assembly,0.0,6,2,5,13.581915923547884,15.214472196243007,12.483374229724383,4,4,5793,0,48.33385372161865,37.46045207977295,10.72792387008667,27,756,3.571428571428571,25
140726_171539_agentic,"Agentic Evaluation (Yeast, esm_small, r100)",Yeast,100,34,457,31,20-49,1,1,0.0,0.01312910284463895,,0.03333333333333333,0.06451612903225806,0.01935483870967742,0.0,0.14660831509846828,0.4967177242888403,0.5333333333333333,0.3225806451612903,0.535483870967742,0.0,0.06564551422319474,0.43982494529540483,0.6333333333333333,0.3548387096774194,0.46236559139784944,0.0,0.0700218818380744,0.4967177242888403,0.6333333333333333,0.3548387096774194,0.3720430107526882,0.0,0.14660831509846828,0.6017505470459519,0.6333333333333333,0.3548387096774194,0.5483870967741935,1,0,11.0,0.36666666666666664,partial_assembly,0.75,8,2,5,12.636095368323865,14.9172110264645,13.469086563184016,4,4,6192,0,79.71941351890564,61.228034019470215,18.333880186080933,30,930,3.225806451612903,28
140726_171539_agentic,"Agentic Evaluation (Yeast, esm_small, r100)",Yeast,100,35,341,24,20-49,1,1,0.0,0.0,,0.043478260869565216,0.08333333333333333,-0.09420289855072464,0.0,0.2903225806451613,0.43988269794721413,0.6521739130434783,0.4583333333333333,0.7028985507246377,0.0,0.2316715542521994,0.7243401759530792,0.782608695652174,0.4166666666666667,0.8188405797101449,0.0,0.2316715542521994,0.7243401759530792,0.782608695652174,0.4166666666666667,0.8188405797101449,0.0,0.2903225806451613,0.8768328445747801,0.9130434782608695,0.4583333333333333,0.8695652173913043,1,0,4.999999999999999,0.21739130434782605,partial_assembly,0.7142857142857143,7,2,5,13.36242259419937,15.446898858973293,13.36242259419937,2,4,6357,0,54.08864760398865,45.67494201660156,8.257671117782593,23,552,4.166666666666666,23
140726_171539_agentic,"Agentic Evaluation (Yeast, esm_small, r100)",Yeast,100,36,373,29,20-49,1,1,0.0,0.021447721179624665,,0.03571428571428571,0.06896551724137931,-0.18226600985221675,0.0,0.4343163538873995,0.4772117962466488,0.6428571428571429,0.20689655172413793,0.5024630541871922,0.0,0.6595174262734584,0.7184986595174263,0.7142857142857143,0.3448275862068966,0.7536945812807881,0.0,0.7131367292225201,0.517426273458445,0.75,0.3793103448275862,0.41379310344827586,0.0,0.7131367292225201,0.517426273458445,0.8214285714285714,0.5172413793103449,0.5024630541871922,1,0,7.0,0.25,partial_assembly,0.5555555555555556,9,3,5,15.251883240839222,15.635233646819104,13.961224817211816,2,4,6142,0,54.637627601623535,45.156468868255615,9.346596479415894,28,812,3.4482758620689653,24
140726_171539_agentic,"Agentic Evaluation (Yeast, esm_small, r100)",Yeast,100,37,342,25,20-49,1,1,0.0,0.017543859649122806,,0.125,0.08,-0.14,0.0,0.6783625730994152,0.49122807017543857,0.7083333333333334,0.48,0.38666666666666666,0.0,0.8625730994152047,0.7251461988304093,0.875,0.48,0.7533333333333333,0.0,0.5526315789473685,0.52046783625731,0.8333333333333334,0.28,0.3466666666666667,0.0,0.8625730994152047,0.7251461988304093,0.8333333333333334,0.48,0.76,1,0,3.999999999999999,0.16666666666666663,partial_assembly,0.7142857142857143,7,2,5,17.70420092396198,18.7869745297756,18.254009727222236,2,4,6052,0,52.269965410232544,44.59223914146423,7.524508714675903,24,600,4.0,22
140726_171539_agentic,"Agentic Evaluation (Yeast, esm_small, r100)",Yeast,100,38,188,22,20-49,1,1,0.0,0.4148936170212766,,0.047619047619047616,0.09090909090909091,0.1341991341991342,0.0,0.7127659574468085,0.4787234042553191,0.7619047619047619,0.5454545454545454,0.7056277056277056,0.0,0.8563829787234043,0.7127659574468085,0.8571428571428571,0.5454545454545454,0.9134199134199135,0.0,0.7127659574468085,0.4787234042553191,0.7619047619047619,0.5454545454545454,0.7056277056277056,1.0,1.0,1.0,1.0,1.0,1.0,1,0,5.000000000000001,0.23809523809523814,partial_assembly,0.4444444444444444,9,1,5,17.770006351089688,17.770006351089688,16.97361139140434,2,4,5991,0,39.002450942993164,33.38024878501892,5.480868101119995,21,462,4.545454545454546,24
140726_171539_agentic,"Agentic Evaluation (Yeast, esm_small, r100)",Yeast,100,39,687,43,20-49,1,1,0.0,0.0,,0.023809523809523808,0.046511627906976744,-0.11406423034330011,0.0,0.5691411935953421,0.6550218340611353,0.7619047619047619,0.5581395348837209,0.7652270210409745,0.0,0.5691411935953421,0.6724890829694323,0.7380952380952381,0.5581395348837209,0.7962347729789591,0.0,0.5691411935953421,0.7219796215429404,0.7857142857142857,0.5581395348837209,0.7984496124031008,0.0,0.5691411935953421,0.8806404657933042,0.8095238095238095,0.5581395348837209,0.9313399778516057,1,0,9.0,0.21428571428571427,partial_assembly,0.625,8,5,5,16.68724237348951,18.263486818444,16.291870403984298,4,4,5744,0,109.54128432273865,77.731201171875,31.66267704963684,42,1806,2.3255813953488373,43
140726_171539_agentic,"Agentic Evaluation (Yeast, esm_small, r100)",Yeast,100,40,162,22,20-49,1,1,0.0,0.4444444444444444,,0.0,0.045454545454545456,0.08225108225108226,0.0,0.7962962962962963,0.7530864197530864,0.6190476190476191,0.4090909090909091,0.37662337662337664,0.0,0.691358024691358,0.4012345679012346,0.5714285714285714,0.22727272727272727,0.42857142857142855,0.0,0.7962962962962963,0.7530864197530864,0.6190476190476191,0.4090909090909091,0.37662337662337664,0.0,0.7962962962962963,0.7530864197530864,0.6666666666666666,0.45454545454545453,0.7056277056277056,1,0,8.0,0.38095238095238093,partial_assembly,0.25,4,1,5,16.22269587676327,16.22269587676327,15.684529385180124,4,4,6085,0,41.624515533447266,36.55692529678345,4.9322967529296875,21,462,4.545454545454546,20
140726_171539_agentic,"Agentic Evaluation (Yeast, esm_small, r100)",Yeast,100,41,720,50,50+,1,1,0.0,0.0763888888888889,,0.02040816326530612,0.04,-0.08571428571428572,0.0,0.09444444444444444,0.23888888888888893,0.46938775510204084,0.14,-0.054693877551020405,0.0,0.11666666666666667,0.3916666666666667,0.7346938775510204,0.2,-0.10693877551020409,0.0,0.10833333333333334,0.25416666666666665,0.7346938775510204,0.4,0.04979591836734694,0.0,0.1486111111111111,0.4305555555555556,0.7346938775510204,0.4,0.04979591836734694,0,0,12.999999999999998,0.26530612244897955,wrong_start,0.7777777777777778,9,5,5,15.366138509416265,17.151132423115495,14.50421376824009,4,4,5933,0,95.77868223190308,69.84193110466003,25.783512353897095,0,2450,0.0,46
140726_171539_agentic,"Agentic Evaluation (Yeast, esm_small, r100)",Yeast,100,42,520,36,20-49,1,1,0.0,0.09615384615384616,,0.0,0.027777777777777776,-0.07301587301587302,0.0,0.5769230769230769,0.32692307692307687,0.8,0.2222222222222222,0.30158730158730157,0.0,0.5903846153846154,0.3173076923076923,0.8,0.3055555555555556,0.24126984126984127,0.0,0.47115384615384615,0.525,0.8571428571428571,0.2777777777777778,0.19365079365079366,1.0,1.0,1.0,1.0,1.0,1.0,1,0,5.000000000000002,0.1428571428571429,partial_assembly,0.3,10,5,5,13.977306791841054,14.874798573710528,14.791204888339127,2,4,6135,0,70.8794813156128,58.307366609573364,12.429592370986938,0,1260,0.0,33
140726_171539_agentic,"Agentic Evaluation (Yeast, esm_small, r100)",Yeast,100,43,135,13,10-19,1,1,0.0,0.4,,0.08333333333333333,0.15384615384615385,-0.05128205128205128,1.0,1.0,1.0,1.0,1.0,1.0,1.0,1.0,1.0,1.0,1.0,1.0,1.0,1.0,1.0,1.0,1.0,1.0,1.0,1.0,1.0,1.0,1.0,1.0,1,0,0.0,0.0,exact,,0,1,5,1.0,1.0,1.0,1,4,6593,0,47.34210014343262,45.20788908004761,1.987060546875,12,156,7.6923076923076925,12
140726_171539_agentic,"Agentic Evaluation (Yeast, esm_small, r100)",Yeast,100,44,174,21,20-49,1,1,0.0,0.3793103448275862,,0.05,0.09523809523809523,0.0,0.0,0.7873563218390804,0.6896551724137931,0.85,0.38095238095238093,0.5523809523809524,1.0,1.0,1.0,1.0,1.0,1.0,1.0,1.0,1.0,1.0,1.0,1.0,1.0,1.0,1.0,1.0,1.0,1.0,1,0,0.0,0.0,exact,0.75,8,3,5,12.489720175815709,14.053365268494245,12.489720175815709,3,4,6096,0,43.76327586174011,38.93762969970703,4.691543340682983,0,420,0.0,18
140726_171539_agentic,"Agentic Evaluation (Yeast, esm_small, r100)",Yeast,100,45,177,9,5-9,1,1,0.0,0.3389830508474576,,0.0,0.1111111111111111,-0.3888888888888889,0.0,0.7796610169491526,0.6271186440677966,0.625,0.6666666666666666,0.2777777777777778,1.0,1.0,1.0,1.0,1.0,1.0,1.0,1.0,1.0,1.0,1.0,1.0,1.0,1.0,1.0,1.0,1.0,1.0,1,0,0.0,0.0,exact,1.0,4,2,5,18.277168212737013,24.705125191496762,18.277168212737013,3,4,6057,0,42.12604355812073,38.751238107681274,3.2294678688049316,8,72,11.11111111111111,6
140726_171539_agentic,"Agentic Evaluation (Yeast, esm_small, r100)",Yeast,100,46,491,37,20-49,1,1,0.0,0.05091649694501019,,0.027777777777777776,0.05405405405405406,0.27627627627627627,0.0,0.329938900203666,0.6293279022403259,0.5277777777777778,0.24324324324324326,0.3933933933933934,0.0,0.329938900203666,0.4745417515274949,0.6944444444444444,0.24324324324324326,0.3183183183183183,0.0,0.43584521384928715,0.49490835030549896,0.6388888888888888,0.24324324324324326,0.5375375375375375,0.0,0.43584521384928715,0.6293279022403259,0.6666666666666666,0.24324324324324326,0.5375375375375375,1,0,13.000000000000002,0.36111111111111116,partial_assembly,0.7142857142857143,7,4,5,18.05176156251634,19.13276453729149,16.724908694464435,4,4,5854,0,75.16353392601013,58.166980028152466,16.8527991771698,36,1332,2.7027027027027026,40
140726_171539_agentic,"Agentic Evaluation (Yeast, esm_small, r100)",Yeast,100,47,900,71,50+,1,1,0.0,0.04111111111111111,,0.1,0.028169014084507043,0.14688128772635814,0.0,0.20444444444444446,0.3455555555555555,0.5571428571428572,0.16901408450704225,0.4044265593561368,0.0,0.20444444444444446,0.3455555555555555,0.5571428571428572,0.16901408450704225,0.4044265593561368,0.0,0.06222222222222222,0.16888888888888887,0.7142857142857143,0.16901408450704225,0.07847082494969819,0.0,0.20444444444444446,0.3455555555555555,0.7142857142857143,0.16901408450704225,0.4044265593561368,0,0,20.0,0.2857142857142857,wrong_start,0.75,8,2,5,14.317798108165308,15.290804794062888,15.290804794062888,1,4,5799,0,187.57860946655273,131.70175337791443,55.72054982185364,0,4970,0.0,74
140726_171539_agentic,"Agentic Evaluation (Yeast, esm_small, r100)",Yeast,100,48,338,22,20-49,1,1,0.0,0.2988165680473373,,0.14285714285714285,0.09090909090909091,0.2987012987012987,0.0,0.7218934911242604,0.44674556213017746,0.8095238095238095,0.45454545454545453,0.8441558441558441,0.0,0.6153846153846154,0.40828402366863903,0.9047619047619048,0.45454545454545453,0.7229437229437229,0.0,0.6153846153846154,0.40828402366863903,0.9047619047619048,0.45454545454545453,0.7229437229437229,1.0,1.0,1.0,1.0,1.0,1.0,1,0,2.0,0.09523809523809523,partial_assembly,0.5714285714285714,7,2,5,15.95153736437553,21.024149632615515,15.95153736437553,3,4,5750,0,51.40207362174988,43.1194224357605,8.142249345779419,0,462,0.0,19
140726_171539_agentic,"Agentic Evaluation (Yeast, esm_small, r100)",Yeast,100,49,334,29,20-49,1,1,0.0,0.11676646706586827,,0.07142857142857142,0.06896551724137931,-0.08866995073891626,0.0,0.32335329341317365,0.49401197604790414,0.6785714285714286,0.41379310344827586,0.7389162561576355,0.0,0.6407185628742516,0.5808383233532934,0.8214285714285714,0.3793103448275862,0.8078817733990148,0.0,0.6407185628742516,0.5808383233532934,0.8214285714285714,0.3793103448275862,0.8078817733990148,0.0,0.8353293413173652,0.7425149700598803,0.8214285714285714,0.41379310344827586,0.8078817733990148,1,0,5.000000000000001,0.1785714285714286,partial_assembly,0.8571428571428571,7,5,5,17.490525162934727,18.407084351001,17.490525162934727,4,4,6113,0,64.25781321525574,54.489728689193726,9.627178430557251,28,812,3.4482758620689653,26
140726_171539_agentic,"Agentic Evaluation (Yeast, esm_small, r100)",Yeast,100,50,469,25,20-49,1,1,0.0,0.1044776119402985,,0.08333333333333333,0.08,0.013333333333333334,0.0,0.3390191897654584,0.7526652452025586,0.7916666666666666,0.44,0.47333333333333333,0.0,0.3816631130063966,0.7526652452025586,0.8333333333333334,0.36,0.5866666666666667,0.0,0.3816631130063966,0.7526652452025586,0.8333333333333334,0.4,0.5466666666666666,1.0,1.0,1.0,1.0,1.0,1.0,1,0,3.999999999999999,0.16666666666666663,partial_assembly,0.25,8,2,5,10.917786019642552,13.487731579914746,10.772554502994756,2,4,5870,0,58.17669367790222,45.91463303565979,12.116762638092041,24,600,4.0,23
140726_171539_agentic,"Agentic Evaluation (Yeast, esm_small, r100)",Yeast,100,51,416,28,20-49,1,1,0.0,0.10096153846153846,,0.037037037037037035,0.07142857142857142,0.07936507936507936,0.0,0.7115384615384616,0.53125,0.8148148148148148,0.35714285714285715,0.47619047619047616,0.0,0.5528846153846154,0.42307692307692313,0.8148148148148148,0.2857142857142857,0.4021164021164021,0.0,0.7115384615384616,0.53125,0.8148148148148148,0.35714285714285715,0.47619047619047616,0.0,0.9879807692307693,0.9903846153846154,0.9259259259259259,0.9285714285714286,0.9947089947089947,1,0,5.000000000000001,0.18518518518518523,partial_assembly,0.4444444444444444,9,1,5,16.476744260401617,16.476744260401617,14.420733944308537,4,4,6081,0,56.47216439247131,41.01537370681763,15.273353338241577,27,756,3.571428571428571,26
140726_171539_agentic,"Agentic Evaluation (Yeast, esm_small, r100)",Yeast,100,52,554,45,20-49,1,1,0.0,0.0812274368231047,,0.022727272727272728,0.044444444444444446,0.028282828282828285,0.0,0.14620938628158844,0.3862815884476535,0.5909090909090909,0.13333333333333333,-0.15151515151515152,0.0,0.14620938628158844,0.3862815884476535,0.5909090909090909,0.13333333333333333,-0.15151515151515152,0.0,0.14620938628158844,0.3862815884476535,0.5909090909090909,0.13333333333333333,-0.15151515151515152,0.0,0.14620938628158844,0.46570397111913353,0.6818181818181818,0.4222222222222222,0.39595959595959596,1,0,18.0,0.4090909090909091,partial_assembly,0.4,10,1,5,18.45096297911283,18.45096297911283,18.45096297911283,1,4,6306,0,75.44410586357117,50.57084536552429,24.707998752593994,44,1980,2.2222222222222223,42
140726_171539_agentic,"Agentic Evaluation (Yeast, esm_small, r100)",Yeast,100,53,500,33,20-49,1,1,0.0,0.15,,0.03125,0.06060606060606061,-0.03409090909090909,0.0,0.636,0.688,0.75,0.5757575757575758,0.7310606060606061,0.0,0.636,0.688,0.78125,0.5757575757575758,0.8106060606060606,0.0,0.674,0.7,0.90625,0.36363636363636365,0.7348484848484849,1.0,1.0,1.0,1.0,1.0,1.0,1,0,3.0,0.09375,partial_assembly,0.5714285714285714,7,5,5,14.286313684223284,18.34316202465386,15.398530849086514,2,4,5990,0,87.81877827644348,65.02487254142761,22.61433243751526,32,1056,3.0303030303030303,30
140726_171539_agentic,"Agentic Evaluation (Yeast, esm_small, r100)",Yeast,100,54,290,15,10-19,1,1,0.0,0.5482758620689655,,0.14285714285714285,0.2,0.3142857142857143,0.0,0.996551724137931,0.993103448275862,0.8571428571428571,0.8,0.9809523809523809,0.0,0.996551724137931,0.993103448275862,0.8571428571428571,0.8,0.9809523809523809,0.0,0.996551724137931,0.993103448275862,0.8571428571428571,0.8,0.9809523809523809,0.0,0.996551724137931,0.993103448275862,0.8571428571428571,0.8,0.9809523809523809,1,0,2.000000000000001,0.14285714285714293,partial_assembly,,0,1,5,13.03699947437842,13.03699947437842,13.03699947437842,1,4,5818,0,44.99362516403198,41.18243932723999,3.6376445293426514,0,210,0.0,14
140726_171539_agentic,"Agentic Evaluation (Yeast, esm_small, r100)",Yeast,100,55,119,14,10-19,1,1,0.0,0.7142857142857143,,0.23076923076923078,0.21428571428571427,0.25274725274725274,1.0,1.0,1.0,1.0,1.0,1.0,1.0,1.0,1.0,1.0,1.0,1.0,1.0,1.0,1.0,1.0,1.0,1.0,1.0,1.0,1.0,1.0,1.0,1.0,1,0,0.0,0.0,exact,,0,1,5,1.0535714285714286,1.0535714285714286,1.0535714285714286,1,4,6184,0,39.92845559120178,37.71598792076111,2.048511266708374,13,182,7.142857142857142,14
140726_171539_agentic,"Agentic Evaluation (Yeast, esm_small, r100)",Yeast,100,56,226,27,20-49,1,1,0.0,0.24336283185840707,,0.11538461538461539,0.07407407407407407,0.19658119658119658,0.0,0.42035398230088494,0.4823008849557522,0.46153846153846156,0.25925925925925924,0.50997150997151,0.0,0.6902654867256637,0.5176991150442478,0.5384615384615384,0.25925925925925924,0.4017094017094017,0.0,0.42035398230088494,0.4823008849557522,0.46153846153846156,0.25925925925925924,0.50997150997151,0.0,0.5221238938053098,0.4823008849557522,0.5769230769230769,0.25925925925925924,0.5384615384615384,1,0,14.0,0.5384615384615384,partial_assembly,0.375,8,1,5,16.720294594173435,16.720294594173435,15.128406401753525,2,4,5805,0,44.65318775177002,36.15620183944702,8.33424687385559,26,702,3.7037037037037033,31
140726_171539_agentic,"Agentic Evaluation (Yeast, esm_small, r100)",Yeast,100,57,225,18,10-19,1,1,0.0,0.022222222222222223,,0.058823529411764705,0.1111111111111111,-0.08496732026143791,0.0,0.22666666666666666,0.3288888888888889,0.8823529411764706,0.5,0.4117647058823529,0.0,0.22666666666666666,0.3422222222222222,0.7647058823529411,0.5,0.3202614379084967,0.0,0.22666666666666666,0.3288888888888889,0.8823529411764706,0.5,0.4117647058823529,1.0,1.0,1.0,1.0,1.0,1.0,1,0,2.0000000000000004,0.11764705882352944,partial_assembly,0.5,8,1,5,17.01897035954608,17.01897035954608,16.91005587747206,3,4,6439,0,47.89745497703552,41.851513624191284,5.86978554725647,0,306,0.0,17
140726_171539_agentic,"Agentic Evaluation (Yeast, esm_small, r100)",Yeast,100,58,649,44,20-49,1,1,0.0,0.0,,0.023255813953488372,0.045454545454545456,0.25158562367864695,0.0,0.08782742681047766,0.30816640986132515,0.5813953488372093,0.18181818181818182,0.3403805496828753,0.0,0.01078582434514638,0.45146379044684126,0.7209302325581395,0.2727272727272727,0.32346723044397463,0.0,0.01078582434514638,0.35593220338983056,0.6511627906976745,0.20454545454545456,0.5750528541226215,0.0,0.08782742681047766,0.35593220338983056,0.6511627906976745,0.20454545454545456,0.5750528541226215,1,0,14.999999999999998,0.34883720930232553,partial_assembly,0.6666666666666666,9,2,5,13.690113240703903,16.85819031946653,14.06891105306334,3,4,6081,0,97.21703886985779,73.30322790145874,23.73836874961853,43,1892,2.272727272727273,41
140726_171539_agentic,"Agentic Evaluation (Yeast, esm_small, r100)",Yeast,100,59,266,22,20-49,1,1,0.0,0.0,,0.047619047619047616,0.09090909090909091,0.21212121212121213,0.0,0.06390977443609022,0.20676691729323304,0.47619047619047616,0.18181818181818182,0.08225108225108226,0.0,0.06390977443609022,0.37593984962406013,0.5714285714285714,0.22727272727272727,0.2554112554112554,0.0,0.06390977443609022,0.5639097744360902,0.8095238095238095,0.4090909090909091,0.12554112554112554,0.0,0.06390977443609022,0.5639097744360902,0.8095238095238095,0.4090909090909091,0.12554112554112554,1,0,4.0,0.19047619047619047,partial_assembly,0.8,10,4,5,19.665135753838513,23.87886351236797,21.70961646604423,5,4,5788,0,51.92606830596924,42.06039834022522,9.701629400253296,21,462,4.545454545454546,23
140726_171539_agentic,"Agentic Evaluation (Yeast, esm_small, r100)",Yeast,100,60,394,27,20-49,1,1,0.0,0.07614213197969544,,0.0,0.037037037037037035,-0.07122507122507123,0.0,0.17258883248730963,0.5431472081218274,0.6923076923076923,0.2222222222222222,-0.02564102564102564,0.0,0.24619289340101522,0.24111675126903553,0.7307692307692307,0.48148148148148145,0.1737891737891738,0.0,0.24619289340101522,0.24111675126903553,0.7307692307692307,0.48148148148148145,0.1737891737891738,0.0,0.24619289340101522,0.5431472081218274,0.7692307692307693,0.48148148148148145,0.1737891737891738,1,0,7.000000000000001,0.2692307692307693,partial_assembly,0.375,8,5,5,16.02189959352173,19.29899025936424,16.02189959352173,4,4,6170,0,50.953885555267334,40.42643666267395,10.358921766281128,26,702,3.7037037037037033,30
140726_171539_agentic,"Agentic Evaluation (Yeast, esm_small, r100)",Yeast,100,61,73,13,10-19,1,1,0.0,0.7808219178082192,,0.16666666666666666,0.15384615384615385,0.1794871794871795,1.0,1.0,1.0,1.0,1.0,1.0,1.0,1.0,1.0,1.0,1.0,1.0,1.0,1.0,1.0,1.0,1.0,1.0,1.0,1.0,1.0,1.0,1.0,1.0,1,0,0.0,0.0,exact,,0,1,5,1.0,1.0,1.0,1,4,6296,0,34.042320728302,31.17861795425415,2.695312738418579,12,156,7.6923076923076925,12
140726_171539_agentic,"Agentic Evaluation (Yeast, esm_small, r100)",Yeast,100,62,297,21,20-49,1,1,0.0,0.006734006734006734,,0.0,0.047619047619047616,-0.2,1.0,1.0,1.0,1.0,1.0,1.0,1.0,1.0,1.0,1.0,1.0,1.0,1.0,1.0,1.0,1.0,1.0,1.0,1.0,1.0,1.0,1.0,1.0,1.0,1,0,0.0,0.0,exact,,0,1,5,1.0,1.0,1.0,1,4,6447,0,50.39296841621399,47.25609469413757,2.974652051925659,20,420,4.761904761904762,20
140726_171539_agentic,"Agentic Evaluation (Yeast, esm_small, r100)",Yeast,100,63,1000,69,50+,1,1,0.0,0.022,,0.0,0.014492753623188406,0.0733162830349531,0.0,0.178,0.30400000000000005,0.5882352941176471,0.17391304347826086,0.3955669224211424,0.0,0.011,0.33599999999999997,0.6617647058823529,0.17391304347826086,-0.13384484228473997,0.0,0.093,0.44999999999999996,0.7352941176470589,0.21739130434782608,0.12276214833759591,0.0,0.178,0.44999999999999996,0.7352941176470589,0.21739130434782608,0.3955669224211424,0,0,17.999999999999996,0.2647058823529411,wrong_start,0.9,10,4,5,14.497175793649099,16.96811444564386,14.702081277201703,3,4,5930,0,246.10623717308044,180.70180439949036,65.22770714759827,68,4692,1.4492753623188406,69
140726_171539_agentic,"Agentic Evaluation (Yeast, esm_small, r100)",Yeast,100,64,1309,104,50+,1,1,0.0,0.02291825821237586,,0.0,0.009615384615384616,0.04817027632561613,0.0,0.12070282658517953,0.280366692131398,0.5339805825242718,0.08653846153846154,0.12247946228528753,0.0,0.2711993888464477,0.4140565317035906,0.6213592233009708,0.15384615384615385,0.3286034353995519,0.0,0.39113827349121466,0.4056531703590527,0.7669902912621359,0.15384615384615385,0.5197908887229276,0.0,0.4079449961802903,0.43544690603514136,0.7669902912621359,0.15384615384615385,0.5197908887229276,1,0,24.0,0.23300970873786409,partial_assembly,1.0,10,5,5,16.27354097582282,19.495998248610324,16.929820359905715,2,4,5609,0,394.6770510673523,289.4446289539337,105.06143760681152,0,10712,0.0,109
140726_171539_agentic,"Agentic Evaluation (Yeast, esm_small, r100)",Yeast,100,65,517,36,20-49,1,1,0.0,0.0,,0.0,0.027777777777777776,0.022222222222222223,0.0,0.37524177949709864,0.6189555125725339,0.6857142857142857,0.5555555555555556,0.7746031746031746,0.0,0.03868471953578337,0.4003868471953579,0.8285714285714286,0.3888888888888889,0.5301587301587302,0.0,0.37524177949709864,0.5241779497098646,0.8285714285714286,0.5555555555555556,0.819047619047619,0.0,0.37524177949709864,0.9864603481624759,0.8857142857142857,0.5555555555555556,0.9555555555555556,1,0,5.999999999999998,0.17142857142857137,partial_assembly,0.42857142857142855,7,2,5,16.748976243116044,17.543687575694214,16.137360771036985,2,4,5873,0,61.13317608833313,47.496155977249146,13.473049879074097,35,1260,2.7777777777777777,33
140726_171539_agentic,"Agentic Evaluation (Yeast, esm_small, r100)",Yeast,100,66,310,19,10-19,1,1,0.0,0.23225806451612904,,0.0,0.05263157894736842,0.4152046783625731,0.0,0.5548387096774193,0.5483870967741935,0.8333333333333334,0.42105263157894735,0.6257309941520468,0.0,0.9548387096774194,0.9096774193548387,0.8888888888888888,0.5263157894736842,0.8830409356725146,0.0,0.5096774193548387,0.5161290322580645,0.8333333333333334,0.47368421052631576,0.7777777777777778,0.0,0.9548387096774194,0.9096774193548387,0.8888888888888888,0.5263157894736842,0.8830409356725146,1,0,2.999999999999999,0.16666666666666663,partial_assembly,0.625,8,2,5,16.61801239104308,19.183477394176602,16.810299457771453,4,4,6050,0,41.58112692832947,37.94011092185974,3.4755918979644775,18,342,5.263157894736842,15
140726_171539_agentic,"Agentic Evaluation (Yeast, esm_small, r100)",Yeast,100,67,268,24,20-49,1,1,0.0,0.014925373134328358,,0.08695652173913043,0.08333333333333333,0.2536231884057971,0.0,0.6753731343283582,0.7313432835820896,0.6086956521739131,0.2916666666666667,0.6956521739130435,0.0,0.6716417910447762,0.6902985074626866,0.6956521739130435,0.2916666666666667,0.5797101449275363,0.0,0.45149253731343286,0.4552238805970149,0.7391304347826086,0.2916666666666667,0.5507246376811594,0.0,0.6753731343283582,0.7313432835820896,0.7391304347826086,0.3333333333333333,0.6956521739130435,1,0,6.000000000000001,0.26086956521739135,partial_assembly,1.0,6,2,5,16.16276683502052,17.12972945496482,16.129064728305362,4,4,5897,0,39.965088844299316,33.36901116371155,6.43165135383606,0,552,0.0,24
140726_171539_agentic,"Agentic Evaluation (Yeast, esm_small, r100)",Yeast,100,68,213,23,20-49,1,1,0.0,0.009389671361502348,,0.09090909090909091,0.08695652173913043,-0.09881422924901186,0.0,0.7183098591549296,0.43661971830985913,0.8636363636363636,0.4782608695652174,0.3438735177865613,0.0,0.7089201877934272,0.4178403755868545,0.9090909090909091,0.391304347826087,0.35968379446640314,0.0,0.7370892018779343,0.8967136150234741,0.8181818181818182,0.43478260869565216,0.7470355731225297,0.0,0.9953051643192489,0.9906103286384976,0.9545454545454546,0.6521739130434783,0.9446640316205533,1,0,3.999999999999999,0.18181818181818177,partial_assembly,0.25,8,3,5,14.378243662755889,16.480546746708132,13.590388259422431,3,4,5812,0,40.218891859054565,34.9419846534729,5.121119022369385,22,506,4.3478260869565215,24
140726_171539_agentic,"Agentic Evaluation (Yeast, esm_small, r100)",Yeast,100,69,198,12,10-19,1,1,0.0,0.48484848484848486,,0.0,0.08333333333333333,0.09090909090909091,1.0,1.0,1.0,1.0,1.0,1.0,1.0,1.0,1.0,1.0,1.0,1.0,1.0,1.0,1.0,1.0,1.0,1.0,1.0,1.0,1.0,1.0,1.0,1.0,1,0,0.0,0.0,exact,,0,1,5,1.0,1.0,1.0,1,4,6056,0,34.192376375198364,31.0739905834198,2.9526822566986084,11,132,8.333333333333332,11
140726_171539_agentic,"Agentic Evaluation (Yeast, esm_small, r100)",Yeast,100,70,137,10,10-19,1,1,0.0,0.7445255474452555,,0.1111111111111111,0.2,0.022222222222222223,0.0,0.6861313868613139,0.6423357664233577,0.5555555555555556,0.3,0.24444444444444444,1.0,1.0,1.0,1.0,1.0,1.0,1.0,1.0,1.0,1.0,1.0,1.0,1.0,1.0,1.0,1.0,1.0,1.0,1,0,0.0,0.0,exact,1.0,4,2,5,16.450057455740183,23.90724122212318,16.450057455740183,2,4,5728,0,34.31238555908203,30.63159728050232,3.5208823680877686,9,90,10.0,8
140726_171539_agentic,"Agentic Evaluation (Yeast, esm_small, r100)",Yeast,100,71,181,17,10-19,1,1,0.0,0.585635359116022,,0.0,0.058823529411764705,0.19117647058823528,0.0,0.6298342541436464,0.5082872928176796,0.625,0.35294117647058826,0.6470588235294118,0.0,0.6519337016574586,0.4696132596685083,0.6875,0.35294117647058826,0.4411764705882353,0.0,0.7679558011049724,0.7016574585635359,0.6875,0.35294117647058826,0.4852941176470588,0.0,0.7679558011049724,0.7016574585635359,0.8125,0.47058823529411764,0.6470588235294118,1,0,5.0,0.3125,partial_assembly,0.5,8,3,5,15.134586677815905,21.415097755547457,16.00087800630527,5,4,6364,0,43.40628457069397,40.50447416305542,2.7347521781921387,0,272,0.0,14
140726_171539_agentic,"Agentic Evaluation (Yeast, esm_small, r100)",Yeast,100,72,173,11,10-19,1,1,0.0,0.4913294797687861,,0.1,0.18181818181818182,-0.3090909090909091,1.0,1.0,1.0,1.0,1.0,1.0,1.0,1.0,1.0,1.0,1.0,1.0,1.0,1.0,1.0,1.0,1.0,1.0,1.0,1.0,1.0,1.0,1.0,1.0,1,0,0.0,0.0,exact,,0,1,5,1.2142857142857142,1.2142857142857142,1.2142857142857142,1,4,5851,0,32.56986689567566,29.77320909500122,2.6406781673431396,10,110,9.090909090909092,14
140726_171539_agentic,"Agentic Evaluation (Yeast, esm_small, r100)",Yeast,100,73,189,17,10-19,1,1,0.0,0.5185185185185185,,0.125,0.11764705882352941,-0.1323529411764706,0.0,0.7513227513227513,0.6084656084656085,0.625,0.35294117647058826,0.6470588235294118,0.0,0.6772486772486772,0.35449735449735453,0.75,0.5294117647058824,0.3088235294117647,0.0,0.6772486772486772,0.35449735449735453,0.75,0.5294117647058824,0.3088235294117647,0.0,0.7513227513227513,0.6084656084656085,0.75,0.5294117647058824,0.6470588235294118,1,0,4.0,0.25,partial_assembly,1.0,4,2,5,16.849024493889214,21.409809865054957,16.849024493889214,3,4,6067,0,41.61144423484802,37.13960123062134,4.3090972900390625,16,272,5.88235294117647,13
140726_171539_agentic,"Agentic Evaluation (Yeast, esm_small, r100)",Yeast,100,74,229,12,10-19,1,1,0.0,0.021834061135371178,,0.09090909090909091,0.16666666666666666,0.21212121212121213,1.0,1.0,1.0,1.0,1.0,1.0,1.0,1.0,1.0,1.0,1.0,1.0,1.0,1.0,1.0,1.0,1.0,1.0,1.0,1.0,1.0,1.0,1.0,1.0,1,0,0.0,0.0,exact,,0,1,5,15.488052380069087,15.488052380069087,15.488052380069087,1,4,6196,0,43.242976665496826,39.24450159072876,3.8378806114196777,11,132,8.333333333333332,10
140726_171539_agentic,"Agentic Evaluation (Yeast, esm_small, r100)",Yeast,100,75,632,66,50+,1,1,0.0,0.11392405063291139,,0.06153846153846154,0.030303030303030304,0.1533799533799534,0.0,0.2800632911392405,0.4572784810126582,0.5692307692307692,0.16666666666666666,0.44242424242424244,0.0,0.3037974683544304,0.3291139240506329,0.6153846153846154,0.16666666666666666,0.2466200466200466,0.0,0.3322784810126582,0.35443037974683544,0.7076923076923077,0.16666666666666666,0.3445221445221445,0.0,0.4240506329113924,0.4572784810126582,0.7076923076923077,0.16666666666666666,0.44242424242424244,1,0,18.999999999999996,0.29230769230769227,partial_assembly,0.8888888888888888,9,5,5,16.556831967459487,19.956080532228192,17.367216694848665,3,4,5959,0,115.97943568229675,90.7992262840271,25.012290716171265,65,4290,1.5151515151515151,70
140726_171539_agentic,"Agentic Evaluation (Yeast, esm_small, r100)",Yeast,100,76,754,64,50+,1,1,0.0,0.05702917771883289,,0.031746031746031744,0.03125,0.054563492063492064,0.0,0.5981432360742706,0.643236074270557,0.746031746031746,0.3125,0.7172619047619048,0.0,0.5742705570291777,0.6273209549071618,0.7301587301587301,0.25,0.5813492063492064,0.0,0.7148541114058355,0.7546419098143236,0.7619047619047619,0.234375,0.6726190476190477,0.0,0.7148541114058355,0.7546419098143236,0.7936507936507936,0.3125,0.7172619047619048,1,0,15.000000000000004,0.23809523809523817,partial_assembly,0.75,8,4,5,15.346121899174118,17.28913371311001,16.390001403880138,4,4,6018,0,128.9397006034851,87.1510078907013,41.62321496009827,63,4032,1.5625,64
140726_171539_agentic,"Agentic Evaluation (Yeast, esm_small, r100)",Yeast,100,77,440,22,20-49,1,1,0.0,0.4090909090909091,,0.09523809523809523,0.09090909090909091,0.26406926406926406,0.0,0.7159090909090909,0.7659090909090909,0.7142857142857143,0.45454545454545453,0.49783549783549785,0.0,0.7159090909090909,0.9318181818181819,0.9047619047619048,0.5,0.9047619047619048,0.0,0.7159090909090909,0.9318181818181819,0.8571428571428571,0.5,0.9307359307359307,0.0,0.7159090909090909,0.9318181818181819,0.8571428571428571,0.5,0.9307359307359307,1,0,3.000000000000001,0.1428571428571429,partial_assembly,1.0,4,3,5,15.823192684258297,20.77245689786827,16.318951254925736,3,4,6250,0,55.32551646232605,47.66921257972717,7.496812343597412,21,462,4.545454545454546,18
140726_171539_agentic,"Agentic Evaluation (Yeast, esm_small, r100)",Yeast,100,78,809,55,50+,1,1,0.0,0.02843016069221261,,0.07407407407407407,0.03636363636363636,-0.003367003367003367,0.0,0.25710754017305315,0.4252163164400494,0.6481481481481481,0.23636363636363636,0.1111111111111111,0.0,0.00865265760197775,0.3893695920889988,0.7222222222222222,0.2727272727272727,-0.003367003367003367,0.0,0.00865265760197775,0.41532756489493206,0.7222222222222222,0.2727272727272727,0.07878787878787878,0.0,0.25710754017305315,0.4252163164400494,0.7777777777777778,0.2727272727272727,0.1111111111111111,0,0,15.0,0.2777777777777778,wrong_start,0.7777777777777778,9,5,5,16.69195644166058,17.942841440939723,16.46936010666249,5,4,6137,0,77.84788203239441,55.72131323814392,21.95705509185791,54,2970,1.8181818181818181,55
140726_171539_agentic,"Agentic Evaluation (Yeast, esm_small, r100)",Yeast,100,79,102,7,5-9,1,1,0.0,0.43137254901960786,,0.16666666666666666,0.2857142857142857,-0.5238095238095238,1.0,1.0,1.0,1.0,1.0,1.0,1.0,1.0,1.0,1.0,1.0,1.0,1.0,1.0,1.0,1.0,1.0,1.0,1.0,1.0,1.0,1.0,1.0,1.0,1,0,0.0,0.0,exact,,0,1,5,1.0,1.0,1.0,1,4,6585,0,39.76404047012329,37.865530014038086,1.73349928855896,6,42,14.285714285714285,6
140726_171539_agentic,"Agentic Evaluation (Yeast, esm_small, r100)",Yeast,100,80,111,12,10-19,1,1,0.0,0.7747747747747747,,0.09090909090909091,0.16666666666666666,-0.06060606060606061,0.0,0.7567567567567568,0.5135135135135135,0.8181818181818182,0.6666666666666666,0.7575757575757576,0.0,0.7567567567567568,0.5135135135135135,0.8181818181818182,0.6666666666666666,0.7575757575757576,0.0,0.7567567567567568,0.5135135135135135,0.8181818181818182,0.6666666666666666,0.7575757575757576,0.0,0.7567567567567568,0.5135135135135135,0.8181818181818182,0.6666666666666666,0.7575757575757576,1,0,1.9999999999999996,0.18181818181818177,local_transposition,,0,1,5,15.830409256380554,15.830409256380554,15.830409256380554,1,4,5630,0,31.801989793777466,28.439236879348755,3.195535182952881,0,132,0.0,16
140726_171539_agentic,"Agentic Evaluation (Yeast, esm_small, r100)",Yeast,100,81,154,17,10-19,1,1,0.0,0.42857142857142855,,0.0625,0.11764705882352941,-0.14705882352941177,0.0,0.7922077922077922,0.5844155844155844,0.75,0.5882352941176471,0.5441176470588235,0.0,0.7142857142857143,0.6168831168831168,0.5625,0.29411764705882354,0.23529411764705882,0.0,0.7012987012987013,0.4025974025974026,0.8125,0.5294117647058824,0.4264705882352941,0.0,0.8831168831168831,0.7662337662337663,0.875,0.7058823529411765,0.8235294117647058,1,0,3.0,0.1875,partial_assembly,0.5,8,3,5,21.624206047796168,24.51921076163647,20.169491262004122,5,4,6013,0,37.150357484817505,34.26311707496643,2.7284858226776123,0,272,0.0,16
140726_171539_agentic,"Agentic Evaluation (Yeast, esm_small, r100)",Yeast,100,82,122,11,10-19,1,1,0.0,0.4262295081967213,,0.0,0.09090909090909091,-0.2,0.0,0.680327868852459,0.39344262295081966,0.5,0.2727272727272727,0.3090909090909091,1.0,1.0,1.0,1.0,1.0,1.0,1.0,1.0,1.0,1.0,1.0,1.0,1.0,1.0,1.0,1.0,1.0,1.0,1,0,0.0,0.0,exact,1.0,7,2,5,15.72294314844517,20.579580343476046,15.72294314844517,4,4,5656,0,36.53905940055847,33.619868993759155,2.755077362060547,10,110,9.090909090909092,8
140726_171539_agentic,"Agentic Evaluation (Yeast, esm_small, r100)",Yeast,100,83,546,47,20-49,1,1,0.0,0.10805860805860806,,0.043478260869565216,0.0425531914893617,0.0009250693802035153,0.0,0.4230769230769231,0.5018315018315018,0.717391304347826,0.3404255319148936,0.4856614246068455,0.0,0.32234432234432236,0.5952380952380952,0.6739130434782609,0.3404255319148936,0.5911193339500462,0.0,0.2893772893772894,0.3076923076923077,0.7391304347826086,0.23404255319148937,0.33580018501387604,0.0,0.4230769230769231,0.5018315018315018,0.7608695652173914,0.3404255319148936,0.4856614246068455,1,0,12.000000000000002,0.26086956521739135,partial_assembly,0.7777777777777778,9,4,5,15.995655526307358,18.738339400016677,17.479032209188663,5,4,5901,0,71.04488563537598,57.97567009925842,12.913251399993896,46,2162,2.127659574468085,46
140726_171539_agentic,"Agentic Evaluation (Yeast, esm_small, r100)",Yeast,100,84,294,24,20-49,1,1,0.0,0.10884353741496598,,0.043478260869565216,0.08333333333333333,0.0,0.0,0.40476190476190477,0.47959183673469385,0.782608695652174,0.4583333333333333,0.5652173913043478,0.0,0.40476190476190477,0.47959183673469385,0.782608695652174,0.4583333333333333,0.5652173913043478,0.0,0.40476190476190477,0.47959183673469385,0.782608695652174,0.4583333333333333,0.5652173913043478,1.0,1.0,1.0,1.0,1.0,1.0,1,0,4.999999999999999,0.21739130434782605,partial_assembly,0.2222222222222222,9,1,5,18.45229312594362,18.45229312594362,18.45229312594362,1,4,5898,0,39.2239830493927,34.49551582336426,4.565159797668457,23,552,4.166666666666666,22
140726_171539_agentic,"Agentic Evaluation (Yeast, esm_small, r100)",Yeast,100,85,61,2,2-4,1,1,0.0,0.5573770491803278,,0.0,0.5,-1.0,1.0,1.0,1.0,1.0,1.0,1.0,1.0,1.0,1.0,1.0,1.0,1.0,1.0,1.0,1.0,1.0,1.0,1.0,1.0,1.0,1.0,1.0,1.0,1.0,1,0,0.0,0.0,exact,,0,1,5,1.0,1.0,1.0,1,4,6333,0,36.55288004875183,34.674397706985474,1.72114896774292,1,2,50.0,1
140726_171539_agentic,"Agentic Evaluation (Yeast, esm_small, r100)",Yeast,100,86,695,36,20-49,1,1,0.0,0.0,,0.0,0.027777777777777776,0.012698412698412698,0.0,0.07194244604316546,0.5280575539568345,0.6,0.2777777777777778,0.5936507936507937,0.0,0.041726618705035974,0.42158273381294964,0.7714285714285715,0.3888888888888889,0.43492063492063493,0.0,0.041726618705035974,0.46187050359712234,0.8,0.3888888888888889,0.4984126984126984,0.0,0.07194244604316546,0.5280575539568345,0.8,0.3888888888888889,0.5936507936507937,1,0,6.999999999999998,0.19999999999999996,partial_assembly,0.75,8,2,5,15.241732201698948,19.320972664949107,14.904353722872054,4,4,5822,0,61.54948663711548,44.720579862594604,16.661307334899902,35,1260,2.7777777777777777,33
140726_171539_agentic,"Agentic Evaluation (Yeast, esm_small, r100)",Yeast,100,87,403,20,20-49,1,1,0.0,0.01240694789081886,,0.0,0.05,0.10526315789473684,0.0,0.4317617866004963,0.29032258064516125,0.631578947368421,0.35,0.05263157894736842,0.0,0.08188585607940446,0.4193548387096774,0.5789473684210527,0.2,-0.05263157894736842,0.0,0.1687344913151365,0.4441687344913151,0.5789473684210527,0.25,0.5263157894736842,0.0,0.4317617866004963,0.4441687344913151,0.631578947368421,0.35,0.5263157894736842,1,0,8.0,0.42105263157894735,partial_assembly,0.625,8,5,5,15.98769946622739,17.68809507008145,17.301153299994073,2,4,6053,0,44.709737062454224,37.24616837501526,7.29142951965332,19,380,5.0,15
140726_171539_agentic,"Agentic Evaluation (Yeast, esm_small, r100)",Yeast,100,88,382,19,10-19,1,1,0.0,0.0,,0.0,0.05263157894736842,0.07602339181286549,0.0,0.08900523560209424,0.5863874345549738,0.7222222222222222,0.47368421052631576,0.04093567251461988,0.0,0.08900523560209424,0.5994764397905759,0.7222222222222222,0.47368421052631576,0.08771929824561403,0.0,0.08900523560209424,0.5863874345549738,0.7222222222222222,0.47368421052631576,0.04093567251461988,0.0,0.08900523560209424,0.6282722513089005,0.7777777777777778,0.631578947368421,0.07602339181286549,1,0,5.0,0.2777777777777778,partial_assembly,0.75,8,1,5,12.33573136690414,12.33573136690414,10.980298261647702,3,4,5908,0,39.29322648048401,31.951977729797363,7.181052207946777,18,342,5.263157894736842,20
140726_171539_agentic,"Agentic Evaluation (Yeast, esm_small, r100)",Yeast,100,89,106,12,10-19,1,1,0.0,0.37735849056603776,,0.0,0.08333333333333333,-0.3333333333333333,1.0,1.0,1.0,1.0,1.0,1.0,1.0,1.0,1.0,1.0,1.0,1.0,1.0,1.0,1.0,1.0,1.0,1.0,1.0,1.0,1.0,1.0,1.0,1.0,1,0,0.0,0.0,exact,,0,1,5,1.0,1.0,1.0,1,4,6226,0,36.05915856361389,33.983349561691284,1.909970998764038,11,132,8.333333333333332,11
140726_171539_agentic,"Agentic Evaluation (Yeast, esm_small, r100)",Yeast,100,90,431,31,20-49,1,1,0.0,0.0,,0.06666666666666667,0.06451612903225806,0.03225806451612903,0.0,0.004640371229698376,0.33410672853828305,0.6333333333333333,0.2903225806451613,0.1827956989247312,0.0,0.004640371229698376,0.6380510440835268,0.7333333333333333,0.3548387096774194,0.44516129032258067,0.0,0.3062645011600928,0.7633410672853829,0.8333333333333334,0.4838709677419355,0.8021505376344086,0.0,0.3062645011600928,0.7633410672853829,0.9333333333333333,0.4838709677419355,0.8021505376344086,1,0,4.999999999999999,0.16666666666666663,partial_assembly,0.7777777777777778,9,3,5,16.458919431496536,21.122587663856766,17.95485076172839,3,4,5766,0,53.28435468673706,41.97914266586304,11.139706373214722,30,930,3.225806451612903,29
140726_171539_agentic,"Agentic Evaluation (Yeast, esm_small, r100)",Yeast,100,91,1004,62,50+,1,1,0.0,0.0099601593625498,,0.0,0.016129032258064516,-0.09783183500793231,0.0,0.14442231075697212,0.4661354581673307,0.6885245901639344,0.12903225806451613,0.24378635642517188,0.0,0.14442231075697212,0.48804780876494025,0.6721311475409836,0.20967741935483872,0.22474881015335801,0.0,0.17430278884462153,0.5119521912350598,0.8032786885245902,0.20967741935483872,0.4161819143310418,0.0,0.2639442231075697,0.6424302788844621,0.819672131147541,0.27419354838709675,0.5790586991010047,1,0,12.0,0.19672131147540983,partial_assembly,0.4444444444444444,9,3,5,13.4572166323747,15.302508931342743,13.768980634743263,3,4,6102,0,136.50333046913147,96.08983278274536,40.241270303726196,61,3782,1.6129032258064515,58
140726_171539_agentic,"Agentic Evaluation (Yeast, esm_small, r100)",Yeast,100,92,943,65,50+,0,1,0.0,0.0,,,,,0.0,0.1728525980911983,0.45387062566277836,,,,0.0,0.0010604453870625664,0.40827147401908803,,,,0.0,0.20360551431601273,0.6171792152704136,,,,0.0,0.20360551431601273,0.6171792152704136,,,,1,0,,,unknown,,0,4,5,13.6179584013571,13.921767095466608,13.869542004885592,4,4,5828,0,107.98370671272278,68.41270399093628,39.400949239730835,64,4160,1.5384615384615385,69
140726_171539_agentic,"Agentic Evaluation (Yeast, esm_small, r100)",Yeast,100,93,573,34,20-49,1,1,0.0,0.0,,0.06060606060606061,0.058823529411764705,0.040998217468805706,0.0,0.02443280977312391,0.5410122164048865,0.7575757575757576,0.7058823529411765,0.6078431372549019,0.0,0.02443280977312391,0.5410122164048865,0.7575757575757576,0.7058823529411765,0.6078431372549019,0.0,0.02443280977312391,0.5410122164048865,0.7575757575757576,0.7058823529411765,0.6078431372549019,0.0,0.02443280977312391,0.8289703315881326,0.7878787878787878,0.7058823529411765,0.6078431372549019,1,0,8.0,0.24242424242424243,partial_assembly,0.6666666666666666,9,1,5,17.181563898912103,17.181563898912103,17.181563898912103,1,4,5945,0,50.95620632171631,37.943055629730225,12.845073938369751,33,1122,2.941176470588235,36
140726_171539_agentic,"Agentic Evaluation (Yeast, esm_small, r100)",Yeast,100,94,1357,79,50+,1,1,0.0,0.008843036109064112,,0.0,0.012658227848101266,0.09380071405387862,0.0,0.3596168017686072,0.5195283714075165,0.6153846153846154,0.1518987341772152,0.459915611814346,0.0,0.27855563743551953,0.5062638172439204,0.6794871794871795,0.1518987341772152,0.5689711132749108,0.0,0.5092114959469418,0.5939572586588062,0.782051282051282,0.1518987341772152,0.655955858487504,0.0,0.5092114959469418,0.68828297715549,0.782051282051282,0.1518987341772152,0.667640376501136,1,0,17.0,0.21794871794871795,partial_assembly,0.8888888888888888,9,3,5,17.79963577228092,18.871956918692874,17.67398776801007,3,4,5708,0,220.95993065834045,145.73261499404907,75.06102108955383,0,6162,0.0,71
140726_171539_agentic,"Agentic Evaluation (Yeast, esm_small, r100)",Yeast,100,95,356,25,20-49,1,1,0.0,0.07584269662921349,,0.0,0.04,0.02,0.0,0.6039325842696629,0.452247191011236,0.8333333333333334,0.28,0.06,1.0,1.0,1.0,1.0,1.0,1.0,1.0,1.0,1.0,1.0,1.0,1.0,1.0,1.0,1.0,1.0,1.0,1.0,1,0,0.0,0.0,exact,1.0,4,2,5,10.863488067774789,12.84524947140339,10.863488067774789,3,4,5998,0,47.18410682678223,40.62099361419678,6.414554834365845,24,600,4.0,23
140726_171539_agentic,"Agentic Evaluation (Yeast, esm_small, r100)",Yeast,100,96,119,6,5-9,1,1,0.0,0.7310924369747899,,0.0,0.16666666666666666,-0.7333333333333333,0.0,0.8319327731092437,0.7815126050420168,0.4,0.5,0.06666666666666667,1.0,1.0,1.0,1.0,1.0,1.0,1.0,1.0,1.0,1.0,1.0,1.0,1.0,1.0,1.0,1.0,1.0,1.0,1,0,0.0,0.0,exact,1.0,4,2,5,19.07075252395139,26.092307065788848,19.07075252395139,2,4,6111,0,37.622148513793945,34.87525653839111,2.593445301055908,5,30,16.666666666666664,3
140726_171539_agentic,"Agentic Evaluation (Yeast, esm_small, r100)",Yeast,100,97,438,23,20-49,1,1,0.0,0.3082191780821918,,0.0,0.043478260869565216,-0.2964426877470356,0.0,0.136986301369863,0.317351598173516,0.7727272727272727,0.34782608695652173,-0.24110671936758893,0.0,0.13013698630136986,0.38584474885844744,0.7272727272727273,0.4782608695652174,0.44664031620553357,0.0,0.13013698630136986,0.38584474885844744,0.7272727272727273,0.4782608695652174,0.44664031620553357,0.0,0.136986301369863,0.38584474885844744,0.9090909090909091,0.782608695652174,0.5810276679841897,1,0,6.0,0.2727272727272727,partial_assembly,0.2,10,5,5,15.458913869757025,15.759083153790408,15.458913869757025,5,4,6176,0,42.8146026134491,36.28233456611633,6.374583005905151,22,506,4.3478260869565215,19
140726_171539_agentic,"Agentic Evaluation (Yeast, esm_small, r100)",Yeast,100,98,455,51,50+,1,1,0.0,0.06813186813186813,,0.02,0.0392156862745098,0.11215686274509803,0.0,0.3120879120879121,0.3120879120879121,0.58,0.1568627450980392,0.32862745098039214,0.0,0.07032967032967033,0.3318681318681319,0.6,0.1568627450980392,0.5058823529411764,0.0,0.06813186813186813,0.36923076923076925,0.72,0.17647058823529413,0.33019607843137255,0.0,0.3120879120879121,0.36923076923076925,0.72,0.29411764705882354,0.5450980392156862,1,0,14.000000000000002,0.28,partial_assembly,0.9,10,4,5,14.808370472024942,18.15391970893536,16.329644901636968,4,4,5845,0,77.7678530216217,58.17867398262024,19.415194511413574,0,2550,0.0,54
140726_171539_agentic,"Agentic Evaluation (Yeast, esm_small, r100)",Yeast,100,99,109,6,5-9,1,1,0.0,0.6788990825688074,,0.0,0.16666666666666666,-0.2,1.0,1.0,1.0,1.0,1.0,1.0,1.0,1.0,1.0,1.0,1.0,1.0,1.0,1.0,1.0,1.0,1.0,1.0,1.0,1.0,1.0,1.0,1.0,1.0,1,0,0.0,0.0,exact,,0,1,5,1.0,1.0,1.0,1,4,6422,0,38.63994574546814,36.93294978141785,1.5385422706604004,0,30,0.0,5
140726_171539_agentic,"Agentic Evaluation (Yeast, esm_small, r100)",Yeast,100,100,179,12,10-19,1,1,0.0,0.6089385474860335,,0.0,0.08333333333333333,-0.36363636363636365,0.0,0.6089385474860335,0.2178770949720671,0.45454545454545453,0.25,-0.06060606060606061,1.0,1.0,1.0,1.0,1.0,1.0,1.0,1.0,1.0,1.0,1.0,1.0,1.0,1.0,1.0,1.0,1.0,1.0,1,0,0.0,0.0,exact,1.0,7,2,5,12.455988359152162,18.82384204360559,12.455988359152162,2,4,5707,0,32.78955388069153,28.902097702026367,3.7159738540649414,11,132,8.333333333333332,10
140726_194805_agentic,"Agentic Evaluation (Yeast, esm_small, r20)",Yeast,20,1,743,55,50+,1,1,0.0,0.0,,0.07407407407407407,0.03636363636363636,0.01818181818181818,0.0,0.033647375504710635,0.26110363391655456,0.3148148148148148,0.07272727272727272,0.23905723905723905,0.0,0.033647375504710635,0.23553162853297438,0.5370370370370371,0.10909090909090909,0.362962962962963,0.0,0.033647375504710635,0.2126514131897712,0.48148148148148145,0.09090909090909091,0.3373737373737374,0.0,0.033647375504710635,0.2624495289367429,0.5185185185185185,0.10909090909090909,0.3373737373737374,1,0,28.000000000000004,0.5185185185185186,partial_assembly,0.7777777777777778,9,5,5,17.89593571514386,20.843142707244677,17.300804091142904,4,4,5942,0,138.11577463150024,114.62454652786255,23.341104745864868,54,2970,1.8181818181818181,45
140726_194805_agentic,"Agentic Evaluation (Yeast, esm_small, r20)",Yeast,20,2,922,91,50+,1,1,0.0,0.07049891540130152,,0.011111111111111112,0.02197802197802198,-0.03247863247863248,0.0,0.11279826464208242,0.2288503253796096,0.34444444444444444,0.054945054945054944,0.1623931623931624,0.0,0.07917570498915401,0.2581344902386117,0.4111111111111111,0.06593406593406594,0.046153846153846156,0.0,0.07809110629067245,0.2169197396963124,0.43333333333333335,0.06593406593406594,-0.010500610500610501,0.0,0.11279826464208242,0.29826464208242953,0.4444444444444444,0.06593406593406594,0.1623931623931624,1,0,51.0,0.5666666666666667,partial_assembly,0.8,10,4,5,15.283738821423654,18.02517097843201,15.65515728788019,5,4,6283,0,196.34944224357605,125.21873259544373,70.98151707649231,90,8190,1.098901098901099,60
140726_194805_agentic,"Agentic Evaluation (Yeast, esm_small, r20)",Yeast,20,3,470,41,20-49,1,1,0.0,0.0,,0.025,0.04878048780487805,0.03170731707317073,0.0,0.002127659574468085,0.21063829787234045,0.375,0.0975609756097561,-0.3097560975609756,0.0,0.031914893617021274,0.29574468085106387,0.5,0.14634146341463414,0.3024390243902439,0.0,0.031914893617021274,0.2702127659574468,0.5,0.14634146341463414,0.2951219512195122,0.0,0.031914893617021274,0.33404255319148934,0.55,0.17073170731707318,0.2951219512195122,1,0,20.0,0.5,partial_assembly,0.7777777777777778,9,2,5,21.00405736683517,24.890298807362335,20.723251817744902,2,4,6202,0,55.89178681373596,47.947674036026,7.796684980392456,40,1640,2.4390243902439024,31
140726_194805_agentic,"Agentic Evaluation (Yeast, esm_small, r20)",Yeast,20,4,122,8,5-9,1,1,0.0,0.7459016393442623,,0.2857142857142857,0.25,0.2857142857142857,0.0,0.6311475409836066,0.3770491803278688,0.42857142857142855,0.375,0.6428571428571429,0.0,0.6721311475409836,0.38524590163934425,0.2857142857142857,0.25,0.5714285714285714,0.0,0.6721311475409836,0.38524590163934425,0.2857142857142857,0.25,0.5714285714285714,0.0,0.8934426229508197,0.7868852459016393,0.5714285714285714,0.625,0.9285714285714286,1,0,5.0,0.7142857142857143,partial_assembly,0.2857142857142857,7,3,5,21.36177459065035,23.76270771922433,21.36177459065035,5,4,6034,0,34.63622450828552,31.807722806930542,2.6813836097717285,7,56,12.5,3
140726_194805_agentic,"Agentic Evaluation (Yeast, esm_small, r20)",Yeast,20,5,584,48,20-49,1,1,0.0,0.11472602739726027,,0.02127659574468085,0.041666666666666664,0.09397163120567376,0.0,0.09417808219178082,0.18664383561643838,0.3617021276595745,0.125,0.044326241134751775,0.0,0.24315068493150685,0.4657534246575342,0.6382978723404256,0.2708333333333333,0.6826241134751773,0.0,0.24486301369863014,0.4417808219178082,0.6382978723404256,0.2708333333333333,0.648936170212766,0.0,0.24486301369863014,0.5051369863013699,0.6595744680851063,0.2708333333333333,0.6666666666666666,1,0,17.0,0.3617021276595745,partial_assembly,0.8888888888888888,9,5,5,15.370477847482166,20.042616627146568,15.318020150216425,3,4,6190,0,95.85229015350342,78.21527194976807,17.4849054813385,47,2256,2.083333333333333,32
140726_194805_agentic,"Agentic Evaluation (Yeast, esm_small, r20)",Yeast,20,6,220,15,10-19,1,1,0.0,0.35454545454545455,,0.14285714285714285,0.13333333333333333,-0.02857142857142857,0.0,0.5409090909090909,0.30000000000000004,0.35714285714285715,0.13333333333333333,0.08571428571428572,0.0,0.5909090909090909,0.7454545454545455,0.6428571428571429,0.3333333333333333,0.7523809523809524,0.0,0.7045454545454546,0.9772727272727273,0.7142857142857143,0.4,0.8476190476190476,0.0,0.7181818181818181,0.9772727272727273,0.8571428571428571,0.5333333333333333,0.8666666666666667,1,0,4.0,0.2857142857142857,partial_assembly,0.7,10,5,5,17.948055403962865,20.85488203135597,18.439258825151022,2,4,5719,0,38.077399015426636,33.68957257270813,4.248540163040161,14,210,6.666666666666667,10
140726_194805_agentic,"Agentic Evaluation (Yeast, esm_small, r20)",Yeast,20,7,327,30,20-49,1,1,0.0,0.012232415902140673,,0.1724137931034483,0.06666666666666667,0.029885057471264367,0.0,0.07339449541284404,0.22018348623853212,0.3448275862068966,0.16666666666666666,0.02528735632183908,0.0,0.07339449541284404,0.24159021406727832,0.3793103448275862,0.16666666666666666,0.0896551724137931,0.0,0.07339449541284404,0.4525993883792049,0.4827586206896552,0.16666666666666666,0.3931034482758621,0.0,0.07339449541284404,0.4525993883792049,0.6206896551724138,0.3333333333333333,0.3931034482758621,1,0,14.999999999999998,0.5172413793103448,partial_assembly,0.5555555555555556,9,2,5,18.88103272106278,20.129125668878153,18.847904141879475,4,4,5964,0,47.594024419784546,39.504921674728394,7.937042713165283,29,870,3.3333333333333335,26
140726_194805_agentic,"Agentic Evaluation (Yeast, esm_small, r20)",Yeast,20,8,640,50,50+,1,1,0.0,0.0,,0.02040816326530612,0.04,0.010612244897959184,0.0,0.0078125,0.22812500000000002,0.30612244897959184,0.1,0.20326530612244897,0.0,0.0046875,0.24531250000000004,0.4897959183673469,0.1,0.23265306122448978,0.0,0.0078125,0.24687499999999996,0.5306122448979592,0.12,0.1493877551020408,0.0,0.0078125,0.24687499999999996,0.5306122448979592,0.12,0.20326530612244897,1,0,23.0,0.46938775510204084,partial_assembly,0.875,8,5,5,16.640094542248097,19.955912360050927,15.837316660708495,3,4,6007,0,92.80294108390808,68.22370719909668,24.424896240234375,49,2450,2.0,34
140726_194805_agentic,"Agentic Evaluation (Yeast, esm_small, r20)",Yeast,20,9,366,34,20-49,1,1,0.0,0.1912568306010929,,0.0,0.029411764705882353,0.25846702317290554,0.0,0.13934426229508196,0.33333333333333337,0.45454545454545453,0.11764705882352941,0.24064171122994651,0.0,0.22404371584699453,0.5218579234972678,0.6666666666666666,0.3235294117647059,0.46880570409982175,0.0,0.22404371584699453,0.4480874316939891,0.6363636363636364,0.20588235294117646,0.2192513368983957,0.0,0.22404371584699453,0.47267759562841527,0.6666666666666666,0.3235294117647059,0.46167557932263814,1,0,12.0,0.36363636363636365,partial_assembly,0.7777777777777778,9,4,5,18.112972265715566,21.35485637554279,17.657302002238318,3,4,5831,0,51.47848296165466,38.50607180595398,12.819858312606812,33,1122,2.941176470588235,28
140726_194805_agentic,"Agentic Evaluation (Yeast, esm_small, r20)",Yeast,20,10,98,13,10-19,1,1,0.0,0.6632653061224489,,0.3333333333333333,0.15384615384615385,0.23076923076923078,0.0,0.6326530612244898,0.33673469387755106,0.16666666666666666,0.15384615384615385,0.46153846153846156,0.0,0.6326530612244898,0.33673469387755106,0.16666666666666666,0.15384615384615385,0.46153846153846156,0.0,0.6326530612244898,0.33673469387755106,0.16666666666666666,0.15384615384615385,0.46153846153846156,0.0,0.8367346938775511,0.6734693877551021,0.4166666666666667,0.23076923076923078,0.46153846153846156,1,0,10.0,0.8333333333333334,partial_assembly,0.3333333333333333,9,1,5,15.198223009028686,15.198223009028686,15.198223009028686,1,4,5909,0,34.23970675468445,30.668074369430542,3.420605182647705,12,156,7.6923076923076925,6
140726_194805_agentic,"Agentic Evaluation (Yeast, esm_small, r20)",Yeast,20,11,755,57,50+,1,1,0.0,0.0423841059602649,,0.0,0.017543859649122806,0.17919799498746866,0.0,0.02913907284768212,0.27549668874172184,0.35714285714285715,0.08771929824561403,0.13032581453634084,0.0,0.005298013245033113,0.223841059602649,0.5178571428571429,0.12280701754385964,-0.0012531328320802004,0.0,0.005298013245033113,0.28741721854304636,0.625,0.14035087719298245,0.043859649122807015,0.0,0.02913907284768212,0.3708609271523179,0.625,0.14035087719298245,0.13032581453634084,0,0,21.0,0.375,wrong_start,0.9,10,3,5,17.97528944635924,20.83836382472611,19.282760103862064,4,4,5814,0,99.29825854301453,72.91272115707397,26.23508644104004,56,3192,1.7543859649122806,45
140726_194805_agentic,"Agentic Evaluation (Yeast, esm_small, r20)",Yeast,20,12,259,7,5-9,1,1,0.0,0.16602316602316602,,0.16666666666666666,0.2857142857142857,0.23809523809523808,1.0,1.0,1.0,1.0,1.0,1.0,1.0,1.0,1.0,1.0,1.0,1.0,1.0,1.0,1.0,1.0,1.0,1.0,1.0,1.0,1.0,1.0,1.0,1.0,1,0,0.0,0.0,exact,,0,1,5,16.485896449359632,16.485896449359632,16.485896449359632,1,4,5939,0,33.63413596153259,30.195439338684082,3.299032688140869,6,42,14.285714285714285,5
140726_194805_agentic,"Agentic Evaluation (Yeast, esm_small, r20)",Yeast,20,13,322,33,20-49,1,1,0.0,0.12422360248447205,,0.125,0.09090909090909091,0.2159090909090909,0.0,0.2360248447204969,0.2701863354037267,0.5,0.21212121212121213,0.32954545454545453,0.0,0.2981366459627329,0.3571428571428571,0.625,0.3333333333333333,0.5984848484848485,0.0,0.4192546583850932,0.3136645962732919,0.59375,0.3333333333333333,0.6590909090909091,0.0,0.4192546583850932,0.3136645962732919,0.59375,0.3333333333333333,0.6590909090909091,1,1,13.0,0.40625,partial_assembly,1.0,4,2,5,13.512231246072503,16.404663401801656,14.452216962033319,4,4,6142,0,51.83867406845093,44.016815185546875,7.6853156089782715,32,1056,3.0303030303030303,19
140726_194805_agentic,"Agentic Evaluation (Yeast, esm_small, r20)",Yeast,20,14,340,19,10-19,1,1,0.0,0.0,,0.05555555555555555,0.10526315789473684,0.1695906432748538,0.0,0.15588235294117647,0.5176470588235293,0.4444444444444444,0.21052631578947367,0.27485380116959063,0.0,0.0029411764705882353,0.44999999999999996,0.6111111111111112,0.3684210526315789,0.08771929824561403,0.0,0.0029411764705882353,0.44999999999999996,0.6111111111111112,0.3684210526315789,0.08771929824561403,0.0,0.15588235294117647,0.5176470588235293,0.7222222222222222,0.5263157894736842,0.27485380116959063,0,0,6.999999999999999,0.38888888888888884,wrong_start,0.2222222222222222,9,3,5,18.139790758394522,18.71211594694386,18.139790758394522,4,4,6288,0,41.89380621910095,35.405861377716064,6.3503077030181885,18,342,5.263157894736842,13
140726_194805_agentic,"Agentic Evaluation (Yeast, esm_small, r20)",Yeast,20,15,113,9,5-9,1,1,0.0,0.5752212389380531,,0.0,0.1111111111111111,0.2777777777777778,0.0,0.5575221238938053,0.3008849557522124,0.5,0.4444444444444444,0.5,0.0,0.9734513274336283,0.9469026548672567,0.625,0.5555555555555556,0.9444444444444444,0.0,0.9734513274336283,0.9469026548672567,0.625,0.5555555555555556,0.9444444444444444,1.0,1.0,1.0,1.0,1.0,1.0,1,0,3.0,0.375,partial_assembly,0.7777777777777778,9,2,5,16.5547289510117,17.642448816813914,16.5547289510117,2,4,5991,0,33.85360789299011,31.19573950767517,2.5208356380462646,8,72,11.11111111111111,4
140726_194805_agentic,"Agentic Evaluation (Yeast, esm_small, r20)",Yeast,20,16,487,8,5-9,1,1,0.0,0.039014373716632446,,0.14285714285714285,0.25,-0.35714285714285715,0.0,0.9630390143737166,0.9260780287474333,0.7142857142857143,0.75,0.9285714285714286,1.0,1.0,1.0,1.0,1.0,1.0,1.0,1.0,1.0,1.0,1.0,1.0,1.0,1.0,1.0,1.0,1.0,1.0,1,0,0.0,0.0,exact,1.0,4,2,5,11.08428992573508,17.17445129501337,11.08428992573508,2,4,5788,0,36.99552869796753,32.025235652923584,4.8250813484191895,7,56,12.5,5
140726_194805_agentic,"Agentic Evaluation (Yeast, esm_small, r20)",Yeast,20,17,389,38,20-49,1,1,0.0,0.010282776349614395,,0.02702702702702703,0.05263157894736842,0.07254623044096728,0.0,0.11568123393316196,0.31362467866323906,0.32432432432432434,0.07894736842105263,0.20625889046941678,0.0,0.18251928020565553,0.3419023136246787,0.5675675675675675,0.13157894736842105,0.27453769559032715,0.0,0.18251928020565553,0.390745501285347,0.5675675675675675,0.13157894736842105,0.26884779516358465,0.0,0.18251928020565553,0.390745501285347,0.5675675675675675,0.13157894736842105,0.26884779516358465,1,0,16.0,0.43243243243243246,partial_assembly,1.0,9,2,5,17.745441405133562,20.295610985472653,17.538146471438527,4,4,5517,0,55.12307834625244,39.97287440299988,15.000054121017456,37,1406,2.631578947368421,29
140726_194805_agentic,"Agentic Evaluation (Yeast, esm_small, r20)",Yeast,20,18,437,37,20-49,1,1,0.0,0.13043478260869565,,0.05555555555555555,0.05405405405405406,-0.07807807807807808,0.0,0.21739130434782608,0.448512585812357,0.5277777777777778,0.16216216216216217,0.2672672672672673,0.0,0.2402745995423341,0.2745995423340961,0.6666666666666666,0.21621621621621623,0.39039039039039036,0.0,0.2402745995423341,0.26315789473684215,0.6666666666666666,0.24324324324324326,0.33633633633633636,0.0,0.2402745995423341,0.49656750572082375,0.6666666666666666,0.2702702702702703,0.33633633633633636,1,0,12.000000000000002,0.33333333333333337,partial_assembly,0.7777777777777778,9,2,5,15.815682149771597,19.98478282938357,15.442568578573352,2,4,5960,0,53.89832663536072,43.85676383972168,9.88870882987976,36,1332,2.7027027027027026,27
140726_194805_agentic,"Agentic Evaluation (Yeast, esm_small, r20)",Yeast,20,19,261,27,20-49,1,1,0.0,0.16475095785440613,,0.038461538461538464,0.07407407407407407,-0.1339031339031339,0.0,0.19157088122605365,0.3448275862068966,0.34615384615384615,0.2222222222222222,0.30484330484330485,0.0,0.19157088122605365,0.26436781609195403,0.5,0.2222222222222222,0.4757834757834758,0.0,0.18773946360153257,0.48275862068965514,0.6538461538461539,0.25925925925925924,0.7834757834757835,0.0,0.19157088122605365,0.48275862068965514,0.6538461538461539,0.25925925925925924,0.7834757834757835,1,0,9.0,0.34615384615384615,partial_assembly,0.8888888888888888,9,4,5,16.0177156662784,21.55083071375,16.95938990240697,5,4,5981,0,43.61768627166748,37.14413261413574,6.326455354690552,26,702,3.7037037037037033,15
140726_194805_agentic,"Agentic Evaluation (Yeast, esm_small, r20)",Yeast,20,20,382,26,20-49,1,1,0.0,0.010471204188481676,,0.04,0.07692307692307693,-0.28,0.0,0.1387434554973822,0.6073298429319371,0.48,0.19230769230769232,0.23692307692307693,0.0,0.14921465968586387,0.6963350785340314,0.6,0.19230769230769232,0.4707692307692308,0.0,0.1387434554973822,0.662303664921466,0.48,0.19230769230769232,-0.021538461538461538,0.0,0.17801047120418848,0.662303664921466,0.6,0.23076923076923078,0.5384615384615384,1,0,13.0,0.52,partial_assembly,0.25,8,3,5,16.9650249592388,17.805505534273422,16.579424457722595,5,4,5868,0,46.16022348403931,34.94825530052185,11.060460329055786,25,650,3.8461538461538463,19
140726_194805_agentic,"Agentic Evaluation (Yeast, esm_small, r20)",Yeast,20,21,444,21,20-49,1,1,0.0,0.12837837837837837,,0.0,0.047619047619047616,0.06666666666666667,0.0,0.3963963963963964,0.4572072072072072,0.4,0.14285714285714285,-0.02857142857142857,0.0,0.49324324324324326,0.4301801801801802,0.65,0.23809523809523808,0.6190476190476191,0.0,0.49324324324324326,0.4301801801801802,0.65,0.23809523809523808,0.6190476190476191,0.0,0.5022522522522522,0.4572072072072072,0.7,0.23809523809523808,0.6190476190476191,1,0,7.0,0.35,partial_assembly,0.5555555555555556,9,4,5,16.60280444896774,18.086126480568375,16.60280444896774,3,4,6336,0,44.67955708503723,37.30058312416077,7.225039720535278,20,420,4.761904761904762,12
140726_194805_agentic,"Agentic Evaluation (Yeast, esm_small, r20)",Yeast,20,22,369,23,20-49,1,1,0.0,0.01084010840108401,,0.09090909090909091,0.08695652173913043,0.2490118577075099,0.0,0.17886178861788618,0.40108401084010836,0.5454545454545454,0.30434782608695654,0.05928853754940711,0.0,0.02981029810298103,0.20867208672086723,0.36363636363636365,0.21739130434782608,-0.019762845849802372,0.0,0.17886178861788618,0.3035230352303523,0.6818181818181818,0.4782608695652174,0.16205533596837945,0.0,0.17886178861788618,0.40108401084010836,0.7272727272727273,0.4782608695652174,0.24110671936758893,1,0,7.000000000000001,0.31818181818181823,partial_assembly,0.8,10,2,5,17.38299484129525,20.071777644528364,20.063751499501137,2,4,5896,0,42.23740577697754,36.12273597717285,5.9605138301849365,0,506,0.0,15
140726_194805_agentic,"Agentic Evaluation (Yeast, esm_small, r20)",Yeast,20,23,505,46,20-49,1,1,0.0,0.1188118811881188,,0.044444444444444446,0.043478260869565216,-0.02995169082125604,0.0,0.0297029702970297,0.19207920792079203,0.4444444444444444,0.10869565217391304,-0.04927536231884058,0.0,0.27722772277227725,0.3485148514851485,0.6444444444444445,0.21739130434782608,-0.10144927536231885,0.0,0.02574257425742574,0.21188118811881185,0.6666666666666666,0.2826086956521739,0.022222222222222223,0.0,0.2732673267326733,0.3386138613861386,0.6888888888888889,0.2826086956521739,0.06086956521739131,1,0,15.000000000000002,0.33333333333333337,partial_assembly,0.8888888888888888,9,2,5,12.794056560375846,16.23171630927129,12.844200919116435,3,4,5601,0,55.18454432487488,43.159117221832275,11.885573863983154,0,2070,0.0,34
140726_194805_agentic,"Agentic Evaluation (Yeast, esm_small, r20)",Yeast,20,24,120,6,5-9,1,1,0.0,0.6416666666666667,,0.0,0.16666666666666666,-0.3333333333333333,1.0,1.0,1.0,1.0,1.0,1.0,1.0,1.0,1.0,1.0,1.0,1.0,1.0,1.0,1.0,1.0,1.0,1.0,1.0,1.0,1.0,1.0,1.0,1.0,1,0,0.0,0.0,exact,,0,1,5,14.161807048148244,14.161807048148244,14.161807048148244,1,4,6030,0,32.95099234580994,30.370688915252686,2.4230153560638428,5,30,16.666666666666664,4
140726_194805_agentic,"Agentic Evaluation (Yeast, esm_small, r20)",Yeast,20,25,169,11,10-19,1,1,0.0,0.7337278106508875,,0.2,0.2727272727272727,0.2,0.0,0.7041420118343196,0.40828402366863903,0.8,0.45454545454545453,0.2727272727272727,0.0,0.7041420118343196,0.40828402366863903,0.8,0.45454545454545453,0.2727272727272727,0.0,0.7041420118343196,0.40828402366863903,0.8,0.45454545454545453,0.2727272727272727,1.0,1.0,1.0,1.0,1.0,1.0,1,0,1.9999999999999996,0.19999999999999996,partial_assembly,0.5714285714285714,7,1,5,14.451017374770903,14.451017374770903,14.451017374770903,1,4,6247,0,30.898988246917725,27.743398189544678,3.0060455799102783,10,110,9.090909090909092,7
140726_194805_agentic,"Agentic Evaluation (Yeast, esm_small, r20)",Yeast,20,26,127,7,5-9,1,1,0.0,0.7637795275590551,,0.16666666666666666,0.2857142857142857,-0.047619047619047616,0.0,0.8188976377952756,0.6377952755905512,0.3333333333333333,0.2857142857142857,0.3333333333333333,0.0,0.7480314960629921,0.49606299212598426,0.5,0.42857142857142855,0.42857142857142855,0.0,0.7480314960629921,0.49606299212598426,0.5,0.42857142857142855,0.42857142857142855,0.0,0.8188976377952756,0.6377952755905512,0.5,0.42857142857142855,0.42857142857142855,1,0,3.0,0.5,partial_assembly,1.0,4,2,5,16.931071732858534,23.34939779169452,16.931071732858534,4,4,5985,0,29.503433227539062,26.631532669067383,2.705519199371338,6,42,14.285714285714285,2
140726_194805_agentic,"Agentic Evaluation (Yeast, esm_small, r20)",Yeast,20,27,701,60,50+,1,1,0.0,0.04992867332382311,,0.01694915254237288,0.03333333333333333,-0.07909604519774012,0.0,0.009985734664764621,0.35805991440798857,0.4745762711864407,0.25,0.24293785310734464,0.0,0.24964336661911554,0.4878744650499287,0.5932203389830508,0.23333333333333334,0.536723163841808,0.0,0.0442225392296719,0.5106990014265336,0.6271186440677966,0.4166666666666667,0.5638418079096045,0.0,0.0456490727532097,0.5720399429386591,0.6610169491525424,0.4166666666666667,0.5638418079096045,0,0,22.0,0.3728813559322034,wrong_start,0.7777777777777778,9,3,5,14.707328238671975,18.452197511631674,14.996161861302015,4,4,5889,0,110.88635849952698,76.36896419525146,34.35021996498108,59,3540,1.6666666666666667,52
140726_194805_agentic,"Agentic Evaluation (Yeast, esm_small, r20)",Yeast,20,28,1770,128,50+,1,1,0.0,0.024293785310734464,,0.0,0.0078125,-0.02066929133858268,0.0,0.15254237288135594,0.2802259887005649,0.4094488188976378,0.046875,0.20989173228346455,0.0,0.15028248587570622,0.27514124293785314,0.4645669291338583,0.0546875,0.10063976377952756,0.0,0.12655367231638417,0.2915254237288135,0.5354330708661418,0.0546875,0.1375492125984252,0.0,0.1807909604519774,0.3107344632768362,0.5354330708661418,0.0546875,0.20989173228346455,1,0,58.99999999999999,0.4645669291338582,partial_assembly,0.8888888888888888,9,5,5,18.092254777027673,20.85746888593087,18.924792589360802,4,4,5954,0,498.3637430667877,357.28300046920776,140.9211995601654,127,16256,0.78125,93
140726_194805_agentic,"Agentic Evaluation (Yeast, esm_small, r20)",Yeast,20,29,254,24,20-49,1,1,0.0,0.1968503937007874,,0.08695652173913043,0.08333333333333333,-0.043478260869565216,0.0,0.23228346456692914,0.46850393700787396,0.34782608695652173,0.16666666666666666,-0.1956521739130435,0.0,0.2559055118110236,0.49606299212598426,0.5652173913043478,0.25,0.38405797101449274,0.0,0.2559055118110236,0.3858267716535433,0.6086956521739131,0.25,0.427536231884058,0.0,0.2559055118110236,0.5118110236220472,0.6086956521739131,0.25,0.43478260869565216,1,0,9.0,0.391304347826087,partial_assembly,1.0,4,5,5,17.463737726198687,20.59895628794788,18.4831599122569,5,4,5944,0,45.15977430343628,41.0418803691864,3.9780361652374268,23,552,4.166666666666666,16
140726_194805_agentic,"Agentic Evaluation (Yeast, esm_small, r20)",Yeast,20,30,126,15,10-19,1,1,0.0,0.5555555555555556,,0.14285714285714285,0.13333333333333333,0.12380952380952381,0.0,0.8333333333333334,0.6825396825396826,0.6428571428571429,0.4,0.7523809523809524,0.0,0.8333333333333334,0.6825396825396826,0.6428571428571429,0.4,0.7523809523809524,0.0,0.8333333333333334,0.6825396825396826,0.6428571428571429,0.4,0.7523809523809524,1.0,1.0,1.0,1.0,1.0,1.0,1,0,4.999999999999999,0.3571428571428571,partial_assembly,0.0,6,1,5,16.146329501959574,16.146329501959574,16.146329501959574,1,4,6055,0,37.73164939880371,34.41727137565613,3.1751925945281982,14,210,6.666666666666667,11
140726_194805_agentic,"Agentic Evaluation (Yeast, esm_small, r20)",Yeast,20,31,113,7,5-9,1,1,0.0,0.7522123893805309,,0.16666666666666666,0.2857142857142857,0.14285714285714285,0.0,0.8141592920353983,0.6283185840707964,0.5,0.42857142857142855,-0.047619047619047616,1.0,1.0,1.0,1.0,1.0,1.0,1.0,1.0,1.0,1.0,1.0,1.0,1.0,1.0,1.0,1.0,1.0,1.0,1,0,0.0,0.0,exact,0.8571428571428571,7,2,5,17.536836103121097,20.86325898873892,17.536836103121097,3,4,5817,0,30.43823742866516,27.586139678955078,2.702321767807007,6,42,14.285714285714285,4
140726_194805_agentic,"Agentic Evaluation (Yeast, esm_small, r20)",Yeast,20,32,182,12,10-19,1,1,0.0,0.29120879120879123,,0.09090909090909091,0.16666666666666666,0.24242424242424243,0.0,0.9230769230769231,0.8461538461538461,0.8181818181818182,0.75,0.7272727272727273,1.0,1.0,1.0,1.0,1.0,1.0,1.0,1.0,1.0,1.0,1.0,1.0,1.0,1.0,1.0,1.0,1.0,1.0,1,0,0.0,0.0,exact,1.0,4,2,5,11.644923607560113,11.980153020183584,11.644923607560113,4,4,6005,0,38.2120201587677,34.61152172088623,3.455050230026245,11,132,8.333333333333332,8
140726_194805_agentic,"Agentic Evaluation (Yeast, esm_small, r20)",Yeast,20,33,741,59,50+,1,1,0.0,0.0,,0.017241379310344827,0.03389830508474576,0.009935710111046173,0.0,0.07152496626180836,0.3657219973009447,0.4827586206896552,0.13559322033898305,0.36060783167738164,0.0,0.001349527665317139,0.19028340080971662,0.4827586206896552,0.13559322033898305,-0.04266510812390415,0.0,0.001349527665317139,0.21727395411605943,0.4827586206896552,0.13559322033898305,-0.11513734658094682,0.0,0.0728744939271255,0.3657219973009447,0.4827586206896552,0.13559322033898305,0.36060783167738164,0,0,29.999999999999996,0.5172413793103448,wrong_start,0.8571428571428571,7,5,5,18.817652882198495,19.057571316148945,18.155102633288156,2,4,5748,0,79.86606121063232,50.403361797332764,29.308290719985962,58,3422,1.694915254237288,48
140726_194805_agentic,"Agentic Evaluation (Yeast, esm_small, r20)",Yeast,20,34,536,35,20-49,1,1,0.0,0.0,,0.058823529411764705,0.05714285714285714,0.1495798319327731,0.0,0.09888059701492537,0.3880597014925373,0.4411764705882353,0.2,0.1495798319327731,0.0,0.09888059701492537,0.41417910447761197,0.5,0.22857142857142856,0.30756302521008405,0.0,0.09888059701492537,0.4552238805970149,0.5588235294117647,0.22857142857142856,0.2773109243697479,0.0,0.09888059701492537,0.4552238805970149,0.5588235294117647,0.22857142857142856,0.4084033613445378,1,0,15.0,0.4411764705882353,partial_assembly,0.8888888888888888,9,5,5,17.926928740698642,21.9333309015442,19.197007687721115,2,4,6067,0,60.692970991134644,47.86629843711853,12.681710720062256,34,1190,2.857142857142857,22
140726_194805_agentic,"Agentic Evaluation (Yeast, esm_small, r20)",Yeast,20,35,400,30,20-49,1,1,0.0,0.0,,0.0,0.03333333333333333,0.22298850574712645,0.0,0.11,0.32499999999999996,0.41379310344827586,0.16666666666666666,0.22298850574712645,0.0,0.11,0.29000000000000004,0.4482758620689655,0.16666666666666666,0.07126436781609195,0.0,0.11,0.3075,0.6206896551724138,0.23333333333333334,0.3103448275862069,0.0,0.11,0.35,0.6206896551724138,0.23333333333333334,0.3839080459770115,1,0,11.0,0.3793103448275862,partial_assembly,1.0,9,5,5,16.782725046852565,20.625117050874344,18.36041357035174,4,4,6177,0,50.98423457145691,42.55707311630249,8.291552543640137,29,870,3.3333333333333335,20
140726_194805_agentic,"Agentic Evaluation (Yeast, esm_small, r20)",Yeast,20,36,193,12,10-19,1,1,0.0,0.26424870466321243,,0.0,0.08333333333333333,-0.45454545454545453,0.0,0.694300518134715,0.4145077720207254,0.6363636363636364,0.4166666666666667,0.696969696969697,0.0,0.694300518134715,0.4145077720207254,0.6363636363636364,0.4166666666666667,0.696969696969697,0.0,0.694300518134715,0.4145077720207254,0.6363636363636364,0.4166666666666667,0.696969696969697,1.0,1.0,1.0,1.0,1.0,1.0,1,0,4.0,0.36363636363636365,partial_assembly,0.0,7,1,5,16.130438018794536,16.130438018794536,16.130438018794536,1,4,5717,0,34.61111783981323,31.558467149734497,2.914024829864502,11,132,8.333333333333332,8
140726_194805_agentic,"Agentic Evaluation (Yeast, esm_small, r20)",Yeast,20,37,238,18,10-19,1,1,0.0,0.18067226890756302,,0.0,0.05555555555555555,0.17647058823529413,0.0,0.3865546218487395,0.5126050420168067,0.47058823529411764,0.2222222222222222,0.43790849673202614,0.0,0.3865546218487395,0.5252100840336135,0.6470588235294118,0.2777777777777778,0.673202614379085,0.0,0.38235294117647056,0.5378151260504201,0.6470588235294118,0.2777777777777778,0.6601307189542484,0.0,0.3865546218487395,0.5378151260504201,0.7058823529411765,0.4444444444444444,0.6601307189542484,1,0,5.999999999999999,0.3529411764705882,partial_assembly,0.7142857142857143,7,2,5,12.345755256242676,18.97789543819618,12.523232837215964,2,4,6006,0,36.56227469444275,32.94255256652832,3.484013319015503,17,306,5.555555555555555,11
140726_194805_agentic,"Agentic Evaluation (Yeast, esm_small, r20)",Yeast,20,38,900,66,50+,1,1,0.0,0.10777777777777778,,0.03076923076923077,0.030303030303030304,0.04055944055944056,0.0,0.15666666666666668,0.34777777777777774,0.5538461538461539,0.15151515151515152,0.3156177156177156,0.0,0.18333333333333332,0.25222222222222224,0.7230769230769231,0.16666666666666666,0.21585081585081586,0.0,0.27666666666666667,0.19666666666666666,0.7538461538461538,0.16666666666666666,0.2,0.0,0.27666666666666667,0.34777777777777774,0.7538461538461538,0.16666666666666666,0.3156177156177156,0,0,16.0,0.24615384615384617,wrong_start,1.0,10,5,5,11.814915396644249,15.822555910886434,12.18518741738698,2,4,6134,0,117.10098576545715,81.57725787162781,35.37798595428467,65,4290,1.5151515151515151,44
140726_194805_agentic,"Agentic Evaluation (Yeast, esm_small, r20)",Yeast,20,39,1276,82,50+,1,1,0.0,0.004702194357366771,,0.012345679012345678,0.024390243902439025,-0.008130081300813009,0.0,0.02586206896551724,0.2594043887147336,0.37037037037037035,0.06097560975609756,0.1550737729599518,0.0,0.018808777429467086,0.24608150470219436,0.3950617283950617,0.06097560975609756,0.1496537187594098,0.0,0.06347962382445141,0.27586206896551724,0.48148148148148145,0.06097560975609756,0.15266485998193316,0.0,0.06347962382445141,0.2946708463949843,0.48148148148148145,0.06097560975609756,0.23697681421258657,1,0,42.00000000000001,0.5185185185185186,partial_assembly,1.0,9,5,5,15.543165758671776,17.772873370220882,16.24253112546347,5,4,6041,0,224.18680834770203,138.01908564567566,86.0006914138794,81,6642,1.2195121951219512,55
140726_194805_agentic,"Agentic Evaluation (Yeast, esm_small, r20)",Yeast,20,40,411,40,20-49,1,1,0.0,0.014598540145985401,,0.10256410256410256,0.05,0.14102564102564102,0.0,0.18004866180048662,0.26520681265206814,0.3333333333333333,0.075,0.13333333333333333,0.0,0.12652068126520682,0.2749391727493917,0.38461538461538464,0.075,-0.005128205128205128,0.0,0.19951338199513383,0.3236009732360098,0.41025641025641024,0.125,0.18717948717948718,0.0,0.20194647201946472,0.3236009732360098,0.4358974358974359,0.125,0.18717948717948718,1,0,23.0,0.5897435897435898,partial_assembly,0.5714285714285714,7,3,5,16.1478391177541,17.889278254750536,16.446558865291188,4,4,5644,0,60.01475715637207,46.585676193237305,13.265588998794556,39,1560,2.5,32
140726_194805_agentic,"Agentic Evaluation (Yeast, esm_small, r20)",Yeast,20,41,109,11,10-19,1,1,0.0,0.7247706422018348,,0.1,0.18181818181818182,0.38181818181818183,0.0,0.8990825688073395,0.7981651376146789,0.6,0.45454545454545453,0.7090909090909091,1.0,1.0,1.0,1.0,1.0,1.0,1.0,1.0,1.0,1.0,1.0,1.0,1.0,1.0,1.0,1.0,1.0,1.0,1,1,0.0,0.0,exact,1.0,4,2,5,13.318062683180834,14.618814490795211,13.318062683180834,2,4,6151,0,39.618149757385254,36.19477725028992,3.273303270339966,10,110,9.090909090909092,9
140726_194805_agentic,"Agentic Evaluation (Yeast, esm_small, r20)",Yeast,20,42,279,24,20-49,1,1,0.0,0.043010752688172046,,0.08695652173913043,0.08333333333333333,-0.014492753623188406,0.0,0.18996415770609318,0.4838709677419355,0.5652173913043478,0.25,0.36231884057971014,0.0,0.13978494623655913,0.5412186379928315,0.6521739130434783,0.2916666666666667,0.2028985507246377,0.0,0.13978494623655913,0.44802867383512546,0.6521739130434783,0.2916666666666667,0.21014492753623187,0.0,0.18996415770609318,0.5089605734767024,0.6521739130434783,0.2916666666666667,0.36231884057971014,1,0,8.0,0.34782608695652173,partial_assembly,1.0,7,5,5,15.08308444369543,17.732868875373157,15.48301644968868,5,4,6038,0,49.78245949745178,44.248204946517944,5.353180885314941,23,552,4.166666666666666,15
140726_194805_agentic,"Agentic Evaluation (Yeast, esm_small, r20)",Yeast,20,43,310,28,20-49,1,1,0.0,0.12258064516129032,,0.037037037037037035,0.07142857142857142,0.0,0.0,0.29354838709677417,0.3258064516129032,0.4444444444444444,0.14285714285714285,0.08994708994708994,0.0,0.3709677419354839,0.21935483870967742,0.5925925925925926,0.21428571428571427,0.20105820105820105,0.0,0.5516129032258065,0.34838709677419355,0.6666666666666666,0.35714285714285715,0.24338624338624337,0.0,0.5516129032258065,0.35806451612903223,0.6666666666666666,0.35714285714285715,0.24338624338624337,1,0,9.000000000000002,0.3333333333333334,partial_assembly,1.0,7,3,5,18.724924502684058,21.004922355950825,19.16273954450682,3,4,6088,0,50.91095161437988,45.89331412315369,4.877346038818359,27,756,3.571428571428571,22
140726_194805_agentic,"Agentic Evaluation (Yeast, esm_small, r20)",Yeast,20,44,124,5,5-9,1,1,0.0,0.7338709677419355,,0.0,0.2,0.2,1.0,1.0,1.0,1.0,1.0,1.0,1.0,1.0,1.0,1.0,1.0,1.0,1.0,1.0,1.0,1.0,1.0,1.0,1.0,1.0,1.0,1.0,1.0,1.0,1,0,0.0,0.0,exact,,0,1,5,1.0,1.0,1.0,1,4,5948,0,30.782592058181763,29.213194131851196,1.4334876537322998,4,20,20.0,4
140726_194805_agentic,"Agentic Evaluation (Yeast, esm_small, r20)",Yeast,20,45,184,18,10-19,1,1,0.0,0.4673913043478261,,0.058823529411764705,0.1111111111111111,-0.0196078431372549,0.0,0.4891304347826087,0.22282608695652173,0.4117647058823529,0.2222222222222222,0.17647058823529413,0.0,0.6032608695652174,0.2119565217391305,0.5294117647058824,0.2777777777777778,0.30718954248366015,0.0,0.8206521739130435,0.6413043478260869,0.8235294117647058,0.3333333333333333,0.869281045751634,0.0,0.8206521739130435,0.6413043478260869,0.8235294117647058,0.3333333333333333,0.869281045751634,1,0,3.000000000000001,0.17647058823529416,partial_assembly,1.0,9,4,5,14.259701508138107,19.362250738723308,15.386140195757045,5,4,6385,0,37.58144187927246,33.572752475738525,3.868925094604492,17,306,5.555555555555555,14
140726_194805_agentic,"Agentic Evaluation (Yeast, esm_small, r20)",Yeast,20,46,484,48,20-49,1,1,0.0,0.010330578512396695,,0.02127659574468085,0.041666666666666664,-0.1453900709219858,0.0,0.11570247933884298,0.2727272727272727,0.2978723404255319,0.10416666666666667,0.0975177304964539,0.0,0.10743801652892562,0.2975206611570248,0.48936170212765956,0.14583333333333334,0.2429078014184397,0.0,0.10950413223140495,0.31611570247933884,0.44680851063829785,0.125,0.22872340425531915,0.0,0.11570247933884298,0.3367768595041323,0.48936170212765956,0.14583333333333334,0.22872340425531915,1,0,26.0,0.5531914893617021,partial_assembly,0.8888888888888888,9,2,5,16.273763574365145,19.30322773488888,16.00756249639005,5,4,5830,0,63.78202795982361,45.68927478790283,17.948808670043945,47,2256,2.083333333333333,34
140726_194805_agentic,"Agentic Evaluation (Yeast, esm_small, r20)",Yeast,20,47,50,1,<2,1,1,1.0,1.0,,0.0,1.0,0.0,1.0,1.0,1.0,0.0,1.0,0.0,1.0,1.0,1.0,0.0,1.0,0.0,1.0,1.0,1.0,0.0,1.0,0.0,1.0,1.0,1.0,0.0,1.0,0.0,1,1,,,exact,,0,1,5,,,,1,4,5045,0,22.705923080444336,21.876161575317383,0.68463134765625,0,0,0.0,0
140726_194805_agentic,"Agentic Evaluation (Yeast, esm_small, r20)",Yeast,20,48,683,45,20-49,1,1,0.0,0.013177159590043924,,0.045454545454545456,0.06666666666666667,-0.12121212121212122,0.0,0.01903367496339678,0.30746705710102484,0.5681818181818182,0.15555555555555556,0.05656565656565657,0.0,0.14055636896046853,0.21815519765739388,0.6136363636363636,0.3111111111111111,0.21212121212121213,0.0,0.14055636896046853,0.21815519765739388,0.6363636363636364,0.3111111111111111,0.20404040404040405,0.0,0.2225475841874085,0.31185944363103957,0.6363636363636364,0.3111111111111111,0.22828282828282828,0,0,16.0,0.36363636363636365,wrong_start,0.6666666666666666,9,3,5,17.287530716822715,17.301379057982203,16.242282947384012,3,4,5985,0,66.76335000991821,45.87623620033264,20.738999605178833,0,1980,0.0,34
140726_194805_agentic,"Agentic Evaluation (Yeast, esm_small, r20)",Yeast,20,49,571,23,20-49,1,1,0.0,0.008756567425569177,,0.045454545454545456,0.08695652173913043,-0.09881422924901186,0.0,0.0647985989492119,0.3064798598949212,0.2727272727272727,0.17391304347826086,-0.1383399209486166,0.0,0.09457092819614711,0.4746059544658494,0.5,0.17391304347826086,0.5573122529644269,0.0,0.09457092819614711,0.47110332749562167,0.5454545454545454,0.17391304347826086,0.5652173913043478,0.0,0.30297723292469353,0.553415061295972,0.5454545454545454,0.17391304347826086,0.6284584980237155,1,0,10.0,0.45454545454545453,partial_assembly,1.0,9,3,5,15.778946241542618,22.54725200625498,16.282345816856388,3,4,6050,0,54.866798400878906,47.32289361953735,7.398909568786621,22,506,4.3478260869565215,14
140726_194805_agentic,"Agentic Evaluation (Yeast, esm_small, r20)",Yeast,20,50,180,11,10-19,1,1,0.0,0.4722222222222222,,0.1,0.18181818181818182,-0.01818181818181818,0.0,0.8388888888888889,0.6833333333333333,0.3,0.2727272727272727,0.3090909090909091,0.0,0.8444444444444444,0.6888888888888889,0.7,0.36363636363636365,0.5636363636363636,0.0,0.8444444444444444,0.6888888888888889,0.7,0.36363636363636365,0.5636363636363636,0.0,0.8444444444444444,0.6888888888888889,0.7,0.36363636363636365,0.5636363636363636,1,0,3.0000000000000004,0.30000000000000004,partial_assembly,0.8571428571428571,7,2,5,16.70150171031205,19.661323071184796,16.70150171031205,2,4,5940,0,34.053802251815796,30.05970287322998,3.810667037963867,10,110,9.090909090909092,5
140726_194805_agentic,"Agentic Evaluation (Yeast, esm_small, r20)",Yeast,20,51,462,42,20-49,1,1,0.0,0.004329004329004329,,0.0975609756097561,0.047619047619047616,-0.09639953542392567,0.0,0.33116883116883117,0.3441558441558441,0.4878048780487805,0.14285714285714285,0.2264808362369338,0.0,0.07575757575757576,0.3203463203463204,0.6341463414634146,0.14285714285714285,0.26364692218350755,0.0,0.07575757575757576,0.3571428571428571,0.5853658536585366,0.11904761904761904,0.10801393728222997,0.0,0.33116883116883117,0.38528138528138534,0.6341463414634146,0.14285714285714285,0.305458768873403,1,0,17.0,0.4146341463414634,partial_assembly,0.7,10,2,5,14.199854294713893,15.943625332649946,14.845032081622984,5,4,5775,0,59.56964039802551,44.080748558044434,15.326881408691406,41,1722,2.380952380952381,41
140726_194805_agentic,"Agentic Evaluation (Yeast, esm_small, r20)",Yeast,20,52,678,32,20-49,1,1,0.0,0.0,,0.0967741935483871,0.0625,0.024193548387096774,0.0,0.07817109144542773,0.3200589970501475,0.3870967741935484,0.15625,0.09274193548387097,0.0,0.09587020648967552,0.5427728613569321,0.7096774193548387,0.21875,0.5766129032258065,0.0,0.09587020648967552,0.4690265486725663,0.6451612903225806,0.21875,0.5806451612903226,0.0,0.09587020648967552,0.5162241887905605,0.7096774193548387,0.28125,0.5806451612903226,1,0,11.0,0.3548387096774194,partial_assembly,0.5714285714285714,7,4,5,15.56979649323974,19.86743743319332,15.581669312099331,4,4,6155,0,62.175830125808716,49.555060386657715,12.476011276245117,31,992,3.125,20
140726_194805_agentic,"Agentic Evaluation (Yeast, esm_small, r20)",Yeast,20,53,225,18,10-19,1,1,0.0,0.08444444444444445,,0.11764705882352941,0.16666666666666666,0.0718954248366013,0.0,0.16444444444444445,0.28888888888888886,0.5294117647058824,0.3888888888888889,0.5555555555555556,0.0,0.8355555555555556,0.8133333333333334,0.5882352941176471,0.3888888888888889,0.5424836601307189,0.0,0.7733333333333333,0.7377777777777778,0.5294117647058824,0.2777777777777778,0.5555555555555556,0.0,0.8355555555555556,0.8133333333333334,0.5882352941176471,0.3888888888888889,0.5555555555555556,1,0,8.0,0.47058823529411764,partial_assembly,0.5,6,3,5,13.542453706593555,16.49958282626892,13.657121991944006,5,4,5906,0,36.89973211288452,30.61296558380127,6.138112545013428,17,306,5.555555555555555,12
140726_194805_agentic,"Agentic Evaluation (Yeast, esm_small, r20)",Yeast,20,54,261,16,10-19,1,1,0.0,0.38697318007662834,,0.2,0.1875,-0.18333333333333332,0.0,0.25287356321839083,0.3716475095785441,0.7333333333333333,0.5,-0.18333333333333332,0.0,0.25287356321839083,0.3639846743295019,0.8,0.5,-0.1,0.0,0.25287356321839083,0.26436781609195403,0.7333333333333333,0.5,-0.016666666666666666,0.0,0.25287356321839083,0.3716475095785441,0.8,0.5,-0.016666666666666666,1,0,4.000000000000001,0.2666666666666667,partial_assembly,0.3333333333333333,6,3,5,14.745251928276282,15.44396372093529,14.629583487837994,2,4,5726,0,36.04770278930664,33.024210691452026,2.853534460067749,0,240,0.0,11
140726_194805_agentic,"Agentic Evaluation (Yeast, esm_small, r20)",Yeast,20,55,386,24,20-49,1,1,0.0,0.0051813471502590676,,0.043478260869565216,0.08333333333333333,0.07246376811594203,0.0,0.21502590673575128,0.42227979274611394,0.43478260869565216,0.20833333333333334,0.2898550724637681,0.0,0.34974093264248707,0.689119170984456,0.6956521739130435,0.375,0.4420289855072464,0.0,0.11398963730569948,0.47927461139896377,0.5652173913043478,0.20833333333333334,0.2608695652173913,0.0,0.21502590673575128,0.6398963730569949,0.6086956521739131,0.20833333333333334,0.39855072463768115,1,0,10.000000000000002,0.4347826086956523,partial_assembly,0.8888888888888888,9,4,5,11.181990687125449,16.16485584741177,11.283359228032902,2,4,5944,0,37.316720485687256,32.52249550819397,4.627224683761597,0,552,0.0,11
140726_194805_agentic,"Agentic Evaluation (Yeast, esm_small, r20)",Yeast,20,56,125,6,5-9,1,1,0.0,0.792,,0.0,0.16666666666666666,0.06666666666666667,1.0,1.0,1.0,1.0,1.0,1.0,1.0,1.0,1.0,1.0,1.0,1.0,1.0,1.0,1.0,1.0,1.0,1.0,1.0,1.0,1.0,1.0,1.0,1.0,1,0,0.0,0.0,exact,,0,1,5,1.0,1.0,1.0,1,4,6202,0,35.547194480895996,33.607717752456665,1.7780160903930664,5,30,16.666666666666664,5
140726_194805_agentic,"Agentic Evaluation (Yeast, esm_small, r20)",Yeast,20,57,490,49,20-49,1,1,0.0,0.0,,0.020833333333333332,0.04081632653061224,0.04081632653061224,0.0,0.0836734693877551,0.3163265306122449,0.4166666666666667,0.12244897959183673,0.24489795918367346,0.0,0.07551020408163266,0.35510204081632657,0.5416666666666666,0.2653061224489796,0.17006802721088435,0.0,0.07551020408163266,0.36734693877551017,0.5208333333333334,0.20408163265306123,0.07993197278911565,0.0,0.0836734693877551,0.38367346938775515,0.5416666666666666,0.2653061224489796,0.24489795918367346,1,0,23.0,0.4791666666666667,partial_assembly,0.6,10,5,5,18.31441098274169,21.850424493617574,19.02461947221864,2,4,5719,0,79.98899221420288,63.55404281616211,16.28692102432251,48,2352,2.0408163265306123,39
140726_194805_agentic,"Agentic Evaluation (Yeast, esm_small, r20)",Yeast,20,58,316,14,10-19,1,1,0.0,0.0,,0.15384615384615385,0.14285714285714285,0.0989010989010989,0.0,0.31329113924050633,0.47468354430379744,0.46153846153846156,0.42857142857142855,0.6263736263736264,0.0,0.31329113924050633,0.8227848101265822,0.7692307692307693,0.42857142857142855,0.8681318681318682,0.0,0.31329113924050633,0.6487341772151899,0.6923076923076923,0.42857142857142855,0.7142857142857143,0.0,0.7721518987341772,0.8481012658227848,0.7692307692307693,0.7857142857142857,0.978021978021978,1,0,4.0,0.3076923076923077,partial_assembly,0.5714285714285714,7,4,5,19.19292094169926,21.419531272193694,19.678506865790286,2,4,6040,0,34.433982372283936,30.227909803390503,4.05407190322876,13,182,7.142857142857142,10
140726_194805_agentic,"Agentic Evaluation (Yeast, esm_small, r20)",Yeast,20,59,383,27,20-49,1,1,0.0,0.0,,0.0,0.037037037037037035,-0.1452991452991453,0.0,0.018276762402088774,0.2898172323759791,0.2692307692307692,0.1111111111111111,-0.1737891737891738,0.0,0.018276762402088774,0.402088772845953,0.2692307692307692,0.14814814814814814,0.1339031339031339,0.0,0.018276762402088774,0.21932114882506526,0.5,0.18518518518518517,-0.1623931623931624,0.0,0.018276762402088774,0.2898172323759791,0.5,0.18518518518518517,-0.05982905982905983,1,0,13.0,0.5,partial_assembly,0.8888888888888888,9,5,5,19.35474679658599,23.843006759132642,21.952887424469196,5,4,5977,0,51.643192529678345,43.06392216682434,8.441073179244995,0,702,0.0,14
140726_194805_agentic,"Agentic Evaluation (Yeast, esm_small, r20)",Yeast,20,60,102,8,5-9,1,1,0.0,0.6078431372549019,,0.14285714285714285,0.25,0.14285714285714285,0.0,0.9901960784313726,0.9803921568627451,0.7142857142857143,0.5,0.7857142857142857,1.0,1.0,1.0,1.0,1.0,1.0,1.0,1.0,1.0,1.0,1.0,1.0,1.0,1.0,1.0,1.0,1.0,1.0,1,0,0.0,0.0,exact,1.0,4,2,5,15.033698479891491,18.01566031737346,15.033698479891491,2,4,6188,0,34.35200381278992,31.832902908325195,2.3741064071655273,0,56,0.0,6
140726_194805_agentic,"Agentic Evaluation (Yeast, esm_small, r20)",Yeast,20,61,612,39,20-49,1,1,0.0,0.011437908496732025,,0.02631578947368421,0.05128205128205128,0.03913630229419703,0.0,0.0457516339869281,0.2941176470588235,0.5526315789473685,0.20512820512820512,0.19298245614035087,0.0,0.0392156862745098,0.27941176470588236,0.7894736842105263,0.3333333333333333,-0.1767881241565452,0.0,0.0392156862745098,0.3055555555555556,0.8157894736842105,0.3333333333333333,-0.18758434547908232,0.0,0.0457516339869281,0.3055555555555556,0.8157894736842105,0.3333333333333333,0.19298245614035087,1,0,7.000000000000001,0.1842105263157895,partial_assembly,1.0,9,3,5,14.511655018785563,17.582848418256027,14.900611883595445,3,4,5735,0,72.41386818885803,57.46592998504639,14.794363498687744,38,1482,2.564102564102564,29
140726_194805_agentic,"Agentic Evaluation (Yeast, esm_small, r20)",Yeast,20,62,312,19,10-19,1,1,0.0,0.00641025641025641,,0.05555555555555555,0.10526315789473684,-0.08771929824561403,0.0,0.3974358974358974,0.5416666666666667,0.5,0.21052631578947367,0.2631578947368421,0.0,0.33653846153846156,0.3878205128205128,0.5,0.21052631578947367,-0.029239766081871343,0.0,0.4391025641025641,0.5576923076923077,0.7777777777777778,0.5263157894736842,0.49707602339181284,0.0,0.44871794871794873,0.5576923076923077,0.8333333333333334,0.5263157894736842,0.5321637426900585,1,0,4.0,0.2222222222222222,partial_assembly,0.5714285714285714,7,2,5,17.781355474734053,22.12001112977677,20.886364167368217,4,4,6112,0,36.800379276275635,33.595552921295166,3.056109666824341,18,342,5.263157894736842,12
140726_194805_agentic,"Agentic Evaluation (Yeast, esm_small, r20)",Yeast,20,63,842,53,50+,1,1,0.0,0.011876484560570071,,0.057692307692307696,0.03773584905660377,-0.06821480406386067,0.0,0.11757719714964371,0.33966745843230406,0.4230769230769231,0.16981132075471697,0.37735849056603776,0.0,0.1342042755344418,0.30760095011876487,0.5961538461538461,0.16981132075471697,0.45718432510885343,0.0,0.0855106888361045,0.2660332541567696,0.5961538461538461,0.16981132075471697,0.4528301886792453,0.0,0.13539192399049882,0.33966745843230406,0.5961538461538461,0.16981132075471697,0.45863570391872277,1,0,21.0,0.40384615384615385,partial_assembly,1.0,7,4,5,14.804164866769572,18.302914358859436,14.30617733216267,2,4,5850,0,121.23321652412415,95.27483797073364,25.814462184906006,52,2756,1.8867924528301887,39
140726_194805_agentic,"Agentic Evaluation (Yeast, esm_small, r20)",Yeast,20,64,978,78,50+,1,1,0.0,0.014314928425357873,,0.0,0.01282051282051282,0.03363303363303363,0.0,0.09406952965235174,0.2842535787321063,0.4155844155844156,0.10256410256410256,0.14285714285714285,0.0,0.03987730061349693,0.254601226993865,0.5714285714285714,0.10256410256410256,0.10822510822510822,0.0,0.03783231083844581,0.3210633946830266,0.5844155844155844,0.10256410256410256,0.12087912087912088,0.0,0.09406952965235174,0.3210633946830266,0.5974025974025974,0.10256410256410256,0.14285714285714285,1,0,32.0,0.4155844155844156,partial_assembly,0.8,10,5,5,16.350711133108483,18.503386187300954,17.209289160614244,5,4,5764,0,178.62542271614075,125.03466725349426,53.40526103973389,77,6006,1.282051282051282,69
140726_194805_agentic,"Agentic Evaluation (Yeast, esm_small, r20)",Yeast,20,65,320,31,20-49,1,1,0.0,0.034375,,0.0,0.03225806451612903,0.35053763440860214,0.0,0.196875,0.321875,0.5333333333333333,0.16129032258064516,0.42795698924731185,0.0,0.065625,0.3125,0.5333333333333333,0.16129032258064516,0.23870967741935484,0.0,0.38125,0.26249999999999996,0.5666666666666667,0.16129032258064516,0.33763440860215055,0.0,0.38125,0.36250000000000004,0.6,0.22580645161290322,0.43655913978494626,1,0,13.0,0.43333333333333335,partial_assembly,0.6666666666666666,9,2,5,17.553344274730858,20.366983036527145,17.744886640202154,2,4,5832,0,56.31729698181152,46.63731360435486,9.52167534828186,30,930,3.225806451612903,20
140726_194805_agentic,"Agentic Evaluation (Yeast, esm_small, r20)",Yeast,20,66,1063,72,50+,1,1,0.0,0.0028222013170272815,,0.014084507042253521,0.027777777777777776,-0.01564945226917058,0.0,0.23142050799623706,0.3066792097836313,0.39436619718309857,0.06944444444444445,0.3755868544600939,0.0,0.23047977422389465,0.3029162746942615,0.43661971830985913,0.06944444444444445,0.29264475743348983,0.0,0.11006585136406397,0.35653809971777983,0.49295774647887325,0.06944444444444445,0.30672926447574334,0.0,0.23142050799623706,0.35653809971777983,0.49295774647887325,0.06944444444444445,0.3755868544600939,1,0,36.0,0.5070422535211268,partial_assembly,1.0,9,4,5,14.86769152676861,16.637811000901,15.921893063464879,2,4,5684,0,156.57339572906494,131.50080943107605,24.915613174438477,71,5112,1.3888888888888888,48
140726_194805_agentic,"Agentic Evaluation (Yeast, esm_small, r20)",Yeast,20,67,560,50,50+,1,1,0.0,0.0,,0.0,0.02,0.03510204081632653,0.0,0.02857142857142857,0.3928571428571429,0.32653061224489793,0.1,0.20326530612244897,0.0,0.0017857142857142857,0.24821428571428572,0.40816326530612246,0.18,0.09061224489795919,0.0,0.02857142857142857,0.23035714285714282,0.46938775510204084,0.14,0.24571428571428572,0.0,0.02857142857142857,0.3928571428571429,0.5102040816326531,0.24,0.2702040816326531,1,0,25.999999999999996,0.5306122448979591,partial_assembly,0.5555555555555556,9,2,5,18.35248178353436,21.58711794620189,19.421494456612635,5,4,5854,0,73.03970456123352,51.63578963279724,21.258424758911133,49,2450,2.0,34
140726_194805_agentic,"Agentic Evaluation (Yeast, esm_small, r20)",Yeast,20,68,525,38,20-49,1,1,0.0,0.09523809523809523,,0.05405405405405406,0.05263157894736842,0.015647226173541962,0.0,0.21904761904761905,0.48190476190476195,0.3783783783783784,0.18421052631578946,0.3485064011379801,0.0,0.21142857142857144,0.43999999999999995,0.32432432432432434,0.18421052631578946,0.3485064011379801,0.0,0.21523809523809523,0.4228571428571428,0.5675675675675675,0.2631578947368421,0.47652916073968704,0.0,0.21904761904761905,0.48190476190476195,0.5945945945945946,0.2631578947368421,0.5903271692745377,1,0,16.0,0.43243243243243246,partial_assembly,0.7777777777777778,9,3,5,17.169900492434632,19.952349406574715,19.62817833622488,3,4,6094,0,59.198453187942505,45.75550675392151,13.28168249130249,37,1406,2.631578947368421,29
140726_194805_agentic,"Agentic Evaluation (Yeast, esm_small, r20)",Yeast,20,69,480,28,20-49,1,1,0.0,0.07916666666666666,,0.07407407407407407,0.07142857142857142,0.15343915343915343,0.0,0.3458333333333333,0.3729166666666667,0.6296296296296297,0.21428571428571427,0.1746031746031746,0.0,0.35208333333333336,0.4770833333333333,0.7037037037037037,0.2857142857142857,0.41798941798941797,0.0,0.3458333333333333,0.3729166666666667,0.6296296296296297,0.21428571428571427,0.1746031746031746,0.0,0.35208333333333336,0.49583333333333335,0.7037037037037037,0.25,0.4021164021164021,1,0,10.0,0.37037037037037035,partial_assembly,0.5555555555555556,9,1,5,17.62583400319298,17.62583400319298,17.473966809834725,2,4,5878,0,39.10288667678833,29.73639178276062,9.209774255752563,27,756,3.571428571428571,22
140726_194805_agentic,"Agentic Evaluation (Yeast, esm_small, r20)",Yeast,20,70,107,8,5-9,1,1,0.0,0.6635514018691588,,0.0,0.125,0.07142857142857142,1.0,1.0,1.0,1.0,1.0,1.0,1.0,1.0,1.0,1.0,1.0,1.0,1.0,1.0,1.0,1.0,1.0,1.0,1.0,1.0,1.0,1.0,1.0,1.0,1,0,0.0,0.0,exact,,0,1,5,11.424710734985169,11.424710734985169,11.424710734985169,1,4,6444,0,32.73604416847229,29.67551279067993,2.914721727371216,7,56,12.5,6
140726_194805_agentic,"Agentic Evaluation (Yeast, esm_small, r20)",Yeast,20,71,111,9,5-9,1,1,0.0,0.5765765765765766,,0.125,0.2222222222222222,-0.2777777777777778,0.0,0.7747747747747747,0.5495495495495495,0.75,0.4444444444444444,0.7777777777777778,0.0,0.8918918918918919,0.7837837837837838,0.625,0.4444444444444444,0.8888888888888888,0.0,0.8918918918918919,0.7837837837837838,0.625,0.4444444444444444,0.8888888888888888,1.0,1.0,1.0,1.0,1.0,1.0,1,1,3.0,0.375,partial_assembly,0.25,8,2,5,19.747098325474077,27.29323451766644,19.747098325474077,2,4,6272,0,32.478851079940796,30.308947324752808,2.0247387886047363,8,72,11.11111111111111,7
140726_194805_agentic,"Agentic Evaluation (Yeast, esm_small, r20)",Yeast,20,72,203,7,5-9,1,1,0.0,0.09852216748768473,,0.16666666666666666,0.2857142857142857,0.6190476190476191,0.0,0.8571428571428571,0.7142857142857143,0.6666666666666666,0.5714285714285714,0.8095238095238095,1.0,1.0,1.0,1.0,1.0,1.0,1.0,1.0,1.0,1.0,1.0,1.0,1.0,1.0,1.0,1.0,1.0,1.0,1,1,0.0,0.0,exact,1.0,4,2,5,8.193860956477176,12.141203698480103,8.193860956477176,2,4,6234,0,33.922762393951416,30.264617443084717,3.5002310276031494,6,42,14.285714285714285,4
140726_194805_agentic,"Agentic Evaluation (Yeast, esm_small, r20)",Yeast,20,73,30,4,2-4,1,1,0.0,0.7666666666666667,,0.0,0.25,0.3333333333333333,1.0,1.0,1.0,1.0,1.0,1.0,1.0,1.0,1.0,1.0,1.0,1.0,1.0,1.0,1.0,1.0,1.0,1.0,1.0,1.0,1.0,1.0,1.0,1.0,1,0,0.0,0.0,exact,,0,1,5,17.12033463083888,17.12033463083888,17.12033463083888,1,4,5907,0,29.285999298095703,26.57996678352356,2.5456442832946777,3,12,25.0,3
140726_194805_agentic,"Agentic Evaluation (Yeast, esm_small, r20)",Yeast,20,74,620,55,50+,1,1,0.0,0.043548387096774194,,0.037037037037037035,0.03636363636363636,0.07744107744107744,0.0,0.0967741935483871,0.282258064516129,0.4074074074074074,0.2,0.019528619528619527,0.0,0.09838709677419355,0.3951612903225806,0.5740740740740741,0.14545454545454545,0.3441077441077441,0.0,0.09838709677419355,0.3951612903225806,0.6296296296296297,0.14545454545454545,0.3575757575757576,0.0,0.2161290322580645,0.3951612903225806,0.6296296296296297,0.2,0.40875420875420876,1,0,20.0,0.37037037037037035,partial_assembly,1.0,9,5,5,15.80922003296522,19.96357520250928,16.884407763697634,5,4,6073,0,89.61465811729431,61.80773115158081,27.661560535430908,54,2970,1.8181818181818181,38
140726_194805_agentic,"Agentic Evaluation (Yeast, esm_small, r20)",Yeast,20,75,109,9,5-9,1,1,0.0,0.8440366972477065,,0.0,0.1111111111111111,0.0,1.0,1.0,1.0,1.0,1.0,1.0,1.0,1.0,1.0,1.0,1.0,1.0,1.0,1.0,1.0,1.0,1.0,1.0,1.0,1.0,1.0,1.0,1.0,1.0,1,0,0.0,0.0,exact,,0,1,5,26.270348638584604,26.270348638584604,26.270348638584604,1,4,5932,0,27.94405961036682,24.979430675506592,2.7944912910461426,0,72,0.0,8
140726_194805_agentic,"Agentic Evaluation (Yeast, esm_small, r20)",Yeast,20,76,373,24,20-49,1,1,0.0,0.0,,0.043478260869565216,0.08333333333333333,0.021739130434782608,0.0,0.24932975871313673,0.4557640750670241,0.6521739130434783,0.2916666666666667,0.6521739130434783,0.0,0.48525469168900803,0.7453083109919572,0.7391304347826086,0.5,0.927536231884058,0.0,0.09115281501340483,0.4959785522788204,0.4782608695652174,0.16666666666666666,0.5652173913043478,0.0,0.46112600536193027,0.710455764075067,0.6956521739130435,0.4583333333333333,0.8478260869565217,1,0,12.0,0.5217391304347826,partial_assembly,0.2222222222222222,9,3,5,19.333609231773504,21.33181474598969,19.791765915703188,3,4,5743,0,44.113651752471924,36.39557480812073,7.554117679595947,23,552,4.166666666666666,18
140726_194805_agentic,"Agentic Evaluation (Yeast, esm_small, r20)",Yeast,20,77,532,34,20-49,1,1,0.0,0.14097744360902256,,0.0,0.029411764705882353,0.0338680926916221,0.0,0.05451127819548872,0.31390977443609025,0.5151515151515151,0.14705882352941177,0.34402852049910876,0.0,0.05639097744360902,0.3665413533834586,0.48484848484848486,0.17647058823529413,0.3511586452762923,0.0,0.11090225563909774,0.5545112781954887,0.5757575757575758,0.17647058823529413,0.3511586452762923,0.0,0.11278195488721804,0.6015037593984962,0.6363636363636364,0.3235294117647059,0.4474153297682709,1,0,13.999999999999998,0.4242424242424242,partial_assembly,0.6666666666666666,9,3,5,16.67089553331612,19.198089323732926,17.492796330926172,5,4,6243,0,63.37233257293701,52.36209201812744,10.845576286315918,33,1122,2.941176470588235,22
140726_194805_agentic,"Agentic Evaluation (Yeast, esm_small, r20)",Yeast,20,78,3144,200,50+,1,1,0.0,0.02989821882951654,,0.010050251256281407,0.01,0.09366834170854271,0.0,0.045483460559796435,0.22201017811704837,0.3065326633165829,0.03,0.14773869346733667,0.0,0.045165394402035625,0.2048346055979644,0.3316582914572864,0.04,0.05497487437185929,0.0,0.055025445292620864,0.19688295165394398,0.4120603015075377,0.04,0.06663316582914573,0.0,0.06647582697201018,0.22201017811704837,0.4120603015075377,0.04,0.14773869346733667,0,0,117.0,0.5879396984924623,wrong_start,0.9,10,5,5,18.837542080693698,20.960375119508296,19.678850846247258,5,4,6070,0,1701.9626286029816,1235.2620911598206,466.493284702301,199,39800,0.5,134
140726_194805_agentic,"Agentic Evaluation (Yeast, esm_small, r20)",Yeast,20,79,347,25,20-49,1,1,0.0,0.008645533141210375,,0.08333333333333333,0.08,-0.12666666666666668,0.0,0.15273775216138327,0.3688760806916427,0.375,0.16,-0.12,0.0,0.15273775216138327,0.3688760806916427,0.375,0.16,-0.12,0.0,0.15273775216138327,0.3688760806916427,0.375,0.16,-0.12,0.0,0.15561959654178675,0.41498559077809793,0.5,0.16,0.38,1,0,15.0,0.625,partial_assembly,0.3333333333333333,9,1,5,16.433497811416057,16.433497811416057,16.433497811416057,1,4,5875,0,38.6020348072052,32.824082136154175,5.623650550842285,24,600,4.0,14
140726_194805_agentic,"Agentic Evaluation (Yeast, esm_small, r20)",Yeast,20,80,437,35,20-49,1,1,0.0,0.16247139588100687,,0.0,0.02857142857142857,0.17647058823529413,0.0,0.16475972540045766,0.5102974828375286,0.5,0.14285714285714285,0.052100840336134456,0.0,0.5995423340961098,0.5423340961098397,0.6470588235294118,0.2857142857142857,0.3949579831932773,0.0,0.5995423340961098,0.5377574370709381,0.6176470588235294,0.2857142857142857,0.35798319327731093,0.0,0.6018306636155606,0.5789473684210527,0.6176470588235294,0.2857142857142857,0.4857142857142857,1,0,13.0,0.38235294117647056,partial_assembly,0.75,4,2,5,15.57791998719128,16.843528867768917,16.007240933973918,5,4,5948,0,59.69534635543823,47.75927186012268,11.775656461715698,34,1190,2.857142857142857,25
140726_194805_agentic,"Agentic Evaluation (Yeast, esm_small, r20)",Yeast,20,81,440,21,20-49,1,1,0.0,0.325,,0.0,0.047619047619047616,0.13333333333333333,0.0,0.5681818181818182,0.7522727272727272,0.55,0.23809523809523808,0.3904761904761905,0.0,0.5886363636363636,0.7522727272727272,0.65,0.23809523809523808,0.5523809523809524,0.0,0.825,0.9727272727272728,0.85,0.6666666666666666,0.9523809523809523,0.0,0.8272727272727273,0.9727272727272728,0.85,0.6666666666666666,0.9523809523809523,1,0,3.0000000000000004,0.15000000000000002,partial_assembly,1.0,4,2,5,16.666845390366184,19.402935335049076,17.690563830027887,2,4,6140,0,42.91230654716492,38.71012210845947,4.044374465942383,20,420,4.761904761904762,15
140726_194805_agentic,"Agentic Evaluation (Yeast, esm_small, r20)",Yeast,20,82,204,10,10-19,1,1,0.0,0.6421568627450981,,0.0,0.1,-0.06666666666666667,1.0,1.0,1.0,1.0,1.0,1.0,0.0,0.6127450980392157,0.4607843137254902,0.6666666666666666,0.7,0.6888888888888889,0.0,0.6127450980392157,0.4607843137254902,0.6666666666666666,0.7,0.6888888888888889,1.0,1.0,1.0,1.0,1.0,1.0,1,0,3.0000000000000004,0.33333333333333337,partial_assembly,0.0,6,2,5,13.045916422147352,14.029215419975197,13.045916422147352,3,4,5797,0,33.22583627700806,30.0496027469635,3.010862350463867,9,90,10.0,6
140726_194805_agentic,"Agentic Evaluation (Yeast, esm_small, r20)",Yeast,20,83,306,25,20-49,1,1,0.0,0.08496732026143791,,0.041666666666666664,0.08,-0.07333333333333333,0.0,0.1437908496732026,0.25163398692810457,0.5833333333333334,0.16,0.07333333333333333,0.0,0.14705882352941177,0.3594771241830066,0.6666666666666666,0.24,0.29333333333333333,0.0,0.14705882352941177,0.3594771241830066,0.6666666666666666,0.24,0.29333333333333333,0.0,0.14705882352941177,0.3594771241830066,0.6666666666666666,0.24,0.35333333333333333,1,0,8.0,0.3333333333333333,partial_assembly,0.7142857142857143,7,5,5,16.153504572753288,19.047619422478935,16.153504572753288,3,4,5946,0,39.378843545913696,32.95758271217346,6.228010654449463,24,600,4.0,17
140726_194805_agentic,"Agentic Evaluation (Yeast, esm_small, r20)",Yeast,20,84,437,36,20-49,1,1,0.0,0.057208237986270026,,0.02857142857142857,0.05555555555555555,-0.022222222222222223,0.0,0.18993135011441648,0.4851258581235698,0.5428571428571428,0.2777777777777778,0.28253968253968254,0.0,0.09382151029748284,0.46910755148741423,0.6571428571428571,0.2777777777777778,0.3396825396825397,0.0,0.6178489702517163,0.6750572082379862,0.8571428571428571,0.5555555555555556,0.8603174603174604,0.0,0.6224256292906178,0.6750572082379862,0.8571428571428571,0.5555555555555556,0.8634920634920635,1,0,5.000000000000002,0.1428571428571429,partial_assembly,0.8888888888888888,9,2,5,17.184429272787764,20.99995622590283,16.505201409725718,2,4,5864,0,56.30290341377258,47.72782373428345,8.431158304214478,35,1260,2.7777777777777777,30
140726_194805_agentic,"Agentic Evaluation (Yeast, esm_small, r20)",Yeast,20,85,312,16,10-19,1,1,0.0,0.01282051282051282,,0.06666666666666667,0.125,-0.06666666666666667,0.0,0.3685897435897436,0.47115384615384615,0.6,0.3125,0.03333333333333333,0.0,0.5384615384615384,0.47115384615384615,0.6666666666666666,0.4375,0.11666666666666667,0.0,0.5544871794871795,0.6217948717948718,0.6666666666666666,0.5,0.5666666666666667,0.0,0.5544871794871795,0.782051282051282,0.6666666666666666,0.5,0.8833333333333333,1,0,5.000000000000001,0.33333333333333337,partial_assembly,0.875,8,3,5,17.63159888096022,21.707143131210646,19.567200428625537,3,4,5828,0,41.25956869125366,36.386340379714966,4.713277101516724,15,240,6.25,9
140726_194805_agentic,"Agentic Evaluation (Yeast, esm_small, r20)",Yeast,20,86,117,10,10-19,1,1,0.0,0.7863247863247863,,0.4444444444444444,0.3,0.6444444444444445,0.0,0.811965811965812,0.6752136752136753,0.4444444444444444,0.4,0.5555555555555556,0.0,0.8632478632478633,0.7264957264957265,0.7777777777777778,0.5,0.7777777777777778,0.0,0.8632478632478633,0.7264957264957265,0.7777777777777778,0.5,0.7777777777777778,0.0,0.8632478632478633,0.7264957264957265,0.7777777777777778,0.5,0.7777777777777778,1,1,2.0,0.2222222222222222,local_transposition,1.0,4,2,5,16.103632482319444,22.5809084445002,16.103632482319444,2,4,6099,0,37.24129128456116,33.50202178955078,3.5671908855438232,0,90,0.0,6
140726_194805_agentic,"Agentic Evaluation (Yeast, esm_small, r20)",Yeast,20,87,111,8,5-9,1,1,0.0,0.46846846846846846,,0.14285714285714285,0.25,0.07142857142857142,0.0,0.8108108108108109,0.6486486486486487,0.2857142857142857,0.375,0.42857142857142855,0.0,0.7927927927927928,0.5855855855855856,0.7142857142857143,0.5,0.7142857142857143,1.0,1.0,1.0,1.0,1.0,1.0,1.0,1.0,1.0,1.0,1.0,1.0,1,0,0.0,0.0,exact,1.0,4,2,5,17.877185941763535,25.706509044089486,17.819553213344346,4,4,5732,0,32.75475311279297,29.559016704559326,3.036365270614624,7,56,12.5,5
140726_194805_agentic,"Agentic Evaluation (Yeast, esm_small, r20)",Yeast,20,88,453,26,20-49,1,1,0.0,0.20309050772626933,,0.0,0.038461538461538464,0.26153846153846155,0.0,0.4922737306843267,0.36644591611479027,0.32,0.11538461538461539,0.13846153846153847,0.0,0.3443708609271523,0.5695364238410596,0.44,0.19230769230769232,0.40307692307692305,0.0,0.3443708609271523,0.5739514348785872,0.52,0.19230769230769232,0.40923076923076923,0.0,0.4922737306843267,0.58719646799117,0.52,0.19230769230769232,0.40923076923076923,1,0,12.0,0.48,partial_assembly,1.0,9,3,5,15.730393962888302,17.78363556323995,16.18975603948393,2,4,5940,0,53.548052072525024,42.23320388793945,11.143585920333862,25,650,3.8461538461538463,14
140726_194805_agentic,"Agentic Evaluation (Yeast, esm_small, r20)",Yeast,20,89,758,46,20-49,1,1,0.0,0.04617414248021108,,0.022222222222222223,0.043478260869565216,0.178743961352657,0.0,0.05672823218997362,0.21635883905013198,0.4222222222222222,0.13043478260869565,0.157487922705314,0.0,0.18733509234828497,0.3403693931398417,0.4888888888888889,0.1956521739130435,0.12657004830917876,0.0,0.1279683377308707,0.2994722955145118,0.5111111111111111,0.15217391304347827,0.09565217391304348,0.0,0.1279683377308707,0.2994722955145118,0.5111111111111111,0.15217391304347827,0.157487922705314,1,1,22.0,0.4888888888888889,partial_assembly,1.0,9,5,5,16.226211303323698,18.22484364100677,16.413236578026716,2,4,5692,0,69.31004357337952,51.6611852645874,17.433887481689453,45,2070,2.1739130434782608,34
140726_194805_agentic,"Agentic Evaluation (Yeast, esm_small, r20)",Yeast,20,90,1755,116,50+,1,1,0.0,0.08091168091168091,,0.034782608695652174,0.017241379310344827,0.11094452773613193,0.0,0.05413105413105413,0.2153846153846154,0.34782608695652173,0.06896551724137931,0.043778110944527736,0.0,0.009686609686609686,0.23133903133903133,0.3130434782608696,0.06896551724137931,0.14152923538230885,0.0,0.05413105413105413,0.2153846153846154,0.34782608695652173,0.06896551724137931,0.043778110944527736,0.0,0.05413105413105413,0.28262108262108265,0.34782608695652173,0.06896551724137931,0.22308845577211395,0,0,75.0,0.6521739130434783,wrong_start,0.7777777777777778,9,1,5,18.911760349123536,18.911760349123536,18.803063121576557,5,4,6050,0,372.3683512210846,190.116623878479,182.06770515441895,115,13340,0.8620689655172413,75
140726_194805_agentic,"Agentic Evaluation (Yeast, esm_small, r20)",Yeast,20,91,799,55,50+,1,1,0.0,0.0050062578222778474,,0.0,0.01818181818181818,-0.007407407407407408,0.0,0.10137672090112641,0.3854818523153942,0.3148148148148148,0.12727272727272726,0.4962962962962963,0.0,0.02753441802252816,0.4643304130162703,0.5,0.2,0.44242424242424244,0.0,0.02753441802252816,0.3016270337922403,0.42592592592592593,0.10909090909090909,0.4047138047138047,0.0,0.1939924906132666,0.3854818523153942,0.42592592592592593,0.18181818181818182,0.4962962962962963,1,0,31.0,0.5740740740740741,partial_assembly,0.9,10,2,5,20.315180945044837,22.366545961280718,18.083681702935564,2,4,5931,0,106.26061844825745,73.51560640335083,32.590445041656494,54,2970,1.8181818181818181,39
140726_194805_agentic,"Agentic Evaluation (Yeast, esm_small, r20)",Yeast,20,92,103,6,5-9,1,1,0.0,0.6796116504854369,,0.0,0.16666666666666666,-0.3333333333333333,0.0,0.6116504854368932,0.2912621359223301,0.6,0.3333333333333333,0.4666666666666667,0.0,0.6116504854368932,0.2912621359223301,0.6,0.3333333333333333,0.4666666666666667,0.0,0.6116504854368932,0.2912621359223301,0.6,0.3333333333333333,0.4666666666666667,1.0,1.0,1.0,1.0,1.0,1.0,1,0,2.0,0.4,partial_assembly,0.0,6,1,5,11.472405439615931,11.472405439615931,11.472405439615931,1,4,5864,0,29.393280744552612,26.371220588684082,2.8595640659332275,5,30,16.666666666666664,3
140726_194805_agentic,"Agentic Evaluation (Yeast, esm_small, r20)",Yeast,20,93,900,62,50+,1,1,0.0,0.10555555555555556,,0.0,0.016129032258064516,-0.06187202538339503,0.0,0.07111111111111111,0.25888888888888884,0.29508196721311475,0.08064516129032258,0.19830777366472765,0.0,0.06444444444444444,0.19222222222222218,0.4262295081967213,0.08064516129032258,0.058699101004759384,0.0,0.03888888888888889,0.29222222222222227,0.39344262295081966,0.08064516129032258,0.08514013749338974,0.0,0.07888888888888888,0.29222222222222227,0.39344262295081966,0.08064516129032258,0.19830777366472765,0,0,37.0,0.6065573770491803,wrong_start,1.0,9,5,5,18.274667426376574,20.1397197823916,17.629252542298996,5,4,5874,0,122.91633009910583,81.87247204780579,40.87150430679321,0,3782,0.0,45
140726_194805_agentic,"Agentic Evaluation (Yeast, esm_small, r20)",Yeast,20,94,374,30,20-49,1,1,0.0,0.08288770053475936,,0.06896551724137931,0.06666666666666667,0.08505747126436781,0.0,0.0855614973262032,0.36363636363636365,0.5517241379310345,0.36666666666666664,0.12643678160919541,0.0,0.3689839572192513,0.4010695187165776,0.7586206896551724,0.43333333333333335,0.06206896551724138,0.0,0.36363636363636365,0.43048128342245995,0.7586206896551724,0.43333333333333335,0.09425287356321839,0.0,0.36363636363636365,0.5,0.7931034482758621,0.43333333333333335,0.12643678160919541,1,1,7.000000000000001,0.24137931034482762,partial_assembly,0.5714285714285714,7,3,5,18.87938534950846,20.094642201396923,18.615793095885653,2,4,6181,0,50.65633940696716,39.313628911972046,11.149314880371094,29,870,3.3333333333333335,23
140726_194805_agentic,"Agentic Evaluation (Yeast, esm_small, r20)",Yeast,20,95,319,18,10-19,1,1,0.0,0.19122257053291536,,0.058823529411764705,0.1111111111111111,-0.12418300653594772,0.0,0.2664576802507837,0.2601880877742947,0.35294117647058826,0.2222222222222222,0.35947712418300654,0.0,0.6959247648902821,0.7272727272727273,0.6470588235294118,0.3888888888888889,0.477124183006536,0.0,0.6959247648902821,0.7272727272727273,0.6470588235294118,0.3888888888888889,0.477124183006536,0.0,0.6959247648902821,0.7272727272727273,0.6470588235294118,0.3888888888888889,0.477124183006536,1,0,5.999999999999999,0.3529411764705882,partial_assembly,1.0,8,3,5,14.52583086156173,18.9538098310348,14.52583086156173,5,4,6187,0,40.973143100738525,35.16643452644348,5.642172336578369,17,306,5.555555555555555,9
140726_194805_agentic,"Agentic Evaluation (Yeast, esm_small, r20)",Yeast,20,96,78,6,5-9,1,1,0.0,0.6538461538461539,,0.2,0.3333333333333333,-0.2,1.0,1.0,1.0,1.0,1.0,1.0,1.0,1.0,1.0,1.0,1.0,1.0,1.0,1.0,1.0,1.0,1.0,1.0,1.0,1.0,1.0,1.0,1.0,1.0,1,0,0.0,0.0,exact,,0,1,5,1.0,1.0,1.0,1,4,6345,0,33.23840117454529,31.4545259475708,1.6256482601165771,5,30,16.666666666666664,5
140726_194805_agentic,"Agentic Evaluation (Yeast, esm_small, r20)",Yeast,20,97,376,25,20-49,1,1,0.0,0.013297872340425532,,0.08333333333333333,0.08,0.10666666666666667,0.0,0.7154255319148937,0.7898936170212766,0.3333333333333333,0.24,0.3333333333333333,0.0,0.40691489361702127,0.4521276595744681,0.5,0.16,0.36,0.0,0.40691489361702127,0.675531914893617,0.4583333333333333,0.16,0.4,0.0,0.7154255319148937,0.7898936170212766,0.5833333333333334,0.24,0.4,1,0,13.000000000000002,0.5416666666666667,partial_assembly,0.4,10,4,5,15.987600201514473,19.022526712307137,16.780937430301236,3,4,5727,0,47.05268096923828,40.543580770492554,6.342396974563599,24,600,4.0,19
140726_194805_agentic,"Agentic Evaluation (Yeast, esm_small, r20)",Yeast,20,98,788,69,50+,1,1,0.0,0.011421319796954314,,0.04411764705882353,0.028985507246376812,-0.06479113384484228,0.0,0.1598984771573604,0.3134517766497462,0.4117647058823529,0.11594202898550725,0.056265984654731455,0.0,0.09644670050761421,0.2766497461928934,0.47058823529411764,0.10144927536231885,0.06990622335890878,0.0,0.10279187817258884,0.2550761421319797,0.5,0.10144927536231885,0.23870417732310314,0.0,0.18401015228426396,0.3134517766497462,0.5,0.11594202898550725,0.3375959079283887,1,0,34.0,0.5,partial_assembly,0.8888888888888888,9,2,5,17.022799121424672,18.630291808359164,17.244013294786523,5,4,5942,0,115.03513407707214,86.71088695526123,28.145504474639893,68,4692,1.4492753623188406,49
140726_194805_agentic,"Agentic Evaluation (Yeast, esm_small, r20)",Yeast,20,99,629,40,20-49,1,1,0.0,0.006359300476947536,,0.0,0.025,0.046153846153846156,0.0,0.03656597774244833,0.22416534181240066,0.2564102564102564,0.075,0.0,0.0,0.3179650238473768,0.43402225755166934,0.48717948717948717,0.175,0.47692307692307695,0.0,0.2384737678855326,0.23688394276629565,0.4358974358974359,0.175,0.2230769230769231,0.0,0.3179650238473768,0.47217806041335453,0.4358974358974359,0.175,0.441025641025641,1,0,22.0,0.5641025641025641,partial_assembly,1.0,9,3,5,16.58314218982816,18.906131339869393,16.23212009312591,5,4,5792,0,72.02128958702087,59.25685524940491,12.60019326210022,39,1560,2.5,32
140726_194805_agentic,"Agentic Evaluation (Yeast, esm_small, r20)",Yeast,20,100,494,39,20-49,1,1,0.0,0.004048582995951417,,0.07894736842105263,0.05128205128205128,0.13360323886639677,0.0,0.15991902834008098,0.4149797570850202,0.42105263157894735,0.1282051282051282,0.22267206477732793,0.0,0.23076923076923078,0.29554655870445345,0.5789473684210527,0.1282051282051282,0.2550607287449393,0.0,0.22874493927125505,0.37854251012145745,0.631578947368421,0.1282051282051282,0.252361673414305,0.0,0.23076923076923078,0.46153846153846156,0.631578947368421,0.15384615384615385,0.4709851551956815,1,0,14.000000000000002,0.368421052631579,partial_assembly,0.8571428571428571,7,2,5,18.771423516908428,20.05616268428938,19.037369642122712,2,4,5872,0,67.96596074104309,48.795376777648926,19.00186514854431,0,1482,0.0,34
140726_215821_agentic,"Agentic Evaluation (Yeast, esm_small, r5)",Yeast,5,1,321,33,20-49,1,1,0.0,0.018691588785046728,,0.0,0.030303030303030304,-0.015151515151515152,0.0,0.021806853582554516,0.47040498442367606,0.09375,0.06060606060606061,0.045454545454545456,0.0,0.14953271028037382,0.20560747663551404,0.5,0.18181818181818182,0.21212121212121213,0.0,0.14953271028037382,0.2149532710280374,0.4375,0.12121212121212122,0.2159090909090909,0.0,0.14953271028037382,0.47040498442367606,0.46875,0.18181818181818182,0.23863636363636365,1,0,18.0,0.5625,partial_assembly,0.8888888888888888,9,5,5,17.589020612607886,25.300158372771985,17.524451933725537,4,4,5926,0,53.04201674461365,46.249594926834106,6.655414342880249,32,1056,3.0303030303030303,14
140726_215821_agentic,"Agentic Evaluation (Yeast, esm_small, r5)",Yeast,5,2,862,68,50+,1,1,0.0,0.05916473317865429,,0.029850746268656716,0.029411764705882353,0.1466198419666374,0.0,0.02088167053364269,0.20649651972157768,0.13432835820895522,0.04411764705882353,0.11852502194907814,0.0,0.02088167053364269,0.2621809744779582,0.2835820895522388,0.058823529411764705,0.11237928007023705,0.0,0.05336426914153132,0.29118329466357307,0.31343283582089554,0.058823529411764705,0.10798946444249341,0.0,0.08468677494199536,0.29118329466357307,0.31343283582089554,0.058823529411764705,0.11852502194907814,1,0,46.0,0.6865671641791045,partial_assembly,0.8888888888888888,9,5,5,16.210241877804805,21.748339435638297,16.66174145508905,5,4,5852,0,160.70960879325867,111.53543019294739,49.023316621780396,67,4556,1.4705882352941175,25
140726_215821_agentic,"Agentic Evaluation (Yeast, esm_small, r5)",Yeast,5,3,763,49,20-49,1,1,0.0,0.007863695937090432,,0.020833333333333332,0.04081632653061224,-0.011904761904761904,0.0,0.1834862385321101,0.36041939711664484,0.1875,0.04081632653061224,-0.04081632653061224,0.0,0.03014416775884666,0.33944954128440363,0.2708333333333333,0.16326530612244897,0.24489795918367346,0.0,0.027522935779816515,0.27522935779816515,0.2708333333333333,0.16326530612244897,0.26700680272108845,0.0,0.1834862385321101,0.36041939711664484,0.3125,0.16326530612244897,0.35374149659863946,1,0,35.0,0.7291666666666666,partial_assembly,0.8571428571428571,7,3,5,17.67974360189737,21.67135033074305,17.626370045145787,2,4,5777,0,75.86689591407776,63.79772186279297,11.935589075088501,48,2352,2.0408163265306123,16
140726_215821_agentic,"Agentic Evaluation (Yeast, esm_small, r5)",Yeast,5,4,130,14,10-19,1,1,0.0,0.2923076923076923,,0.15384615384615385,0.21428571428571427,-0.23076923076923078,0.0,0.6692307692307692,0.4307692307692308,0.46153846153846156,0.21428571428571427,0.38461538461538464,0.0,0.5230769230769231,0.29230769230769227,0.46153846153846156,0.2857142857142857,0.45054945054945056,0.0,0.5230769230769231,0.17692307692307696,0.5384615384615384,0.2857142857142857,0.4945054945054945,0.0,0.6692307692307692,0.4307692307692308,0.5384615384615384,0.2857142857142857,0.4945054945054945,1,0,6.0,0.46153846153846156,partial_assembly,1.0,6,3,5,11.957657381649392,14.904905096681102,11.982097133481957,5,4,6151,0,33.623961210250854,30.414710998535156,3.057286262512207,0,182,0.0,7
140726_215821_agentic,"Agentic Evaluation (Yeast, esm_small, r5)",Yeast,5,5,58,5,5-9,1,1,0.0,0.7758620689655172,,0.25,0.4,0.0,0.0,0.8448275862068966,0.6896551724137931,0.5,0.4,0.2,1.0,1.0,1.0,1.0,1.0,1.0,1.0,1.0,1.0,1.0,1.0,1.0,1.0,1.0,1.0,1.0,1.0,1.0,1,0,0.0,0.0,exact,1.0,4,2,5,14.645804533045485,15.408619462805166,14.645804533045485,3,4,5926,0,27.36442732810974,25.008451461791992,2.211718797683716,4,20,20.0,2
140726_215821_agentic,"Agentic Evaluation (Yeast, esm_small, r5)",Yeast,5,6,210,4,2-4,1,1,0.0,0.9761904761904762,,0.0,0.25,0.0,0.0,0.9904761904761905,0.9809523809523809,0.3333333333333333,0.5,0.6666666666666666,1.0,1.0,1.0,1.0,1.0,1.0,1.0,1.0,1.0,1.0,1.0,1.0,1.0,1.0,1.0,1.0,1.0,1.0,1,0,0.0,0.0,exact,1.0,4,2,5,19.79870329771205,23.107166290063724,19.79870329771205,2,4,6227,0,28.391895294189453,25.741127014160156,2.5079948902130127,3,12,25.0,1
140726_215821_agentic,"Agentic Evaluation (Yeast, esm_small, r5)",Yeast,5,7,1017,74,50+,1,1,0.0,0.010816125860373648,,0.0273972602739726,0.02702702702702703,0.10181414291003332,0.0,0.04129793510324484,0.23303834808259583,0.2465753424657534,0.05405405405405406,0.0033320992225101815,0.0,0.00983284169124877,0.2271386430678466,0.3424657534246575,0.05405405405405406,-0.07367641614216956,0.0,0.00983284169124877,0.24188790560471973,0.3287671232876712,0.05405405405405406,-0.027767493520918177,0.0,0.04129793510324484,0.2743362831858407,0.3287671232876712,0.06756756756756757,0.0033320992225101815,0,0,49.0,0.6712328767123288,wrong_start,0.8888888888888888,9,4,5,18.060301962554384,21.05767260630787,18.216744188792056,5,4,5672,0,136.4705367088318,83.09098529815674,53.23819613456726,0,5402,0.0,31
140726_215821_agentic,"Agentic Evaluation (Yeast, esm_small, r5)",Yeast,5,8,133,10,10-19,1,1,0.0,0.924812030075188,,0.2222222222222222,0.3,-0.15555555555555556,0.0,0.8571428571428571,0.7142857142857143,0.3333333333333333,0.2,-0.1111111111111111,0.0,0.924812030075188,0.849624060150376,0.4444444444444444,0.3,0.6,0.0,0.924812030075188,0.849624060150376,0.4444444444444444,0.3,0.6,0.0,0.924812030075188,0.849624060150376,0.4444444444444444,0.4,0.6,1,0,5.0,0.5555555555555556,partial_assembly,1.0,4,3,5,14.502790894884857,19.118734536425382,14.502790894884857,2,4,5889,0,30.2248432636261,27.328572273254395,2.7641642093658447,9,90,10.0,4
140726_215821_agentic,"Agentic Evaluation (Yeast, esm_small, r5)",Yeast,5,9,543,20,20-49,1,1,0.0,0.0,,0.15789473684210525,0.1,-0.10526315789473684,0.0,0.003683241252302026,0.24125230202578274,0.3684210526315789,0.2,0.30526315789473685,0.0,0.003683241252302026,0.30939226519337015,0.5263157894736842,0.35,0.3263157894736842,0.0,0.003683241252302026,0.3351749539594844,0.5263157894736842,0.25,0.3368421052631579,0.0,0.0055248618784530384,0.5524861878453038,0.631578947368421,0.35,0.5368421052631579,1,0,9.0,0.47368421052631576,partial_assembly,0.5714285714285714,7,4,5,14.290681652067494,17.557258656415488,14.156850229799474,4,4,5999,0,42.69678282737732,33.82434391975403,8.737133741378784,19,380,5.0,8
140726_215821_agentic,"Agentic Evaluation (Yeast, esm_small, r5)",Yeast,5,10,662,52,50+,1,1,0.0,0.04229607250755287,,0.0196078431372549,0.038461538461538464,0.048265460030165915,0.0,0.04078549848942598,0.2628398791540786,0.17647058823529413,0.057692307692307696,0.1297134238310709,0.0,0.0513595166163142,0.24018126888217528,0.27450980392156865,0.07692307692307693,0.012066365007541479,0.0,0.04682779456193353,0.1858006042296072,0.23529411764705882,0.07692307692307693,-0.012066365007541479,0.0,0.04833836858006042,0.2628398791540786,0.23529411764705882,0.07692307692307693,0.13574660633484162,0,0,39.0,0.7647058823529411,wrong_start,0.8888888888888888,9,5,5,17.087527054279477,20.96866504503944,14.997996995482652,5,4,5926,0,92.2278196811676,61.08971858024597,30.99894618988037,51,2652,1.9230769230769231,15
140726_215821_agentic,"Agentic Evaluation (Yeast, esm_small, r5)",Yeast,5,11,105,5,5-9,1,1,0.0,0.6857142857142857,,0.0,0.2,-0.4,1.0,1.0,1.0,1.0,1.0,1.0,1.0,1.0,1.0,1.0,1.0,1.0,1.0,1.0,1.0,1.0,1.0,1.0,1.0,1.0,1.0,1.0,1.0,1.0,1,0,0.0,0.0,exact,,0,1,5,13.465495948651785,13.465495948651785,13.465495948651785,1,4,5801,0,26.949307441711426,24.684914350509644,2.134014368057251,4,20,20.0,2
140726_215821_agentic,"Agentic Evaluation (Yeast, esm_small, r5)",Yeast,5,12,203,2,2-4,1,1,1.0,1.0,,1.0,1.0,1.0,1.0,1.0,1.0,1.0,1.0,1.0,1.0,1.0,1.0,1.0,1.0,1.0,1.0,1.0,1.0,1.0,1.0,1.0,1.0,1.0,1.0,1.0,1.0,1.0,1,1,0.0,0.0,exact,,0,1,5,18.23548075475389,18.23548075475389,18.23548075475389,1,4,5491,0,28.438509464263916,25.9703586101532,2.3182897567749023,1,2,50.0,0
140726_215821_agentic,"Agentic Evaluation (Yeast, esm_small, r5)",Yeast,5,13,114,7,5-9,1,1,0.0,0.7368421052631579,,0.16666666666666666,0.2857142857142857,-0.23809523809523808,0.0,0.8333333333333334,0.6842105263157895,0.3333333333333333,0.42857142857142855,0.6190476190476191,0.0,0.8508771929824561,0.7017543859649122,0.6666666666666666,0.42857142857142855,0.6190476190476191,0.0,0.8508771929824561,0.7017543859649122,0.6666666666666666,0.42857142857142855,0.6190476190476191,0.0,0.8508771929824561,0.7017543859649122,0.6666666666666666,0.42857142857142855,0.6190476190476191,1,0,2.0,0.3333333333333333,partial_assembly,1.0,4,2,5,12.14033140569549,13.449910659477911,12.14033140569549,3,4,5860,0,25.937549829483032,23.541085720062256,2.260251045227051,0,42,0.0,1
140726_215821_agentic,"Agentic Evaluation (Yeast, esm_small, r5)",Yeast,5,14,70,6,5-9,1,1,0.0,0.6142857142857143,,0.0,0.16666666666666666,-0.3333333333333333,1.0,1.0,1.0,1.0,1.0,1.0,1.0,1.0,1.0,1.0,1.0,1.0,1.0,1.0,1.0,1.0,1.0,1.0,1.0,1.0,1.0,1.0,1.0,1.0,1,0,0.0,0.0,exact,1.0,4,1,5,12.423234917069452,12.423234917069452,12.423234917069452,1,4,5919,0,26.974881172180176,23.98882293701172,2.83807635307312,5,30,16.666666666666664,1
140726_215821_agentic,"Agentic Evaluation (Yeast, esm_small, r5)",Yeast,5,15,310,20,20-49,1,1,0.0,0.2129032258064516,,0.05263157894736842,0.1,-0.17894736842105263,0.0,0.03225806451612903,0.3774193548387097,0.2631578947368421,0.1,0.0,0.0,0.03225806451612903,0.21612903225806457,0.3684210526315789,0.15,0.10526315789473684,0.0,0.03225806451612903,0.21612903225806457,0.3684210526315789,0.15,0.10526315789473684,0.0,0.15161290322580645,0.43870967741935485,0.42105263157894735,0.15,0.23157894736842105,1,0,12.0,0.631578947368421,partial_assembly,0.5714285714285714,7,3,5,16.10933130654542,20.12722806233054,16.10933130654542,3,4,6080,0,36.88878655433655,32.13641095161438,4.619158744812012,19,380,5.0,6
140726_215821_agentic,"Agentic Evaluation (Yeast, esm_small, r5)",Yeast,5,16,143,14,10-19,1,1,0.0,0.3356643356643357,,0.0,0.07142857142857142,-0.23076923076923078,0.0,0.6853146853146853,0.5944055944055944,0.3076923076923077,0.21428571428571427,-0.07692307692307693,0.0,0.6923076923076923,0.5944055944055944,0.23076923076923078,0.21428571428571427,0.12087912087912088,0.0,0.6713286713286714,0.5734265734265734,0.38461538461538464,0.35714285714285715,0.12087912087912088,0.0,0.7902097902097902,0.6083916083916083,0.38461538461538464,0.35714285714285715,0.12087912087912088,1,0,8.0,0.6153846153846154,partial_assembly,0.7777777777777778,9,3,5,18.088283427477563,19.849699081107122,18.643178550532724,4,4,5986,0,38.606080293655396,34.70872354507446,3.75823974609375,0,182,0.0,3
140726_215821_agentic,"Agentic Evaluation (Yeast, esm_small, r5)",Yeast,5,17,157,9,5-9,1,1,0.0,0.36942675159235666,,0.0,0.1111111111111111,-0.3888888888888889,0.0,0.4585987261146497,0.42038216560509556,0.25,0.3333333333333333,0.16666666666666666,0.0,0.5859872611464968,0.33757961783439494,0.375,0.2222222222222222,0.6666666666666666,0.0,0.821656050955414,0.6433121019108281,0.375,0.3333333333333333,0.7777777777777778,0.0,0.821656050955414,0.6433121019108281,0.5,0.5555555555555556,0.7777777777777778,1,0,5.0,0.625,partial_assembly,0.5714285714285714,7,4,5,17.554010741474812,25.246150103272914,17.685702077480414,5,4,5628,0,30.059460639953613,26.90438985824585,2.9835729598999023,8,72,11.11111111111111,2
140726_215821_agentic,"Agentic Evaluation (Yeast, esm_small, r5)",Yeast,5,18,397,42,20-49,1,1,0.0,0.04534005037783375,,0.07317073170731707,0.047619047619047616,0.0429732868757259,0.0,0.007556675062972292,0.2997481108312342,0.14634146341463414,0.07142857142857142,-0.07317073170731707,0.0,0.0982367758186398,0.32997481108312343,0.24390243902439024,0.09523809523809523,0.42160278745644597,0.0,0.0906801007556675,0.34508816120906805,0.2682926829268293,0.09523809523809523,0.2264808362369338,0.0,0.0982367758186398,0.34508816120906805,0.2682926829268293,0.09523809523809523,0.3588850174216028,0,0,30.0,0.7317073170731707,wrong_start,1.0,9,3,5,16.96401816223229,21.31863492039452,17.84428948534372,2,4,5596,0,51.67264461517334,40.03458309173584,11.50312614440918,41,1722,2.380952380952381,10
140726_215821_agentic,"Agentic Evaluation (Yeast, esm_small, r5)",Yeast,5,19,160,21,20-49,1,1,0.0,0.525,,0.05,0.09523809523809523,-0.02857142857142857,0.0,0.49375,0.23124999999999996,0.15,0.09523809523809523,0.20952380952380953,0.0,0.56875,0.3375,0.3,0.19047619047619047,0.11428571428571428,0.0,0.6875,0.49375,0.35,0.19047619047619047,0.24761904761904763,0.0,0.6875,0.5,0.35,0.19047619047619047,0.24761904761904763,1,0,13.0,0.65,partial_assembly,1.0,7,4,5,17.136071787420665,23.01093989147379,18.212040603990026,5,4,5823,0,32.17368531227112,27.947797536849976,4.095921754837036,20,420,4.761904761904762,8
140726_215821_agentic,"Agentic Evaluation (Yeast, esm_small, r5)",Yeast,5,20,133,7,5-9,1,1,0.0,0.2857142857142857,,0.0,0.14285714285714285,-0.3333333333333333,0.0,0.6842105263157895,0.4887218045112782,0.16666666666666666,0.2857142857142857,0.7142857142857143,0.0,0.6616541353383458,0.4285714285714286,0.0,0.14285714285714285,0.14285714285714285,0.0,0.6390977443609023,0.32330827067669177,0.0,0.14285714285714285,0.42857142857142855,0.0,0.706766917293233,0.4887218045112782,0.16666666666666666,0.2857142857142857,0.7142857142857143,1,0,6.0,1.0,partial_assembly,0.16666666666666666,6,2,5,17.824733611098953,18.7806520670359,17.675574596867744,5,4,5620,0,27.742359399795532,24.90199637413025,2.7039692401885986,0,42,0.0,0
140726_215821_agentic,"Agentic Evaluation (Yeast, esm_small, r5)",Yeast,5,21,133,9,5-9,1,1,0.0,0.7593984962406015,,0.25,0.3333333333333333,0.6111111111111112,1.0,1.0,1.0,1.0,1.0,1.0,0.0,0.8721804511278195,0.7744360902255639,0.75,0.4444444444444444,0.6666666666666666,0.0,0.8721804511278195,0.7744360902255639,0.75,0.4444444444444444,0.6666666666666666,1.0,1.0,1.0,1.0,1.0,1.0,1,0,2.0,0.25,partial_assembly,0.0,4,2,5,13.093415376581142,14.040056841770767,13.093415376581142,2,4,6024,0,30.9404354095459,27.981037378311157,2.8256261348724365,0,72,0.0,5
140726_215821_agentic,"Agentic Evaluation (Yeast, esm_small, r5)",Yeast,5,22,946,61,50+,1,1,0.0,0.014799154334038054,,0.016666666666666666,0.03278688524590164,0.08087431693989071,0.0,0.056025369978858354,0.2621564482029598,0.11666666666666667,0.06557377049180328,0.10382513661202186,0.0,0.008456659619450317,0.2315010570824524,0.15,0.04918032786885246,0.0,0.0,0.02959830866807611,0.281183932346723,0.2833333333333333,0.06557377049180328,0.09180327868852459,0.0,0.056025369978858354,0.306553911205074,0.3333333333333333,0.08196721311475409,0.1825136612021858,0,0,43.0,0.7166666666666667,wrong_start,0.6666666666666666,9,2,5,15.288265797600351,21.95727748066953,19.2025586588394,4,4,5839,0,116.35627937316895,88.0400857925415,28.170137405395508,60,3660,1.639344262295082,20
140726_215821_agentic,"Agentic Evaluation (Yeast, esm_small, r5)",Yeast,5,23,268,23,20-49,1,1,0.0,0.12313432835820895,,0.045454545454545456,0.08695652173913043,0.07509881422924901,0.0,0.10074626865671642,0.24626865671641796,0.13636363636363635,0.08695652173913043,0.003952569169960474,0.0,0.09701492537313433,0.5522388059701493,0.36363636363636365,0.17391304347826086,0.5731225296442688,0.0,0.29850746268656714,0.4104477611940298,0.36363636363636365,0.17391304347826086,0.4624505928853755,0.0,0.4701492537313433,0.6044776119402986,0.4090909090909091,0.2608695652173913,0.5731225296442688,1,0,14.0,0.6363636363636364,partial_assembly,0.5,8,5,5,14.608932360540136,19.91570773311308,15.062306148252224,3,4,5699,0,34.504313230514526,30.322438955307007,4.0510876178741455,22,506,4.3478260869565215,8
140726_215821_agentic,"Agentic Evaluation (Yeast, esm_small, r5)",Yeast,5,24,705,49,20-49,1,1,0.0,0.15460992907801419,,0.041666666666666664,0.04081632653061224,0.11394557823129252,0.0,0.12198581560283688,0.2907801418439716,0.125,0.04081632653061224,0.030612244897959183,0.0,0.02695035460992908,0.28936170212765955,0.2708333333333333,0.12244897959183673,0.05952380952380952,0.0,0.07375886524822695,0.36170212765957444,0.25,0.08163265306122448,-0.07142857142857142,0.0,0.13191489361702127,0.36170212765957444,0.25,0.12244897959183673,0.030612244897959183,0,0,36.0,0.75,wrong_start,0.8888888888888888,9,5,5,16.44170718358784,21.52433161294447,17.002606266972112,3,4,6025,0,86.34187769889832,66.07224440574646,20.121450185775757,48,2352,2.0408163265306123,12
140726_215821_agentic,"Agentic Evaluation (Yeast, esm_small, r5)",Yeast,5,25,52,4,2-4,1,1,0.0,0.6730769230769231,,0.0,0.25,-0.3333333333333333,0.0,0.9423076923076923,0.8846153846153846,0.3333333333333333,0.5,0.3333333333333333,1.0,1.0,1.0,1.0,1.0,1.0,1.0,1.0,1.0,1.0,1.0,1.0,1.0,1.0,1.0,1.0,1.0,1.0,1,0,0.0,0.0,exact,1.0,4,2,5,19.944497693867845,22.032417082148495,19.944497693867845,3,4,5856,0,32.6315553188324,29.928994178771973,2.5697288513183594,3,12,25.0,1
140726_215821_agentic,"Agentic Evaluation (Yeast, esm_small, r5)",Yeast,5,26,259,5,5-9,1,1,0.0,0.25868725868725867,,0.0,0.2,-0.6,0.0,0.25868725868725867,0.5096525096525096,0.0,0.2,-0.2,0.0,0.25868725868725867,0.5096525096525096,0.0,0.2,-0.2,0.0,0.25868725868725867,0.5096525096525096,0.0,0.2,-0.2,1.0,1.0,1.0,1.0,1.0,1.0,1,0,4.0,1.0,partial_assembly,0.14285714285714285,7,1,5,18.018459513711665,18.018459513711665,18.018459513711665,1,4,5748,0,29.014119386672974,26.364287614822388,2.5206503868103027,4,20,20.0,0
140726_215821_agentic,"Agentic Evaluation (Yeast, esm_small, r5)",Yeast,5,27,160,10,10-19,1,1,0.0,0.55625,,0.0,0.1,0.022222222222222223,0.0,0.51875,0.3375,0.2222222222222222,0.3,0.022222222222222223,0.0,0.8625,0.775,0.3333333333333333,0.4,0.24444444444444444,0.0,0.74375,0.55625,0.2222222222222222,0.2,0.28888888888888886,0.0,0.84375,0.725,0.4444444444444444,0.4,0.5111111111111111,1,0,7.0,0.7777777777777778,partial_assembly,0.5714285714285714,7,5,5,19.89714864993413,26.687987951173326,19.78133520608336,4,4,6008,0,31.816945552825928,28.731117010116577,2.947481870651245,9,90,10.0,2
140726_215821_agentic,"Agentic Evaluation (Yeast, esm_small, r5)",Yeast,5,28,588,35,20-49,1,1,0.0,0.0,,0.0,0.02857142857142857,0.07563025210084033,0.0,0.0017006802721088435,0.30442176870748294,0.17647058823529413,0.08571428571428572,0.0453781512605042,0.0,0.0017006802721088435,0.30612244897959184,0.20588235294117646,0.11428571428571428,0.07563025210084033,0.0,0.0017006802721088435,0.22448979591836737,0.2647058823529412,0.14285714285714285,0.052100840336134456,0.0,0.0017006802721088435,0.30442176870748294,0.29411764705882354,0.14285714285714285,0.1899159663865546,0,0,25.0,0.7352941176470589,wrong_start,0.7142857142857143,7,5,5,16.105640391626512,19.643811104848044,16.911470833188975,5,4,6143,0,56.20385527610779,45.97740888595581,10.092360734939575,34,1190,2.857142857142857,11
140726_215821_agentic,"Agentic Evaluation (Yeast, esm_small, r5)",Yeast,5,29,686,38,20-49,1,1,0.0,0.013119533527696793,,0.0,0.02631578947368421,0.06685633001422475,0.0,0.2696793002915452,0.3819241982507289,0.1891891891891892,0.07894736842105263,0.14366998577524892,0.0,0.24927113702623907,0.3454810495626822,0.24324324324324326,0.10526315789473684,0.16642958748221906,0.0,0.1836734693877551,0.3279883381924198,0.2972972972972973,0.23684210526315788,-0.004267425320056899,0.0,0.2813411078717201,0.3819241982507289,0.2972972972972973,0.23684210526315788,0.20625889046941678,1,0,25.999999999999996,0.7027027027027026,partial_assembly,0.7777777777777778,9,5,5,16.060389985191513,20.515534892995923,16.310907160102587,5,4,5970,0,66.4278347492218,55.63963270187378,10.644816637039185,37,1406,2.631578947368421,10
140726_215821_agentic,"Agentic Evaluation (Yeast, esm_small, r5)",Yeast,5,30,102,7,5-9,1,1,0.0,0.7058823529411765,,0.0,0.14285714285714285,0.14285714285714285,0.0,0.8725490196078431,0.7647058823529411,0.5,0.42857142857142855,0.5238095238095238,1.0,1.0,1.0,1.0,1.0,1.0,1.0,1.0,1.0,1.0,1.0,1.0,1.0,1.0,1.0,1.0,1.0,1.0,1,1,0.0,0.0,exact,1.0,4,2,5,13.853174457323309,16.506274164262287,13.853174457323309,3,4,5794,0,31.280551195144653,28.745158672332764,2.402071237564087,6,42,14.285714285714285,2
140726_215821_agentic,"Agentic Evaluation (Yeast, esm_small, r5)",Yeast,5,31,457,31,20-49,1,1,0.0,0.0,,0.0,0.03225806451612903,0.02795698924731183,0.0,0.08533916849015317,0.33698030634573306,0.3,0.12903225806451613,0.3333333333333333,0.0,0.08533916849015317,0.3632385120350109,0.36666666666666664,0.12903225806451613,0.4064516129032258,0.0,0.030634573304157548,0.25382932166301975,0.36666666666666664,0.0967741935483871,0.44946236559139785,0.0,0.08533916849015317,0.3654266958424508,0.36666666666666664,0.12903225806451613,0.47096774193548385,1,0,19.0,0.6333333333333333,partial_assembly,0.875,8,2,5,16.318179053710647,21.068844730700214,16.08385469765206,3,4,6004,0,46.7335307598114,36.37153458595276,10.223138332366943,0,930,0.0,9
140726_215821_agentic,"Agentic Evaluation (Yeast, esm_small, r5)",Yeast,5,32,107,11,10-19,1,1,0.0,0.616822429906542,,0.0,0.09090909090909091,0.09090909090909091,0.0,0.5794392523364486,0.26168224299065423,0.0,0.09090909090909091,0.12727272727272726,0.0,0.2897196261682243,0.2710280373831776,0.2,0.18181818181818182,-0.16363636363636364,0.0,0.5327102803738317,0.23364485981308414,0.1,0.18181818181818182,-0.05454545454545454,0.0,0.616822429906542,0.2990654205607477,0.1,0.18181818181818182,0.16363636363636364,1,0,9.0,0.9,partial_assembly,1.0,6,4,5,18.445410328375107,19.46685867031625,18.67703572492391,5,4,5814,0,32.22726631164551,28.988184690475464,3.097203016281128,0,110,0.0,4
140726_215821_agentic,"Agentic Evaluation (Yeast, esm_small, r5)",Yeast,5,33,570,36,20-49,1,1,0.0,0.07192982456140351,,0.02857142857142857,0.05555555555555555,-0.044444444444444446,0.0,0.03859649122807018,0.2701754385964912,0.14285714285714285,0.08333333333333333,0.11746031746031746,0.0,0.04035087719298246,0.3631578947368421,0.37142857142857144,0.1111111111111111,0.2698412698412698,0.0,0.09824561403508772,0.4175438596491228,0.3142857142857143,0.1111111111111111,0.20952380952380953,0.0,0.09824561403508772,0.4175438596491228,0.3142857142857143,0.1111111111111111,0.20952380952380953,1,0,24.0,0.6857142857142857,partial_assembly,1.0,10,3,5,14.977912782533338,21.657209240494346,14.971564592966953,2,4,6011,0,65.32289218902588,50.762669801712036,14.421376943588257,35,1260,2.7777777777777777,10
140726_215821_agentic,"Agentic Evaluation (Yeast, esm_small, r5)",Yeast,5,34,720,49,20-49,1,1,0.0,0.005555555555555556,,0.0625,0.061224489795918366,0.08333333333333333,0.0,0.07777777777777778,0.42500000000000004,0.20833333333333334,0.061224489795918366,0.09013605442176871,0.0,0.08472222222222223,0.2652777777777777,0.25,0.061224489795918366,-0.04251700680272109,0.0,0.02638888888888889,0.19861111111111107,0.22916666666666666,0.061224489795918366,-0.008503401360544218,0.0,0.07777777777777778,0.42500000000000004,0.22916666666666666,0.061224489795918366,0.09013605442176871,0,0,37.0,0.7708333333333334,wrong_start,1.0,4,3,5,17.636713003308532,20.59159210650962,18.226571480833904,3,4,5646,0,88.9029655456543,65.58125400543213,23.182507038116455,48,2352,2.0408163265306123,15
140726_215821_agentic,"Agentic Evaluation (Yeast, esm_small, r5)",Yeast,5,35,1380,90,50+,1,1,0.0,0.06811594202898551,,0.02247191011235955,0.022222222222222223,0.1515605493133583,0.0,0.05579710144927536,0.32028985507246377,0.11235955056179775,0.03333333333333333,0.013233458177278402,0.0,0.042753623188405795,0.2927536231884058,0.15730337078651685,0.03333333333333333,-0.031210986267166042,0.0,0.013043478260869565,0.35507246376811596,0.21348314606741572,0.05555555555555555,-0.02421972534332085,0.0,0.05579710144927536,0.35507246376811596,0.21348314606741572,0.05555555555555555,0.013233458177278402,0,0,70.0,0.7865168539325843,wrong_start,1.0,9,5,5,18.222077728200663,21.282240173926326,20.326828142639393,3,4,5657,0,291.2643632888794,185.03340482711792,106.0798225402832,89,8010,1.1111111111111112,25
140726_215821_agentic,"Agentic Evaluation (Yeast, esm_small, r5)",Yeast,5,36,1564,98,50+,1,1,0.0,0.0,,0.0,0.01020408163265306,-0.014517147065011572,0.0,0.037723785166240406,0.2282608695652174,0.15463917525773196,0.030612244897959183,0.01409636019356196,0.0,0.037723785166240406,0.2525575447570333,0.21649484536082475,0.030612244897959183,0.05280875236692615,0.0,0.037723785166240406,0.23913043478260865,0.23711340206185566,0.030612244897959183,-0.005680622764569746,0.0,0.037723785166240406,0.29923273657289007,0.24742268041237114,0.030612244897959183,0.10204081632653061,1,0,74.0,0.7628865979381443,partial_assembly,0.7777777777777778,9,4,5,16.350100739453953,21.583269789179386,17.721111849126284,5,4,5949,0,307.45768213272095,222.3370771408081,84.97612714767456,0,9506,0.0,24
140726_215821_agentic,"Agentic Evaluation (Yeast, esm_small, r5)",Yeast,5,37,57,6,5-9,1,1,0.0,0.543859649122807,,0.0,0.16666666666666666,0.2,0.0,0.543859649122807,0.29824561403508776,0.2,0.3333333333333333,0.2,0.0,0.9122807017543859,0.8245614035087719,0.4,0.3333333333333333,0.4666666666666667,0.0,0.9649122807017544,0.9298245614035088,0.4,0.5,0.8666666666666667,0.0,0.9649122807017544,0.9298245614035088,0.4,0.5,0.8666666666666667,1,0,3.0,0.6,partial_assembly,0.75,4,3,5,19.05357782290032,19.404143887316945,19.13373771412578,2,4,5886,0,25.215081691741943,22.275084972381592,2.807650566101074,5,30,16.666666666666664,1
140726_215821_agentic,"Agentic Evaluation (Yeast, esm_small, r5)",Yeast,5,38,108,12,10-19,1,1,0.0,0.5092592592592593,,0.2727272727272727,0.16666666666666666,0.0,0.0,0.7129629629629629,0.5555555555555556,0.2727272727272727,0.16666666666666666,0.48484848484848486,0.0,0.6296296296296297,0.2592592592592593,0.45454545454545453,0.3333333333333333,0.5151515151515151,0.0,0.6296296296296297,0.2592592592592593,0.36363636363636365,0.3333333333333333,0.48484848484848486,0.0,0.7129629629629629,0.5555555555555556,0.45454545454545453,0.3333333333333333,0.5151515151515151,1,0,7.0,0.6363636363636364,partial_assembly,0.5714285714285714,7,3,5,17.733773104466525,29.87342889767792,17.920762966069677,2,4,6015,0,30.50885248184204,27.512402057647705,2.8609459400177,11,132,8.333333333333332,3
140726_215821_agentic,"Agentic Evaluation (Yeast, esm_small, r5)",Yeast,5,39,963,64,50+,1,1,0.0,0.0,,0.015873015873015872,0.03125,-0.06349206349206349,0.0,0.017653167185877467,0.19522326064382134,0.09523809523809523,0.046875,-0.005952380952380952,0.0,0.017653167185877467,0.26168224299065423,0.25396825396825395,0.078125,0.23809523809523808,0.0,0.017653167185877467,0.22014537902388365,0.20634920634920634,0.078125,0.22123015873015872,0.0,0.017653167185877467,0.29075804776739356,0.2222222222222222,0.078125,0.2847222222222222,1,0,50.00000000000001,0.7936507936507937,partial_assembly,0.5714285714285714,7,5,5,18.319795837524214,23.782312804442217,18.315625606768688,2,4,6120,0,130.04593443870544,85.01935005187988,44.8915593624115,63,4032,1.5625,17
140726_215821_agentic,"Agentic Evaluation (Yeast, esm_small, r5)",Yeast,5,40,448,26,20-49,1,1,0.0,0.24776785714285715,,0.04,0.07692307692307693,0.14461538461538462,0.0,0.10044642857142858,0.3995535714285714,0.12,0.07692307692307693,0.18769230769230769,0.0,0.45535714285714285,0.4799107142857143,0.32,0.15384615384615385,0.563076923076923,0.0,0.3125,0.4352678571428571,0.36,0.11538461538461539,0.37846153846153846,0.0,0.3950892857142857,0.4776785714285714,0.36,0.11538461538461539,0.4646153846153846,1,0,16.0,0.64,partial_assembly,0.8888888888888888,9,4,5,13.512748205354871,20.81698465695441,14.284499585147229,3,4,5770,0,43.114025592803955,36.318477630615234,6.658260822296143,0,650,0.0,4
140726_215821_agentic,"Agentic Evaluation (Yeast, esm_small, r5)",Yeast,5,41,674,42,20-49,1,1,0.0,0.03115727002967359,,0.024390243902439025,0.047619047619047616,-0.09639953542392567,0.0,0.08902077151335312,0.3026706231454006,0.0975609756097561,0.047619047619047616,0.13588850174216027,0.0,0.04302670623145401,0.18991097922848665,0.17073170731707318,0.047619047619047616,0.23344947735191637,0.0,0.013353115727002967,0.27299703264094954,0.17073170731707318,0.047619047619047616,0.04065040650406504,0.0,0.08902077151335312,0.3026706231454006,0.17073170731707318,0.047619047619047616,0.27526132404181186,1,0,34.0,0.8292682926829268,partial_assembly,1.0,7,3,5,19.252420556284683,21.036062434102178,18.858487755211357,4,4,5806,0,81.76153206825256,66.03828430175781,15.585684299468994,41,1722,2.380952380952381,14
140726_215821_agentic,"Agentic Evaluation (Yeast, esm_small, r5)",Yeast,5,42,286,14,10-19,1,1,0.0,0.013986013986013986,,0.3076923076923077,0.2857142857142857,0.07692307692307693,0.0,0.46503496503496505,0.8391608391608392,0.38461538461538464,0.21428571428571427,0.42857142857142855,0.0,0.46853146853146854,0.6293706293706294,0.38461538461538464,0.21428571428571427,0.42857142857142855,0.0,0.46853146853146854,0.6293706293706294,0.38461538461538464,0.21428571428571427,0.38461538461538464,0.0,0.46853146853146854,0.9125874125874126,0.5384615384615384,0.42857142857142855,0.5164835164835165,1,0,8.0,0.6153846153846154,partial_assembly,0.375,8,4,5,15.864666952087143,20.886445115270657,15.75469283626727,5,4,5873,0,31.60753583908081,27.77781367301941,3.68892240524292,13,182,7.142857142857142,4
140726_215821_agentic,"Agentic Evaluation (Yeast, esm_small, r5)",Yeast,5,43,126,16,10-19,1,1,0.0,0.48412698412698413,,0.0,0.0625,-0.11666666666666667,0.0,0.746031746031746,0.6111111111111112,0.4,0.1875,0.3333333333333333,0.0,0.8809523809523809,0.7936507936507937,0.6666666666666666,0.4375,0.75,0.0,0.9206349206349206,0.8412698412698413,0.6,0.4375,0.7833333333333333,0.0,0.9206349206349206,0.8412698412698413,0.8,0.6875,0.8166666666666667,1,0,6.0,0.4,partial_assembly,0.4444444444444444,9,3,5,15.2519633531813,18.89262671275625,15.107218684543183,3,4,5990,0,34.18171739578247,31.326513290405273,2.717913866043091,0,240,0.0,9
140726_215821_agentic,"Agentic Evaluation (Yeast, esm_small, r5)",Yeast,5,44,296,16,10-19,1,1,0.0,0.11148648648648649,,0.0,0.0625,-0.016666666666666666,0.0,0.11824324324324324,0.32770270270270274,0.06666666666666667,0.125,-0.016666666666666666,0.0,0.11486486486486487,0.3918918918918919,0.26666666666666666,0.1875,0.4166666666666667,0.0,0.11824324324324324,0.28716216216216217,0.26666666666666666,0.125,0.4166666666666667,0.0,0.12162162162162163,0.402027027027027,0.26666666666666666,0.1875,0.43333333333333335,1,0,11.0,0.7333333333333333,partial_assembly,1.0,8,5,5,16.552011037834557,27.437557214638407,16.623198193490726,3,4,5990,0,34.161704778671265,30.110439777374268,3.915052652359009,15,240,6.25,3
140726_215821_agentic,"Agentic Evaluation (Yeast, esm_small, r5)",Yeast,5,45,840,62,50+,1,1,0.0,0.0,,0.0,0.016129032258064516,-0.035430988894764676,0.0,0.007142857142857143,0.2238095238095238,0.09836065573770492,0.04838709677419355,0.1718667371760973,0.0,0.005952380952380952,0.2321428571428571,0.22950819672131148,0.04838709677419355,0.09571655208884189,0.0,0.005952380952380952,0.22142857142857142,0.2459016393442623,0.08064516129032258,0.16975145425700688,0.0,0.007142857142857143,0.2595238095238095,0.29508196721311475,0.08064516129032258,0.17503966155473294,1,0,46.0,0.7540983606557377,partial_assembly,0.8888888888888888,9,3,5,15.70526414687223,21.572811097187387,16.9900982419231,3,4,6002,0,112.87571120262146,81.8041615486145,30.925955772399902,0,3782,0.0,18
140726_215821_agentic,"Agentic Evaluation (Yeast, esm_small, r5)",Yeast,5,46,125,5,5-9,1,1,0.0,0.832,,0.0,0.2,0.2,0.0,0.832,0.6639999999999999,0.25,0.4,0.4,1.0,1.0,1.0,1.0,1.0,1.0,1.0,1.0,1.0,1.0,1.0,1.0,1.0,1.0,1.0,1.0,1.0,1.0,1,1,0.0,0.0,exact,1.0,4,2,5,15.259118946593691,16.24952770498902,15.259118946593691,5,4,5813,0,28.084998607635498,25.453028202056885,2.4911487102508545,4,20,20.0,1
140726_215821_agentic,"Agentic Evaluation (Yeast, esm_small, r5)",Yeast,5,47,599,46,20-49,1,1,0.0,0.06010016694490818,,0.044444444444444446,0.043478260869565216,-0.1748792270531401,0.0,0.01001669449081803,0.26043405676126874,0.15555555555555556,0.06521739130434782,-0.14202898550724638,0.0,0.06010016694490818,0.342237061769616,0.26666666666666666,0.08695652173913043,0.10531400966183575,0.0,0.06010016694490818,0.3789649415692822,0.3111111111111111,0.10869565217391304,0.05507246376811594,0.0,0.06343906510851419,0.39232053422370616,0.35555555555555557,0.10869565217391304,0.1323671497584541,1,0,31.0,0.6888888888888889,partial_assembly,0.9,10,3,5,15.021065332172086,20.012891707863684,16.92279109608205,3,4,5813,0,70.06649088859558,52.311546325683594,17.61341404914856,0,2070,0.0,17
140726_215821_agentic,"Agentic Evaluation (Yeast, esm_small, r5)",Yeast,5,48,217,30,20-49,1,1,0.0,0.02304147465437788,,0.06896551724137931,0.06666666666666667,0.2367816091954023,0.0,0.2764976958525346,0.3963133640552995,0.20689655172413793,0.1,0.14482758620689656,0.0,0.2672811059907834,0.40092165898617516,0.4482758620689655,0.13333333333333333,0.2735632183908046,0.0,0.2534562211981567,0.5714285714285714,0.41379310344827586,0.13333333333333333,0.167816091954023,0.0,0.2764976958525346,0.5714285714285714,0.4482758620689655,0.13333333333333333,0.21839080459770116,0,0,17.0,0.5862068965517241,wrong_start,0.7777777777777778,9,3,5,16.890968420656282,20.817155751921604,16.414248619489328,3,4,5546,0,36.26357841491699,28.862022876739502,7.259549379348755,0,870,0.0,21
140726_215821_agentic,"Agentic Evaluation (Yeast, esm_small, r5)",Yeast,5,49,656,51,50+,1,1,0.0,0.07926829268292683,,0.06,0.0392156862745098,0.021176470588235293,0.0,0.19207317073170732,0.2820121951219512,0.16,0.0392156862745098,0.23450980392156862,0.0,0.09908536585365854,0.2942073170731707,0.16,0.058823529411764705,0.1027450980392157,0.0,0.11890243902439024,0.3414634146341463,0.22,0.058823529411764705,0.12470588235294118,0.0,0.19207317073170732,0.3414634146341463,0.22,0.058823529411764705,0.23450980392156862,1,0,39.0,0.78,partial_assembly,0.6666666666666666,9,2,5,16.263837417334297,20.332575248760556,15.864002519510604,3,4,5828,0,71.27815127372742,49.6655478477478,21.47031545639038,50,2550,1.9607843137254901,11
140726_215821_agentic,"Agentic Evaluation (Yeast, esm_small, r5)",Yeast,5,50,572,34,20-49,1,1,0.0,0.13636363636363635,,0.030303030303030304,0.058823529411764705,0.0659536541889483,0.0,0.03146853146853147,0.32342657342657344,0.09090909090909091,0.058823529411764705,-0.0017825311942959,0.0,0.16958041958041958,0.42832167832167833,0.12121212121212122,0.08823529411764706,0.21568627450980393,0.0,0.17482517482517482,0.3671328671328671,0.2727272727272727,0.11764705882352941,0.0873440285204991,0.0,0.17482517482517482,0.3723776223776224,0.2727272727272727,0.11764705882352941,0.1657754010695187,1,0,24.0,0.7272727272727273,partial_assembly,1.0,9,3,5,14.963162792938292,22.50013650417373,19.31111557121696,5,4,5783,0,69.05413675308228,55.20279884338379,13.713426113128662,33,1122,2.941176470588235,7
140726_215821_agentic,"Agentic Evaluation (Yeast, esm_small, r5)",Yeast,5,51,463,35,20-49,1,1,0.0,0.16630669546436286,,0.058823529411764705,0.05714285714285714,-0.06890756302521009,0.0,0.1900647948164147,0.39740820734341253,0.14705882352941177,0.05714285714285714,0.23697478991596638,0.0,0.02591792656587473,0.19654427645788342,0.17647058823529413,0.08571428571428572,0.15630252100840336,0.0,0.01079913606911447,0.3909287257019438,0.17647058823529413,0.08571428571428572,0.15966386554621848,0.0,0.1900647948164147,0.39740820734341253,0.23529411764705882,0.14285714285714285,0.23697478991596638,0,0,28.0,0.8235294117647058,wrong_start,0.4444444444444444,9,2,5,14.53826988191561,17.880368873024167,14.136481863279501,4,4,5983,0,51.45167589187622,39.92534685134888,11.38541579246521,34,1190,2.857142857142857,7
140726_215821_agentic,"Agentic Evaluation (Yeast, esm_small, r5)",Yeast,5,52,136,10,10-19,1,1,0.0,0.36764705882352944,,0.0,0.1,-0.2,0.0,0.625,0.5,0.2222222222222222,0.2,0.15555555555555556,0.0,0.7720588235294118,0.625,0.3333333333333333,0.3,0.5555555555555556,0.0,0.8235294117647058,0.6691176470588236,0.2222222222222222,0.2,0.6444444444444445,0.0,0.8235294117647058,0.6911764705882353,0.2222222222222222,0.2,0.7333333333333333,1,0,7.0,0.7777777777777778,partial_assembly,1.0,4,2,5,16.95718142505688,17.87339080811607,17.010098552579144,4,4,5865,0,28.345667123794556,25.422226190567017,2.7804012298583984,9,90,10.0,1
140726_215821_agentic,"Agentic Evaluation (Yeast, esm_small, r5)",Yeast,5,53,179,8,5-9,1,1,0.0,0.49162011173184356,,0.14285714285714285,0.25,-0.42857142857142855,0.0,0.776536312849162,0.6759776536312849,0.2857142857142857,0.25,0.14285714285714285,0.0,0.5865921787709497,0.44134078212290506,0.14285714285714285,0.25,0.0,0.0,0.5865921787709497,0.44134078212290506,0.14285714285714285,0.25,0.0,0.0,0.8324022346368715,0.6759776536312849,0.42857142857142855,0.375,0.7142857142857143,1,0,6.0,0.8571428571428571,partial_assembly,0.0,8,4,5,17.150450569377565,17.71146597906363,17.150450569377565,2,4,5848,0,28.237257719039917,25.02902364730835,3.068772792816162,7,56,12.5,1
140726_215821_agentic,"Agentic Evaluation (Yeast, esm_small, r5)",Yeast,5,54,555,52,50+,1,1,0.0,0.11531531531531532,,0.058823529411764705,0.038461538461538464,-0.1297134238310709,0.0,0.06306306306306306,0.16936936936936942,0.21568627450980393,0.057692307692307696,-0.006033182503770739,0.0,0.023423423423423424,0.2936936936936937,0.29411764705882354,0.07692307692307693,-0.3092006033182504,0.0,0.018018018018018018,0.19999999999999996,0.2549019607843137,0.07692307692307693,-0.36199095022624433,0.0,0.06306306306306306,0.26306306306306304,0.3137254901960784,0.09615384615384616,-0.006033182503770739,0,0,38.0,0.7450980392156863,wrong_start,0.6666666666666666,9,5,5,14.611244846354229,16.89944977599867,14.713087076387433,2,4,6128,0,71.10278701782227,61.69669461250305,9.26077651977539,0,2652,0.0,18
140726_215821_agentic,"Agentic Evaluation (Yeast, esm_small, r5)",Yeast,5,55,1571,105,50+,1,1,0.0,0.0,,0.0,0.009523809523809525,0.005860805860805861,0.0,0.02928071292170592,0.2132399745385105,0.125,0.02857142857142857,-0.01098901098901099,0.0,0.0006365372374283895,0.21451304901336732,0.18269230769230768,0.02857142857142857,-0.08351648351648351,0.0,0.0006365372374283895,0.2056015276893698,0.18269230769230768,0.02857142857142857,0.1227106227106227,0.0,0.02928071292170592,0.2132399745385105,0.18269230769230768,0.02857142857142857,0.1227106227106227,0,0,85.0,0.8173076923076923,wrong_start,0.8888888888888888,9,5,5,18.82092439355028,21.6801889987992,20.213017720267484,5,4,5634,0,231.2722475528717,180.69995188713074,50.425265073776245,104,10920,0.9523809523809524,33
140726_215821_agentic,"Agentic Evaluation (Yeast, esm_small, r5)",Yeast,5,56,701,54,50+,1,1,0.0,0.0,,0.018867924528301886,0.037037037037037035,-0.02585604472396925,0.0,0.024251069900142655,0.18972895863052786,0.1320754716981132,0.07407407407407407,-0.08315863032844165,0.0,0.025677603423680456,0.21540656205420827,0.3018867924528302,0.07407407407407407,0.23549965059399022,0.0,0.024251069900142655,0.2524964336661911,0.2641509433962264,0.07407407407407407,0.143256464011181,0.0,0.024251069900142655,0.26818830242510694,0.3018867924528302,0.07407407407407407,0.15583508036338226,1,0,39.0,0.7358490566037735,partial_assembly,0.5,8,4,5,18.275949651847927,25.5190401905515,17.951886531637978,3,4,6267,0,102.72121071815491,76.19562697410583,26.38354182243347,53,2862,1.8518518518518516,17
140726_215821_agentic,"Agentic Evaluation (Yeast, esm_small, r5)",Yeast,5,57,1755,120,50+,1,1,0.0,0.13276353276353275,,0.03361344537815126,0.025,-0.04957983193277311,0.0,0.02962962962962963,0.18803418803418803,0.15966386554621848,0.03333333333333333,-0.08935574229691877,0.0,0.009686609686609686,0.20569800569800567,0.20168067226890757,0.025,0.004481792717086834,0.0,0.018803418803418803,0.18233618233618232,0.23529411764705882,0.08333333333333333,0.05546218487394958,0.0,0.09743589743589744,0.2148148148148148,0.23529411764705882,0.08333333333333333,0.09607843137254903,0,0,91.0,0.7647058823529411,wrong_start,1.0,9,5,5,18.572432136271004,22.80363312517831,19.85276922786449,4,4,5761,0,489.0385801792145,336.8914020061493,151.98228406906128,119,14280,0.8333333333333334,40
140726_215821_agentic,"Agentic Evaluation (Yeast, esm_small, r5)",Yeast,5,58,129,8,5-9,1,1,0.0,0.5736434108527132,,0.0,0.125,0.14285714285714285,0.0,0.4186046511627907,0.2713178294573644,0.14285714285714285,0.25,0.14285714285714285,0.0,0.4728682170542636,0.26356589147286824,0.2857142857142857,0.25,0.6428571428571429,0.0,0.4186046511627907,0.2713178294573644,0.14285714285714285,0.25,0.14285714285714285,0.0,0.7209302325581395,0.4651162790697675,0.42857142857142855,0.375,0.7142857142857143,1,0,6.0,0.8571428571428571,partial_assembly,0.5,8,1,5,16.477815921674793,16.477815921674793,16.19137775299642,3,4,6025,0,28.117056369781494,25.23054575920105,2.7482900619506836,7,56,12.5,1
140726_215821_agentic,"Agentic Evaluation (Yeast, esm_small, r5)",Yeast,5,59,421,31,20-49,1,1,0.0,0.19239904988123516,,0.03333333333333333,0.06451612903225806,0.12688172043010754,0.0,0.2589073634204275,0.42755344418052255,0.26666666666666666,0.16129032258064516,0.3032258064516129,0.0,0.2589073634204275,0.42755344418052255,0.26666666666666666,0.16129032258064516,0.3032258064516129,0.0,0.2042755344418052,0.3444180522565321,0.3333333333333333,0.12903225806451613,0.24301075268817204,0.0,0.2589073634204275,0.4750593824228029,0.36666666666666664,0.16129032258064516,0.3032258064516129,1,0,20.000000000000004,0.6666666666666667,partial_assembly,0.8888888888888888,9,4,5,15.732130472499883,19.72625555930965,19.72625555930965,1,4,6318,0,52.026819467544556,40.4471595287323,11.438620567321777,30,930,3.225806451612903,10
140726_215821_agentic,"Agentic Evaluation (Yeast, esm_small, r5)",Yeast,5,60,625,79,50+,1,1,0.0,0.0096,,0.038461538461538464,0.02531645569620253,0.0691333982473223,0.0,0.0432,0.2288,0.15384615384615385,0.05063291139240506,0.041220382992534894,0.0,0.0368,0.19679999999999997,0.21794871794871795,0.05063291139240506,0.08860759493670886,0.0,0.1008,0.2976,0.2692307692307692,0.06329113924050633,0.16780266147354755,0.0,0.1008,0.2976,0.2692307692307692,0.06329113924050633,0.16780266147354755,0,0,57.00000000000001,0.7307692307692308,wrong_start,0.9,10,3,5,16.240946027950756,17.47868050507757,16.576687184383857,3,4,5756,0,118.63569164276123,77.728191614151,40.76268148422241,0,6162,0.0,31
140726_215821_agentic,"Agentic Evaluation (Yeast, esm_small, r5)",Yeast,5,61,582,25,20-49,1,1,0.0,0.0429553264604811,,0.0,0.04,0.06,0.0,0.0429553264604811,0.2800687285223368,0.125,0.08,-0.18,0.0,0.0429553264604811,0.3539518900343642,0.375,0.16,0.03333333333333333,0.0,0.0429553264604811,0.3539518900343642,0.375,0.16,0.03333333333333333,0.0,0.0429553264604811,0.35910652920962194,0.4583333333333333,0.16,0.15333333333333332,1,1,15.0,0.625,partial_assembly,0.5714285714285714,7,5,5,12.883351230993876,22.723855381441204,12.883351230993876,3,4,5952,0,48.82986378669739,40.27382302284241,8.4156494140625,0,600,0.0,9
140726_215821_agentic,"Agentic Evaluation (Yeast, esm_small, r5)",Yeast,5,62,546,37,20-49,1,1,0.0,0.15567765567765568,,0.0,0.02702702702702703,0.0990990990990991,0.0,0.038461538461538464,0.36080586080586086,0.08333333333333333,0.05405405405405406,0.042042042042042045,0.0,0.038461538461538464,0.2985347985347986,0.16666666666666666,0.05405405405405406,0.17417417417417416,0.0,0.19230769230769232,0.28937728937728935,0.25,0.08108108108108109,0.46846846846846846,0.0,0.19413919413919414,0.5054945054945055,0.25,0.08108108108108109,0.46846846846846846,1,0,27.0,0.75,partial_assembly,0.7777777777777778,9,5,5,14.374508889599214,20.988457105120002,17.148472026048776,4,4,6017,0,63.48082137107849,55.900529623031616,7.441257476806641,36,1332,2.7027027027027026,8
140726_215821_agentic,"Agentic Evaluation (Yeast, esm_small, r5)",Yeast,5,63,585,32,20-49,1,1,0.0,0.0017094017094017094,,0.06451612903225806,0.0625,0.028225806451612902,0.0,0.013675213675213675,0.3350427350427351,0.22580645161290322,0.0625,0.06451612903225806,0.0,0.013675213675213675,0.305982905982906,0.2903225806451613,0.125,0.23790322580645162,0.0,0.013675213675213675,0.24615384615384617,0.25806451612903225,0.09375,0.1774193548387097,0.0,0.013675213675213675,0.3350427350427351,0.25806451612903225,0.09375,0.1975806451612903,1,0,23.0,0.7419354838709677,partial_assembly,0.75,8,2,5,17.878748278962377,24.64715065564514,17.686968843167623,2,4,5967,0,62.03274631500244,47.94923448562622,13.922913074493408,31,992,3.125,9
140726_215821_agentic,"Agentic Evaluation (Yeast, esm_small, r5)",Yeast,5,64,580,32,20-49,1,1,0.0,0.008620689655172414,,0.06451612903225806,0.0625,-0.06451612903225806,0.0,0.02586206896551724,0.23793103448275865,0.12903225806451613,0.0625,-0.13306451612903225,0.0,0.027586206896551724,0.20862068965517244,0.1935483870967742,0.0625,0.13306451612903225,0.0,0.13275862068965516,0.2982758620689655,0.12903225806451613,0.0625,-0.008064516129032258,0.0,0.1413793103448276,0.32931034482758625,0.22580645161290322,0.0625,0.06451612903225806,1,0,27.0,0.8709677419354839,partial_assembly,0.5555555555555556,9,4,5,17.048201697297532,21.408397749407737,14.344745643268027,4,4,5829,0,51.41748094558716,39.08977937698364,12.182152509689331,0,992,0.0,4
140726_215821_agentic,"Agentic Evaluation (Yeast, esm_small, r5)",Yeast,5,65,799,39,20-49,1,1,0.0,0.0,,0.05263157894736842,0.05128205128205128,0.058029689608636977,0.0,0.04130162703379224,0.409261576971214,0.13157894736842105,0.05128205128205128,0.13360323886639677,0.0,0.04005006257822278,0.2690863579474343,0.3157894736842105,0.15384615384615385,0.12010796221322537,0.0,0.04005006257822278,0.2653316645807259,0.21052631578947367,0.10256410256410256,0.06882591093117409,0.0,0.04130162703379224,0.409261576971214,0.23684210526315788,0.10256410256410256,0.1902834008097166,1,0,30.0,0.7894736842105263,partial_assembly,0.6666666666666666,9,5,5,22.756304124940165,26.79003732948593,22.832230831758345,2,4,5625,0,82.3066635131836,61.08326840400696,21.073511362075806,38,1482,2.564102564102564,15
140726_215821_agentic,"Agentic Evaluation (Yeast, esm_small, r5)",Yeast,5,66,1077,84,50+,1,1,0.0,0.06313834726090993,,0.04819277108433735,0.023809523809523808,0.055077452667814115,0.0,0.06406685236768803,0.22376973073351902,0.10843373493975904,0.023809523809523808,-0.05966724039013196,0.0,0.05478180129990715,0.3129062209842154,0.12048192771084337,0.047619047619047616,0.06827309236947791,0.0,0.0510677808727948,0.2924791086350975,0.1686746987951807,0.07142857142857142,0.07286288009179576,0.0,0.06406685236768803,0.3379758588672238,0.1686746987951807,0.07142857142857142,0.07286288009179576,1,0,69.0,0.8313253012048193,partial_assembly,1.0,10,3,5,16.698764947734976,19.334089663893522,18.405005683769524,4,4,5635,0,156.8197455406189,128.45755648612976,28.212749004364014,83,6972,1.1904761904761905,19
140726_215821_agentic,"Agentic Evaluation (Yeast, esm_small, r5)",Yeast,5,67,126,11,10-19,1,1,0.0,0.4444444444444444,,0.1,0.18181818181818182,-0.2727272727272727,0.0,0.626984126984127,0.33333333333333337,0.4,0.2727272727272727,-0.12727272727272726,0.0,0.8888888888888888,0.7777777777777778,0.6,0.2727272727272727,0.41818181818181815,1.0,1.0,1.0,1.0,1.0,1.0,1.0,1.0,1.0,1.0,1.0,1.0,1,0,0.0,0.0,exact,0.8888888888888888,9,3,5,19.4898392325458,25.993309604788987,20.764499067054125,5,4,5920,0,37.449172258377075,34.27796983718872,3.0288655757904053,10,110,9.090909090909092,5
140726_215821_agentic,"Agentic Evaluation (Yeast, esm_small, r5)",Yeast,5,68,309,19,10-19,1,1,0.0,0.12297734627831715,,0.1111111111111111,0.10526315789473684,-0.15789473684210525,0.0,0.11326860841423948,0.18770226537216828,0.2777777777777778,0.15789473684210525,0.017543859649122806,0.0,0.11326860841423948,0.1909385113268608,0.3333333333333333,0.15789473684210525,0.22807017543859648,0.0,0.14563106796116504,0.6472491909385114,0.2777777777777778,0.15789473684210525,0.6374269005847953,0.0,0.21359223300970873,0.6472491909385114,0.3333333333333333,0.15789473684210525,0.6374269005847953,1,0,13.0,0.7222222222222222,partial_assembly,0.7142857142857143,7,5,5,14.986703713680045,21.04875598134277,17.311059188659428,3,4,5794,0,41.494505643844604,36.40814471244812,4.940263748168945,18,342,5.263157894736842,5
140726_215821_agentic,"Agentic Evaluation (Yeast, esm_small, r5)",Yeast,5,69,238,15,10-19,1,1,0.0,0.06722689075630252,,0.07142857142857142,0.13333333333333333,0.14285714285714285,0.0,0.3865546218487395,0.5210084033613445,0.42857142857142855,0.26666666666666666,0.3333333333333333,0.0,0.3865546218487395,0.73109243697479,0.5,0.26666666666666666,0.14285714285714285,0.0,0.3865546218487395,0.4915966386554622,0.42857142857142855,0.2,-0.2,0.0,0.3865546218487395,0.7605042016806722,0.5714285714285714,0.26666666666666666,0.5619047619047619,1,0,8.0,0.5714285714285714,partial_assembly,0.25,4,3,5,15.180586371298253,21.83616487425728,16.09486621628042,2,4,5752,0,35.66516852378845,31.23803186416626,4.28680157661438,0,210,0.0,7
140726_215821_agentic,"Agentic Evaluation (Yeast, esm_small, r5)",Yeast,5,70,144,6,5-9,1,1,0.0,0.6041666666666666,,0.2,0.3333333333333333,-0.2,0.0,0.6388888888888888,0.38888888888888884,0.6,0.5,0.2,0.0,0.6388888888888888,0.38888888888888884,0.6,0.5,0.2,0.0,0.6388888888888888,0.38888888888888884,0.6,0.5,0.2,0.0,0.9583333333333334,0.9166666666666666,0.6,0.5,0.6,1,1,2.0,0.4,local_transposition,1.0,8,1,5,18.871344824689125,18.871344824689125,18.871344824689125,1,4,5605,0,28.44798493385315,25.56422519683838,2.7434005737304688,5,30,16.666666666666664,0
140726_215821_agentic,"Agentic Evaluation (Yeast, esm_small, r5)",Yeast,5,71,587,31,20-49,1,1,0.0,0.0,,0.0,0.03225806451612903,0.053763440860215055,0.0,0.030664395229982964,0.3867120954003407,0.23333333333333334,0.0967741935483871,0.2129032258064516,0.0,0.030664395229982964,0.2350936967632027,0.3,0.12903225806451613,0.3247311827956989,0.0,0.030664395229982964,0.262350936967632,0.36666666666666664,0.12903225806451613,0.34623655913978496,0.0,0.030664395229982964,0.3867120954003407,0.36666666666666664,0.12903225806451613,0.36774193548387096,1,0,19.0,0.6333333333333333,partial_assembly,1.0,9,5,5,13.537129660072614,18.013790968567605,15.085086265910087,5,4,6023,0,46.29270386695862,40.70245361328125,5.442907810211182,30,930,3.225806451612903,12
140726_215821_agentic,"Agentic Evaluation (Yeast, esm_small, r5)",Yeast,5,72,120,5,5-9,1,1,0.0,0.75,,0.0,0.2,0.4,0.0,0.8,0.6,0.5,0.4,0.2,0.0,0.7166666666666667,0.43333333333333335,0.25,0.4,0.8,0.0,0.7166666666666667,0.43333333333333335,0.25,0.4,0.8,0.0,0.8,0.6,0.5,0.4,0.8,1,1,3.0,0.75,partial_assembly,0.0,4,2,5,12.765951904900321,13.172669002387115,12.765951904900321,5,4,5894,0,29.56863760948181,26.87016224861145,2.556119918823242,4,20,20.0,1
140726_215821_agentic,"Agentic Evaluation (Yeast, esm_small, r5)",Yeast,5,73,576,44,20-49,1,1,0.0,0.008680555555555556,,0.0,0.022727272727272728,-0.16279069767441862,0.0,0.13194444444444445,0.27604166666666663,0.20930232558139536,0.09090909090909091,0.26004228329809725,0.0,0.010416666666666666,0.28125,0.32558139534883723,0.09090909090909091,-0.008456659619450317,0.0,0.052083333333333336,0.3055555555555556,0.37209302325581395,0.11363636363636363,0.16279069767441862,0.0,0.13194444444444445,0.3055555555555556,0.37209302325581395,0.11363636363636363,0.26004228329809725,0,0,27.0,0.627906976744186,wrong_start,0.8888888888888888,9,5,5,16.79481651527913,22.97964280600732,18.221983099977386,5,4,5885,0,80.74113082885742,63.91153931617737,16.687079906463623,43,1892,2.272727272727273,17
140726_215821_agentic,"Agentic Evaluation (Yeast, esm_small, r5)",Yeast,5,74,329,16,10-19,1,1,0.0,0.3191489361702128,,0.13333333333333333,0.125,0.11666666666666667,0.0,0.662613981762918,0.452887537993921,0.6666666666666666,0.375,0.7,0.0,0.22188449848024316,0.8054711246200608,0.7333333333333333,0.375,0.7833333333333333,0.0,0.22188449848024316,0.6109422492401215,0.6666666666666666,0.375,0.65,0.0,0.662613981762918,0.6869300911854104,0.6666666666666666,0.375,0.8166666666666667,1,0,5.000000000000001,0.33333333333333337,partial_assembly,0.75,4,3,5,9.91118547526391,13.11382976438194,9.794704418062253,4,4,5864,0,32.177634477615356,27.206470012664795,4.817702770233154,15,240,6.25,6
140726_215821_agentic,"Agentic Evaluation (Yeast, esm_small, r5)",Yeast,5,75,354,30,20-49,1,1,0.0,0.3163841807909605,,0.06896551724137931,0.06666666666666667,-0.0896551724137931,0.0,0.2768361581920904,0.327683615819209,0.3448275862068966,0.13333333333333333,0.034482758620689655,0.0,0.2768361581920904,0.327683615819209,0.3448275862068966,0.13333333333333333,0.034482758620689655,0.0,0.2768361581920904,0.327683615819209,0.3448275862068966,0.13333333333333333,0.034482758620689655,0.0,0.3615819209039548,0.3700564971751412,0.3448275862068966,0.13333333333333333,0.296551724137931,1,1,19.0,0.6551724137931034,partial_assembly,1.0,9,1,5,14.852224110900051,14.852224110900051,14.852224110900051,1,4,5879,0,34.99647521972656,28.253656148910522,6.599477291107178,29,870,3.3333333333333335,11
140726_215821_agentic,"Agentic Evaluation (Yeast, esm_small, r5)",Yeast,5,76,180,14,10-19,1,1,0.0,0.46111111111111114,,0.0,0.07142857142857142,0.054945054945054944,0.0,0.6666666666666666,0.4833333333333333,0.23076923076923078,0.14285714285714285,0.4725274725274725,0.0,0.75,0.6722222222222223,0.23076923076923078,0.21428571428571427,0.2087912087912088,0.0,0.85,0.75,0.38461538461538464,0.21428571428571427,0.25274725274725274,0.0,0.85,0.75,0.38461538461538464,0.21428571428571427,0.4725274725274725,1,0,8.0,0.6153846153846154,partial_assembly,1.0,4,3,5,13.24951288362938,17.465196952110187,13.329183229280018,4,4,5971,0,30.730785369873047,26.889272689819336,3.674950122833252,13,182,7.142857142857142,4
140726_215821_agentic,"Agentic Evaluation (Yeast, esm_small, r5)",Yeast,5,77,199,14,10-19,1,1,0.0,0.3015075376884422,,0.15384615384615385,0.14285714285714285,-0.16483516483516483,0.0,0.6482412060301508,0.3869346733668342,0.23076923076923078,0.21428571428571427,0.16483516483516483,0.0,0.6030150753768844,0.4371859296482412,0.5384615384615384,0.35714285714285715,0.07692307692307693,0.0,0.2964824120603015,0.2864321608040201,0.46153846153846156,0.35714285714285715,-0.12087912087912088,0.0,0.6633165829145728,0.5527638190954773,0.6153846153846154,0.35714285714285715,0.16483516483516483,0,0,7.0,0.5384615384615384,wrong_start,0.7777777777777778,9,2,5,18.114031838570643,20.921284790175836,19.69744597943027,3,4,5871,0,31.698595762252808,28.406449794769287,3.153223991394043,13,182,7.142857142857142,6
140726_215821_agentic,"Agentic Evaluation (Yeast, esm_small, r5)",Yeast,5,78,101,7,5-9,1,1,0.0,0.6336633663366337,,0.16666666666666666,0.2857142857142857,0.047619047619047616,0.0,0.6831683168316832,0.36633663366336633,0.5,0.5714285714285714,0.7142857142857143,0.0,0.9405940594059405,0.8811881188118812,0.5,0.42857142857142855,0.7142857142857143,0.0,0.9405940594059405,0.8811881188118812,0.5,0.42857142857142855,0.7142857142857143,0.0,0.9801980198019802,0.9603960396039604,0.5,0.5714285714285714,0.7142857142857143,1,0,3.0,0.5,partial_assembly,,0,2,5,17.320607910317733,18.54136181417621,17.320607910317733,4,4,6011,0,30.40103244781494,28.021806955337524,2.234175443649292,6,42,14.285714285714285,2
140726_215821_agentic,"Agentic Evaluation (Yeast, esm_small, r5)",Yeast,5,79,370,32,20-49,1,1,0.0,0.0,,0.0,0.03125,-0.12096774193548387,0.0,0.05675675675675676,0.2432432432432432,0.22580645161290322,0.125,0.2056451612903226,0.0,0.05675675675675676,0.41081081081081083,0.25806451612903225,0.125,0.31451612903225806,0.0,0.05675675675675676,0.3675675675675676,0.22580645161290322,0.09375,0.43548387096774194,0.0,0.05945945945945946,0.4135135135135135,0.22580645161290322,0.125,0.4435483870967742,1,0,24.0,0.7741935483870968,partial_assembly,0.5,4,5,5,18.277085740464063,20.187136512857215,18.5046180092916,5,4,5760,0,42.90860319137573,35.486244201660156,7.282222032546997,31,992,3.125,10
140726_215821_agentic,"Agentic Evaluation (Yeast, esm_small, r5)",Yeast,5,80,101,6,5-9,1,1,0.0,0.44554455445544555,,0.0,0.16666666666666666,-0.2,0.0,0.7326732673267327,0.4653465346534653,0.4,0.5,0.06666666666666667,1.0,1.0,1.0,1.0,1.0,1.0,1.0,1.0,1.0,1.0,1.0,1.0,1.0,1.0,1.0,1.0,1.0,1.0,1,0,0.0,0.0,exact,1.0,4,2,5,15.876963356067172,23.022363920465736,15.876963356067172,2,4,6022,0,29.244218826293945,26.760170698165894,2.339323043823242,5,30,16.666666666666664,2
140726_215821_agentic,"Agentic Evaluation (Yeast, esm_small, r5)",Yeast,5,81,289,32,20-49,1,1,0.0,0.3217993079584775,,0.03225806451612903,0.0625,0.11693548387096774,0.0,0.3044982698961938,0.40830449826989623,0.16129032258064516,0.0625,0.10887096774193548,0.0,0.3044982698961938,0.40830449826989623,0.16129032258064516,0.0625,0.10887096774193548,0.0,0.3217993079584775,0.38408304498269896,0.3548387096774194,0.0625,0.33064516129032256,0.0,0.3633217993079585,0.5432525951557093,0.3548387096774194,0.125,0.46774193548387094,1,0,20.0,0.6451612903225806,partial_assembly,0.7142857142857143,7,3,5,16.08224079461458,22.88120572135672,22.88120572135672,1,4,6215,0,48.10194420814514,43.62499380111694,4.33028244972229,31,992,3.125,10
140726_215821_agentic,"Agentic Evaluation (Yeast, esm_small, r5)",Yeast,5,82,694,45,20-49,1,1,0.0,0.002881844380403458,,0.022727272727272728,0.044444444444444446,0.10505050505050505,0.0,0.025936599423631124,0.2838616714697406,0.09090909090909091,0.044444444444444446,0.14343434343434344,0.0,0.025936599423631124,0.24783861671469742,0.1590909090909091,0.06666666666666667,0.03636363636363636,0.0,0.025936599423631124,0.22910662824207495,0.1590909090909091,0.06666666666666667,0.04242424242424243,0.0,0.025936599423631124,0.3804034582132565,0.1590909090909091,0.06666666666666667,0.1494949494949495,1,0,37.0,0.8409090909090909,partial_assembly,1.0,8,4,5,17.55251087958132,21.996468742128446,17.473789433870472,4,4,5747,0,72.49280524253845,57.234896659851074,15.11067795753479,44,1980,2.2222222222222223,12
140726_215821_agentic,"Agentic Evaluation (Yeast, esm_small, r5)",Yeast,5,83,175,16,10-19,1,1,0.0,0.48,,0.06666666666666667,0.125,0.016666666666666666,0.0,0.5371428571428571,0.2857142857142857,0.26666666666666666,0.1875,0.23333333333333334,0.0,0.5371428571428571,0.2857142857142857,0.26666666666666666,0.1875,0.23333333333333334,0.0,0.5371428571428571,0.2857142857142857,0.26666666666666666,0.1875,0.23333333333333334,0.0,0.5828571428571429,0.3371428571428572,0.3333333333333333,0.1875,0.5166666666666667,1,0,11.0,0.7333333333333333,partial_assembly,0.7777777777777778,9,1,5,13.573822379869654,13.573822379869654,13.573822379869654,1,4,6178,0,32.706441164016724,29.295634984970093,3.2675952911376953,0,240,0.0,4
140726_215821_agentic,"Agentic Evaluation (Yeast, esm_small, r5)",Yeast,5,84,1755,105,50+,1,1,0.0,0.07008547008547009,,0.0,0.009523809523809525,0.054945054945054944,0.0,0.12478632478632479,0.18974358974358974,0.11538461538461539,0.02857142857142857,-0.17875457875457876,0.0,0.0547008547008547,0.23817663817663814,0.19230769230769232,0.0380952380952381,0.1271062271062271,0.0,0.045584045584045586,0.24843304843304848,0.21153846153846154,0.0380952380952381,0.1663003663003663,0.0,0.12478632478632479,0.2621082621082621,0.21153846153846154,0.0380952380952381,0.19853479853479852,1,0,82.0,0.7884615384615384,partial_assembly,1.0,10,5,5,16.601353538541215,21.993757450993872,17.574439154503978,3,4,5739,0,380.8201823234558,289.6593973636627,90.99073600769043,104,10920,0.9523809523809524,29
140726_215821_agentic,"Agentic Evaluation (Yeast, esm_small, r5)",Yeast,5,85,62,2,2-4,1,1,1.0,1.0,,1.0,1.0,1.0,1.0,1.0,1.0,1.0,1.0,1.0,1.0,1.0,1.0,1.0,1.0,1.0,1.0,1.0,1.0,1.0,1.0,1.0,1.0,1.0,1.0,1.0,1.0,1.0,1,1,0.0,0.0,exact,,0,1,5,18.918927899936282,18.918927899936282,18.918927899936282,1,4,5856,0,29.801923274993896,27.24481701850891,2.416379451751709,1,2,50.0,0
140726_215821_agentic,"Agentic Evaluation (Yeast, esm_small, r5)",Yeast,5,86,177,6,5-9,1,1,0.0,0.655367231638418,,0.2,0.3333333333333333,-0.06666666666666667,0.0,0.8022598870056498,0.7175141242937852,0.4,0.5,0.6,0.0,0.8248587570621468,0.6497175141242938,0.4,0.5,0.6,0.0,0.8248587570621468,0.6497175141242938,0.4,0.5,0.6,1.0,1.0,1.0,1.0,1.0,1.0,1,0,3.0,0.6,partial_assembly,0.3333333333333333,6,3,5,13.549856172496643,18.751755675006752,13.549856172496643,3,4,5765,0,31.424022436141968,28.508910417556763,2.7689285278320312,5,30,16.666666666666664,0
140726_215821_agentic,"Agentic Evaluation (Yeast, esm_small, r5)",Yeast,5,87,1125,84,50+,1,1,0.0,0.0,,0.0,0.011904761904761904,0.1342512908777969,0.0,0.0017777777777777779,0.18577777777777782,0.1686746987951807,0.047619047619047616,0.05393000573723465,0.0,0.0008888888888888889,0.18133333333333335,0.10843373493975904,0.03571428571428571,0.05220883534136546,0.0,0.0017777777777777779,0.27288888888888885,0.21686746987951808,0.05952380952380952,0.17096959265633965,0.0,0.0017777777777777779,0.27288888888888885,0.21686746987951808,0.05952380952380952,0.17096959265633965,1,0,65.0,0.7831325301204819,partial_assembly,0.8888888888888888,9,4,5,18.490806119974025,20.97268616262332,20.684039863177112,2,4,5903,0,254.9453752040863,173.96029663085938,80.82994365692139,83,6972,1.1904761904761905,25
140726_215821_agentic,"Agentic Evaluation (Yeast, esm_small, r5)",Yeast,5,88,177,18,10-19,1,1,0.0,0.6497175141242938,,0.058823529411764705,0.1111111111111111,0.0196078431372549,0.0,0.384180790960452,0.17514124293785316,0.17647058823529413,0.16666666666666666,0.0718954248366013,0.0,0.6666666666666666,0.3954802259887006,0.47058823529411764,0.16666666666666666,0.5686274509803921,0.0,0.6666666666666666,0.3954802259887006,0.47058823529411764,0.16666666666666666,0.5686274509803921,0.0,0.7062146892655368,0.48587570621468923,0.47058823529411764,0.16666666666666666,0.5686274509803921,1,0,9.0,0.5294117647058824,partial_assembly,1.0,8,3,5,16.35296359418993,23.701038990487994,16.35296359418993,2,4,5894,0,32.543015003204346,27.701078414916992,4.700204372406006,17,306,5.555555555555555,8
140726_215821_agentic,"Agentic Evaluation (Yeast, esm_small, r5)",Yeast,5,89,704,45,20-49,1,1,0.0,0.0,,0.045454545454545456,0.06666666666666667,-0.044444444444444446,0.0,0.002840909090909091,0.34801136363636365,0.09090909090909091,0.08888888888888889,0.09898989898989899,0.0,0.002840909090909091,0.23579545454545459,0.2727272727272727,0.1111111111111111,0.1797979797979798,0.0,0.002840909090909091,0.27556818181818177,0.2727272727272727,0.1111111111111111,0.16363636363636364,0.0,0.002840909090909091,0.34801136363636365,0.29545454545454547,0.1111111111111111,0.16363636363636364,1,0,32.0,0.7272727272727273,partial_assembly,0.5,8,3,5,15.592287687811478,20.973504250851686,15.54977791267209,2,4,6076,0,85.11830687522888,68.69490504264832,16.278245449066162,44,1980,2.2222222222222223,14
140726_215821_agentic,"Agentic Evaluation (Yeast, esm_small, r5)",Yeast,5,90,746,44,20-49,1,1,0.0,0.0,,0.023255813953488372,0.045454545454545456,-0.048625792811839326,0.0,0.030831099195710455,0.18096514745308312,0.23255813953488372,0.11363636363636363,0.20930232558139536,0.0,0.030831099195710455,0.25469168900804284,0.20930232558139536,0.09090909090909091,-0.11416490486257928,0.0,0.0013404825737265416,0.42225201072386054,0.2558139534883721,0.11363636363636363,0.014799154334038054,0.0,0.13941018766756033,0.49463806970509383,0.2558139534883721,0.11363636363636363,0.20930232558139536,0,0,32.0,0.7441860465116279,wrong_start,0.8333333333333334,6,5,5,17.042378954435968,20.90120721987818,17.908872883578614,4,4,5883,0,101.81644940376282,78.23485827445984,23.434377431869507,43,1892,2.272727272727273,16
140726_215821_agentic,"Agentic Evaluation (Yeast, esm_small, r5)",Yeast,5,91,137,10,10-19,1,1,0.0,0.6715328467153284,,0.0,0.1,-0.15555555555555556,0.0,0.8394160583941606,0.8029197080291971,0.5555555555555556,0.5,0.2,0.0,0.48905109489051096,0.24817518248175185,0.3333333333333333,0.2,0.2,0.0,0.8905109489051095,0.8029197080291971,0.6666666666666666,0.6,0.9111111111111111,0.0,0.8905109489051095,0.8029197080291971,0.6666666666666666,0.6,0.9111111111111111,1,0,3.0000000000000004,0.33333333333333337,partial_assembly,0.75,8,2,5,17.38242451891907,18.605243997997384,16.926205875577356,3,4,5750,0,26.693045616149902,23.65074062347412,2.9017977714538574,9,90,10.0,3
140726_215821_agentic,"Agentic Evaluation (Yeast, esm_small, r5)",Yeast,5,92,634,52,50+,1,1,0.0,0.04100946372239748,,0.0196078431372549,0.038461538461538464,0.02564102564102564,0.0,0.028391167192429023,0.20977917981072558,0.13725490196078433,0.057692307692307696,0.06033182503770739,0.0,0.0946372239747634,0.24763406940063093,0.3333333333333333,0.057692307692307696,0.18250377073906485,0.0,0.01892744479495268,0.35646687697160884,0.35294117647058826,0.07692307692307693,0.13574660633484162,0.0,0.04258675078864353,0.3580441640378549,0.35294117647058826,0.07692307692307693,0.15535444947209653,1,0,32.99999999999999,0.6470588235294116,partial_assembly,0.8888888888888888,9,2,5,15.827324682347214,23.743400361346062,15.655016788174098,5,4,5971,0,73.48768901824951,50.387868881225586,22.94970965385437,51,2652,1.9230769230769231,15
140726_215821_agentic,"Agentic Evaluation (Yeast, esm_small, r5)",Yeast,5,93,102,10,10-19,1,1,0.0,0.8627450980392157,,0.2222222222222222,0.2,0.4222222222222222,0.0,0.6176470588235294,0.4509803921568627,0.2222222222222222,0.2,0.4666666666666667,0.0,0.6666666666666666,0.36274509803921573,0.4444444444444444,0.3,0.4222222222222222,0.0,0.7352941176470589,0.47058823529411764,0.5555555555555556,0.3,0.3333333333333333,0.0,0.7352941176470589,0.47058823529411764,0.5555555555555556,0.3,0.4666666666666667,1,1,4.0,0.4444444444444444,partial_assembly,1.0,4,2,5,18.615711110294097,22.097572531574258,18.767128329408948,3,4,5969,0,30.772123098373413,27.721469402313232,2.9068589210510254,9,90,10.0,5
140726_215821_agentic,"Agentic Evaluation (Yeast, esm_small, r5)",Yeast,5,94,349,30,20-49,1,1,0.0,0.0,,0.0,0.03333333333333333,0.1310344827586207,0.0,0.09742120343839542,0.28939828080229224,0.1724137931034483,0.1,0.02528735632183908,0.0,0.11461318051575932,0.3753581661891118,0.4482758620689655,0.13333333333333333,0.2,0.0,0.11461318051575932,0.35243553008595985,0.41379310344827586,0.13333333333333333,0.135632183908046,0.0,0.11461318051575932,0.35243553008595985,0.4482758620689655,0.13333333333333333,0.135632183908046,1,0,17.0,0.5862068965517241,partial_assembly,0.8888888888888888,9,3,5,14.869669603685168,22.51007446200895,14.627537756123017,2,4,5867,0,47.396018743515015,37.34203791618347,9.892545223236084,29,870,3.3333333333333335,10
140726_215821_agentic,"Agentic Evaluation (Yeast, esm_small, r5)",Yeast,5,95,428,33,20-49,1,1,0.0,0.11448598130841121,,0.03125,0.06060606060606061,-0.14393939393939395,0.0,0.011682242990654205,0.2546728971962616,0.15625,0.06060606060606061,0.08333333333333333,0.0,0.009345794392523364,0.3341121495327103,0.21875,0.06060606060606061,0.056818181818181816,0.0,0.011682242990654205,0.235981308411215,0.1875,0.06060606060606061,0.07196969696969698,0.0,0.09813084112149532,0.3598130841121495,0.21875,0.06060606060606061,0.0946969696969697,0,1,26.0,0.8125,wrong_start,0.7777777777777778,9,2,5,15.685314397963655,17.724387693091188,14.542209601659675,4,4,5952,0,43.13867425918579,32.39129829406738,10.60219669342041,0,1056,0.0,6
140726_215821_agentic,"Agentic Evaluation (Yeast, esm_small, r5)",Yeast,5,96,440,21,20-49,1,1,0.0,0.05,,0.05,0.09523809523809523,0.2761904761904762,0.0,0.47045454545454546,0.4636363636363636,0.55,0.19047619047619047,0.14285714285714285,0.0,0.5409090909090909,0.44318181818181823,0.55,0.19047619047619047,0.6761904761904762,0.0,0.4431818181818182,0.3113636363636364,0.7,0.3333333333333333,0.6190476190476191,0.0,0.5409090909090909,0.5954545454545455,0.7,0.3333333333333333,0.6952380952380952,1,0,6.000000000000001,0.30000000000000004,partial_assembly,1.0,7,2,5,14.569723761013757,15.919982043099257,14.92892946297367,3,4,6219,0,46.71331596374512,37.96731877326965,8.59752869606018,20,420,4.761904761904762,10
140726_215821_agentic,"Agentic Evaluation (Yeast, esm_small, r5)",Yeast,5,97,1046,68,50+,1,1,0.0,0.09369024856596558,,0.029850746268656716,0.029411764705882353,0.10272168568920105,0.0,0.0497131931166348,0.2533460803059273,0.16417910447761194,0.04411764705882353,0.10008779631255488,0.0,0.08508604206500955,0.2533460803059273,0.29850746268656714,0.08823529411764706,-0.0456540825285338,0.0,0.08508604206500955,0.2705544933078394,0.29850746268656714,0.08823529411764706,-0.00877963125548727,0.0,0.12237093690248566,0.33938814531548755,0.29850746268656714,0.08823529411764706,0.10008779631255488,0,0,47.0,0.7014925373134329,wrong_start,1.0,9,4,5,15.38976372684441,18.93942815630453,16.325437493032272,3,4,5862,0,138.32242250442505,107.20715546607971,30.966466426849365,67,4556,1.4705882352941175,26
140726_215821_agentic,"Agentic Evaluation (Yeast, esm_small, r5)",Yeast,5,98,148,18,10-19,1,1,0.0,0.5135135135135135,,0.058823529411764705,0.1111111111111111,-0.0718954248366013,0.0,0.8243243243243243,0.6486486486486487,0.4117647058823529,0.2222222222222222,0.3202614379084967,0.0,0.6486486486486487,0.6756756756756757,0.35294117647058826,0.16666666666666666,0.032679738562091505,0.0,0.6486486486486487,0.6756756756756757,0.35294117647058826,0.16666666666666666,0.032679738562091505,0.0,0.8243243243243243,0.6756756756756757,0.4117647058823529,0.2222222222222222,0.3202614379084967,1,0,10.999999999999998,0.6470588235294117,partial_assembly,0.0,4,3,5,13.011132224309273,15.097590366869616,13.011132224309273,4,4,5904,0,30.855140209197998,27.56219720840454,3.1455979347229004,17,306,5.555555555555555,6
140726_215821_agentic,"Agentic Evaluation (Yeast, esm_small, r5)",Yeast,5,99,1337,86,50+,1,1,0.0,0.037397157816005985,,0.023529411764705882,0.023255813953488372,0.11627906976744186,0.0,0.013462976813762155,0.23784592370979807,0.16470588235294117,0.023255813953488372,-0.07359781121751026,0.0,0.014210919970082274,0.26178010471204194,0.21176470588235294,0.046511627906976744,0.1677154582763338,0.0,0.013462976813762155,0.26626776364996263,0.2235294117647059,0.046511627906976744,0.14309165526675788,0.0,0.014210919970082274,0.2685115931189229,0.27058823529411763,0.046511627906976744,0.19616963064295487,1,0,66.0,0.7764705882352941,partial_assembly,0.5714285714285714,7,2,5,18.893477409211858,23.02427489377203,18.96597542621324,5,4,6043,0,165.65950059890747,110.32263922691345,55.18023896217346,85,7310,1.1627906976744187,29
140726_215821_agentic,"Agentic Evaluation (Yeast, esm_small, r5)",Yeast,5,100,552,33,20-49,1,1,0.0,0.0,,0.0625,0.09090909090909091,0.10606060606060606,0.0,0.036231884057971016,0.2807971014492754,0.09375,0.06060606060606061,0.01893939393939394,0.0,0.036231884057971016,0.3496376811594203,0.28125,0.09090909090909091,0.16287878787878787,0.0,0.036231884057971016,0.24818840579710144,0.25,0.09090909090909091,0.1856060606060606,0.0,0.036231884057971016,0.29528985507246375,0.3125,0.12121212121212122,0.19696969696969696,1,0,24.0,0.75,partial_assembly,0.6666666666666666,9,4,5,18.519707005263545,23.456931631962384,19.044787483432277,2,4,5832,0,66.50006008148193,52.3925724029541,13.960209369659424,0,1056,0.0,14
